game_id,season,week,gameday,weekday,home_team,away_team,home_score,away_score,roof,surface,temp
2022_01_BUF_LA,2022,1,2022-09-08,Thursday,LA,BUF,10,31,dome,matrixturf,
2022_01_NO_ATL,2022,1,2022-09-11,Sunday,ATL,NO,26,27,closed,fieldturf,
2022_01_CLE_CAR,2022,1,2022-09-11,Sunday,CAR,CLE,24,26,outdoors,grass,
2022_01_SF_CHI,2022,1,2022-09-11,Sunday,CHI,SF,19,10,outdoors,grass,
2022_01_PIT_CIN,2022,1,2022-09-11,Sunday,CIN,PIT,20,23,outdoors,fieldturf,
2022_01_PHI_DET,2022,1,2022-09-11,Sunday,DET,PHI,35,38,dome,fieldturf,
2022_01_IND_HOU,2022,1,2022-09-11,Sunday,HOU,IND,20,20,closed,astroturf,
2022_01_NE_MIA,2022,1,2022-09-11,Sunday,MIA,NE,20,7,outdoors,grass,
2022_01_BAL_NYJ,2022,1,2022-09-11,Sunday,NYJ,BAL,9,24,outdoors,fieldturf,
2022_01_JAX_WAS,2022,1,2022-09-11,Sunday,WAS,JAX,28,22,outdoors,grass,
2022_01_KC_ARI,2022,1,2022-09-11,Sunday,ARI,KC,21,44,closed,grass,
2022_01_LV_LAC,2022,1,2022-09-11,Sunday,LAC,LV,24,19,dome,matrixturf,
2022_01_GB_MIN,2022,1,2022-09-11,Sunday,MIN,GB,23,7,dome,sportturf,
2022_01_NYG_TEN,2022,1,2022-09-11,Sunday,TEN,NYG,20,21,outdoors,grass,
2022_01_TB_DAL,2022,1,2022-09-11,Sunday,DAL,TB,3,19,closed,matrixturf,
2022_01_DEN_SEA,2022,1,2022-09-12,Monday,SEA,DEN,17,16,outdoors,fieldturf,
2022_02_LAC_KC,2022,2,2022-09-15,Thursday,KC,LAC,27,24,outdoors,grass,
2022_02_MIA_BAL,2022,2,2022-09-18,Sunday,BAL,MIA,38,42,outdoors,grass,
2022_02_NYJ_CLE,2022,2,2022-09-18,Sunday,CLE,NYJ,30,31,outdoors,grass,
2022_02_WAS_DET,2022,2,2022-09-18,Sunday,DET,WAS,36,27,dome,fieldturf,
2022_02_IND_JAX,2022,2,2022-09-18,Sunday,JAX,IND,24,0,outdoors,grass,
2022_02_TB_NO,2022,2,2022-09-18,Sunday,NO,TB,10,20,dome,sportturf,
2022_02_CAR_NYG,2022,2,2022-09-18,Sunday,NYG,CAR,19,16,outdoors,fieldturf,
2022_02_NE_PIT,2022,2,2022-09-18,Sunday,PIT,NE,14,17,outdoors,grass,
2022_02_ATL_LA,2022,2,2022-09-18,Sunday,LA,ATL,31,27,dome,matrixturf,
2022_02_SEA_SF,2022,2,2022-09-18,Sunday,SF,SEA,27,7,outdoors,grass,
2022_02_CIN_DAL,2022,2,2022-09-18,Sunday,DAL,CIN,20,17,closed,matrixturf,
2022_02_HOU_DEN,2022,2,2022-09-18,Sunday,DEN,HOU,16,9,outdoors,grass,
2022_02_ARI_LV,2022,2,2022-09-18,Sunday,LV,ARI,23,29,dome,grass,
2022_02_CHI_GB,2022,2,2022-09-18,Sunday,GB,CHI,27,10,outdoors,grass,
2022_02_TEN_BUF,2022,2,2022-09-19,Monday,BUF,TEN,41,7,outdoors,a_turf,
2022_02_MIN_PHI,2022,2,2022-09-19,Monday,PHI,MIN,24,7,outdoors,grass,
2022_03_PIT_CLE,2022,3,2022-09-22,Thursday,CLE,PIT,29,17,outdoors,grass,
2022_03_NO_CAR,2022,3,2022-09-25,Sunday,CAR,NO,22,14,outdoors,grass,
2022_03_HOU_CHI,2022,3,2022-09-25,Sunday,CHI,HOU,23,20,outdoors,grass,
2022_03_KC_IND,2022,3,2022-09-25,Sunday,IND,KC,20,17,open,fieldturf,
2022_03_BUF_MIA,2022,3,2022-09-25,Sunday,MIA,BUF,21,19,outdoors,grass,
2022_03_DET_MIN,2022,3,2022-09-25,Sunday,MIN,DET,28,24,dome,sportturf,
2022_03_BAL_NE,2022,3,2022-09-25,Sunday,NE,BAL,26,37,outdoors,fieldturf,
2022_03_CIN_NYJ,2022,3,2022-09-25,Sunday,NYJ,CIN,12,27,outdoors,fieldturf,
2022_03_LV_TEN,2022,3,2022-09-25,Sunday,TEN,LV,24,22,outdoors,grass,
2022_03_PHI_WAS,2022,3,2022-09-25,Sunday,WAS,PHI,8,24,outdoors,grass,
2022_03_JAX_LAC,2022,3,2022-09-25,Sunday,LAC,JAX,10,38,dome,matrixturf,
2022_03_LA_ARI,2022,3,2022-09-25,Sunday,ARI,LA,12,20,closed,grass,
2022_03_ATL_SEA,2022,3,2022-09-25,Sunday,SEA,ATL,23,27,outdoors,fieldturf,
2022_03_GB_TB,2022,3,2022-09-25,Sunday,TB,GB,12,14,outdoors,grass,
2022_03_SF_DEN,2022,3,2022-09-25,Sunday,DEN,SF,11,10,outdoors,grass,
2022_03_DAL_NYG,2022,3,2022-09-26,Monday,NYG,DAL,16,23,outdoors,fieldturf,
2022_04_MIA_CIN,2022,4,2022-09-29,Thursday,CIN,MIA,27,15,outdoors,fieldturf,
2022_04_MIN_NO,2022,4,2022-10-02,Sunday,NO,MIN,25,28,outdoors,unknown,
2022_04_CLE_ATL,2022,4,2022-10-02,Sunday,ATL,CLE,23,20,open,fieldturf,
2022_04_BUF_BAL,2022,4,2022-10-02,Sunday,BAL,BUF,20,23,outdoors,grass,
2022_04_WAS_DAL,2022,4,2022-10-02,Sunday,DAL,WAS,25,10,closed,matrixturf,
2022_04_SEA_DET,2022,4,2022-10-02,Sunday,DET,SEA,45,48,dome,fieldturf,
2022_04_LAC_HOU,2022,4,2022-10-02,Sunday,HOU,LAC,24,34,closed,astroturf,
2022_04_TEN_IND,2022,4,2022-10-02,Sunday,IND,TEN,17,24,open,fieldturf,
2022_04_CHI_NYG,2022,4,2022-10-02,Sunday,NYG,CHI,20,12,outdoors,fieldturf,
2022_04_JAX_PHI,2022,4,2022-10-02,Sunday,PHI,JAX,29,21,outdoors,grass,
2022_04_NYJ_PIT,2022,4,2022-10-02,Sunday,PIT,NYJ,20,24,outdoors,grass,
2022_04_ARI_CAR,2022,4,2022-10-02,Sunday,CAR,ARI,16,26,outdoors,grass,
2022_04_NE_GB,2022,4,2022-10-02,Sunday,GB,NE,27,24,outdoors,grass,
2022_04_DEN_LV,2022,4,2022-10-02,Sunday,LV,DEN,32,23,dome,grass,
2022_04_KC_TB,2022,4,2022-10-02,Sunday,TB,KC,31,41,outdoors,grass,
2022_04_LA_SF,2022,4,2022-10-03,Monday,SF,LA,24,9,outdoors,grass,
2022_05_IND_DEN,2022,5,2022-10-06,Thursday,DEN,IND,9,12,outdoors,grass,
2022_05_NYG_GB,2022,5,2022-10-09,Sunday,GB,NYG,22,27,outdoors,unknown,
2022_05_PIT_BUF,2022,5,2022-10-09,Sunday,BUF,PIT,38,3,outdoors,a_turf,
2022_05_LAC_CLE,2022,5,2022-10-09,Sunday,CLE,LAC,28,30,outdoors,grass,
2022_05_HOU_JAX,2022,5,2022-10-09,Sunday,JAX,HOU,6,13,outdoors,grass,
2022_05_CHI_MIN,2022,5,2022-10-09,Sunday,MIN,CHI,29,22,dome,sportturf,
2022_05_DET_NE,2022,5,2022-10-09,Sunday,NE,DET,29,0,outdoors,fieldturf,
2022_05_SEA_NO,2022,5,2022-10-09,Sunday,NO,SEA,39,32,dome,sportturf,
2022_05_MIA_NYJ,2022,5,2022-10-09,Sunday,NYJ,MIA,40,17,outdoors,fieldturf,
2022_05_ATL_TB,2022,5,2022-10-09,Sunday,TB,ATL,21,15,outdoors,grass,
2022_05_TEN_WAS,2022,5,2022-10-09,Sunday,WAS,TEN,17,21,outdoors,grass,
2022_05_SF_CAR,2022,5,2022-10-09,Sunday,CAR,SF,15,37,outdoors,grass,
2022_05_PHI_ARI,2022,5,2022-10-09,Sunday,ARI,PHI,17,20,closed,grass,
2022_05_DAL_LA,2022,5,2022-10-09,Sunday,LA,DAL,10,22,dome,matrixturf,
2022_05_CIN_BAL,2022,5,2022-10-09,Sunday,BAL,CIN,19,17,outdoors,grass,
2022_05_LV_KC,2022,5,2022-10-10,Monday,KC,LV,30,29,outdoors,grass,
2022_06_WAS_CHI,2022,6,2022-10-13,Thursday,CHI,WAS,7,12,outdoors,grass,
2022_06_SF_ATL,2022,6,2022-10-16,Sunday,ATL,SF,28,14,open,fieldturf,
2022_06_NE_CLE,2022,6,2022-10-16,Sunday,CLE,NE,15,38,outdoors,grass,
2022_06_NYJ_GB,2022,6,2022-10-16,Sunday,GB,NYJ,10,27,outdoors,grass,
2022_06_JAX_IND,2022,6,2022-10-16,Sunday,IND,JAX,34,27,open,fieldturf,
2022_06_MIN_MIA,2022,6,2022-10-16,Sunday,MIA,MIN,16,24,outdoors,grass,
2022_06_CIN_NO,2022,6,2022-10-16,Sunday,NO,CIN,26,30,dome,sportturf,
2022_06_BAL_NYG,2022,6,2022-10-16,Sunday,NYG,BAL,24,20,outdoors,fieldturf,
2022_06_TB_PIT,2022,6,2022-10-16,Sunday,PIT,TB,20,18,outdoors,grass,
2022_06_CAR_LA,2022,6,2022-10-16,Sunday,LA,CAR,24,10,dome,matrixturf,
2022_06_ARI_SEA,2022,6,2022-10-16,Sunday,SEA,ARI,19,9,outdoors,fieldturf,
2022_06_BUF_KC,2022,6,2022-10-16,Sunday,KC,BUF,20,24,outdoors,grass,
2022_06_DAL_PHI,2022,6,2022-10-16,Sunday,PHI,DAL,26,17,outdoors,grass,
2022_06_DEN_LAC,2022,6,2022-10-17,Monday,LAC,DEN,19,16,dome,matrixturf,
2022_07_NO_ARI,2022,7,2022-10-20,Thursday,ARI,NO,42,34,open,grass,
2022_07_CLE_BAL,2022,7,2022-10-23,Sunday,BAL,CLE,23,20,outdoors,grass,
2022_07_TB_CAR,2022,7,2022-10-23,Sunday,CAR,TB,21,3,outdoors,grass,
2022_07_ATL_CIN,2022,7,2022-10-23,Sunday,CIN,ATL,35,17,outdoors,fieldturf,
2022_07_DET_DAL,2022,7,2022-10-23,Sunday,DAL,DET,24,6,closed,matrixturf,
2022_07_NYG_JAX,2022,7,2022-10-23,Sunday,JAX,NYG,17,23,outdoors,grass,
2022_07_IND_TEN,2022,7,2022-10-23,Sunday,TEN,IND,19,10,outdoors,grass,
2022_07_GB_WAS,2022,7,2022-10-23,Sunday,WAS,GB,23,21,outdoors,grass,
2022_07_NYJ_DEN,2022,7,2022-10-23,Sunday,DEN,NYJ,9,16,outdoors,grass,
2022_07_HOU_LV,2022,7,2022-10-23,Sunday,LV,HOU,38,20,dome,grass,
2022_07_SEA_LAC,2022,7,2022-10-23,Sunday,LAC,SEA,23,37,dome,matrixturf,
2022_07_KC_SF,2022,7,2022-10-23,Sunday,SF,KC,23,44,outdoors,unknown,
2022_07_PIT_MIA,2022,7,2022-10-23,Sunday,MIA,PIT,16,10,outdoors,grass,
2022_07_CHI_NE,2022,7,2022-10-24,Monday,NE,CHI,14,33,outdoors,fieldturf,
2022_08_BAL_TB,2022,8,2022-10-27,Thursday,TB,BAL,22,27,outdoors,grass,
2022_08_DEN_JAX,2022,8,2022-10-30,Sunday,JAX,DEN,17,21,outdoors,unknown,
2022_08_CAR_ATL,2022,8,2022-10-30,Sunday,ATL,CAR,37,34,closed,fieldturf,
2022_08_CHI_DAL,2022,8,2022-10-30,Sunday,DAL,CHI,49,29,open,matrixturf,
2022_08_MIA_DET,2022,8,2022-10-30,Sunday,DET,MIA,27,31,dome,fieldturf,
2022_08_ARI_MIN,2022,8,2022-10-30,Sunday,MIN,ARI,34,26,dome,sportturf,
2022_08_LV_NO,2022,8,2022-10-30,Sunday,NO,LV,24,0,dome,sportturf,
2022_08_NE_NYJ,2022,8,2022-10-30,Sunday,NYJ,NE,17,22,outdoors,fieldturf,
2022_08_PIT_PHI,2022,8,2022-10-30,Sunday,PHI,PIT,35,13,outdoors,grass,
2022_08_TEN_HOU,2022,8,2022-10-30,Sunday,HOU,TEN,10,17,closed,astroturf,
2022_08_WAS_IND,2022,8,2022-10-30,Sunday,IND,WAS,16,17,closed,fieldturf,
2022_08_SF_LA,2022,8,2022-10-30,Sunday,LA,SF,14,31,dome,matrixturf,
2022_08_NYG_SEA,2022,8,2022-10-30,Sunday,SEA,NYG,27,13,outdoors,fieldturf,
2022_08_GB_BUF,2022,8,2022-10-30,Sunday,BUF,GB,27,17,outdoors,a_turf,
2022_08_CIN_CLE,2022,8,2022-10-31,Monday,CLE,CIN,32,13,outdoors,grass,66
2022_09_PHI_HOU,2022,9,2022-11-03,Thursday,HOU,PHI,17,29,closed,astroturf,
2022_09_LAC_ATL,2022,9,2022-11-06,Sunday,ATL,LAC,17,20,open,fieldturf,
2022_09_MIA_CHI,2022,9,2022-11-06,Sunday,CHI,MIA,32,35,outdoors,grass,58
2022_09_CAR_CIN,2022,9,2022-11-06,Sunday,CIN,CAR,42,21,outdoors,fieldturf,68
2022_09_GB_DET,2022,9,2022-11-06,Sunday,DET,GB,15,9,dome,fieldturf,
2022_09_LV_JAX,2022,9,2022-11-06,Sunday,JAX,LV,27,20,outdoors,grass,81
2022_09_IND_NE,2022,9,2022-11-06,Sunday,NE,IND,26,3,outdoors,fieldturf,78
2022_09_BUF_NYJ,2022,9,2022-11-06,Sunday,NYJ,BUF,20,17,outdoors,fieldturf,69
2022_09_MIN_WAS,2022,9,2022-11-06,Sunday,WAS,MIN,17,20,outdoors,grass,71
2022_09_SEA_ARI,2022,9,2022-11-06,Sunday,ARI,SEA,21,31,open,grass,
2022_09_LA_TB,2022,9,2022-11-06,Sunday,TB,LA,16,13,outdoors,grass,88
2022_09_TEN_KC,2022,9,2022-11-06,Sunday,KC,TEN,20,17,outdoors,grass,54
2022_09_BAL_NO,2022,9,2022-11-07,Monday,NO,BAL,13,27,dome,sportturf,
2022_10_ATL_CAR,2022,10,2022-11-10,Thursday,CAR,ATL,25,15,outdoors,grass,61
2022_10_SEA_TB,2022,10,2022-11-13,Sunday,TB,SEA,21,16,outdoors,unknown,
2022_10_MIN_BUF,2022,10,2022-11-13,Sunday,BUF,MIN,30,33,outdoors,a_turf,38
2022_10_DET_CHI,2022,10,2022-11-13,Sunday,CHI,DET,30,31,outdoors,grass,34
2022_10_JAX_KC,2022,10,2022-11-13,Sunday,KC,JAX,27,17,outdoors,grass,33
2022_10_CLE_MIA,2022,10,2022-11-13,Sunday,MIA,CLE,39,17,outdoors,grass,85
2022_10_HOU_NYG,2022,10,2022-11-13,Sunday,NYG,HOU,24,16,outdoors,fieldturf,50
2022_10_NO_PIT,2022,10,2022-11-13,Sunday,PIT,NO,20,10,outdoors,grass,37
2022_10_DEN_TEN,2022,10,2022-11-13,Sunday,TEN,DEN,17,10,outdoors,grass,36
2022_10_IND_LV,2022,10,2022-11-13,Sunday,LV,IND,20,25,dome,grass,
2022_10_DAL_GB,2022,10,2022-11-13,Sunday,GB,DAL,31,28,outdoors,grass,33
2022_10_ARI_LA,2022,10,2022-11-13,Sunday,LA,ARI,17,27,dome,matrixturf,
2022_10_LAC_SF,2022,10,2022-11-13,Sunday,SF,LAC,22,16,outdoors,grass,57
2022_10_WAS_PHI,2022,10,2022-11-14,Monday,PHI,WAS,21,32,outdoors,grass,43
2022_11_TEN_GB,2022,11,2022-11-17,Thursday,GB,TEN,17,27,outdoors,grass,25
2022_11_CHI_ATL,2022,11,2022-11-20,Sunday,ATL,CHI,27,24,closed,fieldturf,
2022_11_CAR_BAL,2022,11,2022-11-20,Sunday,BAL,CAR,13,3,outdoors,grass,36
2022_11_CLE_BUF,2022,11,2022-11-20,Sunday,BUF,CLE,31,23,dome,fieldturf,
2022_11_WAS_HOU,2022,11,2022-11-20,Sunday,HOU,WAS,10,23,closed,astroturf,
2022_11_PHI_IND,2022,11,2022-11-20,Sunday,IND,PHI,16,17,closed,fieldturf,
2022_11_NYJ_NE,2022,11,2022-11-20,Sunday,NE,NYJ,10,3,outdoors,fieldturf,42
2022_11_LA_NO,2022,11,2022-11-20,Sunday,NO,LA,27,20,dome,sportturf,
2022_11_DET_NYG,2022,11,2022-11-20,Sunday,NYG,DET,18,31,outdoors,fieldturf,35
2022_11_LV_DEN,2022,11,2022-11-20,Sunday,DEN,LV,16,22,outdoors,grass,49
2022_11_DAL_MIN,2022,11,2022-11-20,Sunday,MIN,DAL,3,40,dome,sportturf,
2022_11_CIN_PIT,2022,11,2022-11-20,Sunday,PIT,CIN,30,37,outdoors,grass,27
2022_11_KC_LAC,2022,11,2022-11-20,Sunday,LAC,KC,27,30,dome,matrixturf,
2022_11_SF_ARI,2022,11,2022-11-21,Monday,ARI,SF,10,38,outdoors,unknown,
2022_12_BUF_DET,2022,12,2022-11-24,Thursday,DET,BUF,25,28,dome,fieldturf,
2022_12_NYG_DAL,2022,12,2022-11-24,Thursday,DAL,NYG,28,20,closed,matrixturf,
2022_12_NE_MIN,2022,12,2022-11-24,Thursday,MIN,NE,33,26,dome,sportturf,
2022_12_DEN_CAR,2022,12,2022-11-27,Sunday,CAR,DEN,23,10,outdoors,grass,66
2022_12_TB_CLE,2022,12,2022-11-27,Sunday,CLE,TB,23,17,outdoors,grass,56
2022_12_BAL_JAX,2022,12,2022-11-27,Sunday,JAX,BAL,28,27,outdoors,grass,77
2022_12_HOU_MIA,2022,12,2022-11-27,Sunday,MIA,HOU,30,15,outdoors,grass,84
2022_12_CHI_NYJ,2022,12,2022-11-27,Sunday,NYJ,CHI,31,10,outdoors,fieldturf,50
2022_12_CIN_TEN,2022,12,2022-11-27,Sunday,TEN,CIN,16,20,outdoors,grass,56
2022_12_ATL_WAS,2022,12,2022-11-27,Sunday,WAS,ATL,19,13,outdoors,grass,46
2022_12_LAC_ARI,2022,12,2022-11-27,Sunday,ARI,LAC,24,25,closed,grass,
2022_12_LV_SEA,2022,12,2022-11-27,Sunday,SEA,LV,34,40,outdoors,fieldturf,44
2022_12_LA_KC,2022,12,2022-11-27,Sunday,KC,LA,26,10,outdoors,grass,44
2022_12_NO_SF,2022,12,2022-11-27,Sunday,SF,NO,13,0,outdoors,grass,59
2022_12_GB_PHI,2022,12,2022-11-27,Sunday,PHI,GB,40,33,outdoors,grass,62
2022_12_PIT_IND,2022,12,2022-11-28,Monday,IND,PIT,17,24,closed,fieldturf,
2022_13_BUF_NE,2022,13,2022-12-01,Thursday,NE,BUF,10,24,outdoors,fieldturf,35
2022_13_PIT_ATL,2022,13,2022-12-04,Sunday,ATL,PIT,16,19,closed,fieldturf,
2022_13_DEN_BAL,2022,13,2022-12-04,Sunday,BAL,DEN,10,9,outdoors,grass,63
2022_13_GB_CHI,2022,13,2022-12-04,Sunday,CHI,GB,19,28,outdoors,grass,38
2022_13_JAX_DET,2022,13,2022-12-04,Sunday,DET,JAX,40,14,dome,fieldturf,
2022_13_CLE_HOU,2022,13,2022-12-04,Sunday,HOU,CLE,14,27,closed,astroturf,
2022_13_NYJ_MIN,2022,13,2022-12-04,Sunday,MIN,NYJ,27,22,dome,sportturf,
2022_13_WAS_NYG,2022,13,2022-12-04,Sunday,NYG,WAS,20,20,outdoors,fieldturf,40
2022_13_TEN_PHI,2022,13,2022-12-04,Sunday,PHI,TEN,35,10,outdoors,grass,60
2022_13_SEA_LA,2022,13,2022-12-04,Sunday,LA,SEA,23,27,dome,matrixturf,
2022_13_MIA_SF,2022,13,2022-12-04,Sunday,SF,MIA,33,17,outdoors,grass,38
2022_13_KC_CIN,2022,13,2022-12-04,Sunday,CIN,KC,27,24,outdoors,fieldturf,57
2022_13_LAC_LV,2022,13,2022-12-04,Sunday,LV,LAC,27,20,dome,grass,
2022_13_IND_DAL,2022,13,2022-12-04,Sunday,DAL,IND,54,19,closed,matrixturf,
2022_13_NO_TB,2022,13,2022-12-05,Monday,TB,NO,17,16,outdoors,grass,69
2022_14_LV_LA,2022,14,2022-12-08,Thursday,LA,LV,17,16,dome,matrixturf,
2022_14_NYJ_BUF,2022,14,2022-12-11,Sunday,BUF,NYJ,20,12,outdoors,a_turf,36
2022_14_CLE_CIN,2022,14,2022-12-11,Sunday,CIN,CLE,23,10,outdoors,fieldturf,47
2022_14_HOU_DAL,2022,14,2022-12-11,Sunday,DAL,HOU,27,23,closed,matrixturf,
2022_14_MIN_DET,2022,14,2022-12-11,Sunday,DET,MIN,34,23,dome,fieldturf,
2022_14_PHI_NYG,2022,14,2022-12-11,Sunday,NYG,PHI,22,48,outdoors,fieldturf,37
2022_14_BAL_PIT,2022,14,2022-12-11,Sunday,PIT,BAL,14,16,outdoors,grass,42
2022_14_JAX_TEN,2022,14,2022-12-11,Sunday,TEN,JAX,22,36,outdoors,grass,54
2022_14_KC_DEN,2022,14,2022-12-11,Sunday,DEN,KC,28,34,outdoors,grass,55
2022_14_CAR_SEA,2022,14,2022-12-11,Sunday,SEA,CAR,24,30,outdoors,fieldturf,45
2022_14_TB_SF,2022,14,2022-12-11,Sunday,SF,TB,35,7,outdoors,grass,54
2022_14_MIA_LAC,2022,14,2022-12-11,Sunday,LAC,MIA,23,17,dome,matrixturf,
2022_14_NE_ARI,2022,14,2022-12-12,Monday,ARI,NE,13,27,closed,grass,
2022_15_SF_SEA,2022,15,2022-12-15,Thursday,SEA,SF,13,21,outdoors,fieldturf,
2022_15_IND_MIN,2022,15,2022-12-17,Saturday,MIN,IND,39,36,dome,sportturf,
2022_15_BAL_CLE,2022,15,2022-12-17,Saturday,CLE,BAL,13,3,outdoors,grass,34
2022_15_MIA_BUF,2022,15,2022-12-17,Saturday,BUF,MIA,32,29,outdoors,a_turf,29
2022_15_PIT_CAR,2022,15,2022-12-18,Sunday,CAR,PIT,16,24,outdoors,grass,47
2022_15_PHI_CHI,2022,15,2022-12-18,Sunday,CHI,PHI,20,25,outdoors,grass,17
2022_15_KC_HOU,2022,15,2022-12-18,Sunday,HOU,KC,24,30,closed,astroturf,
2022_15_DAL_JAX,2022,15,2022-12-18,Sunday,JAX,DAL,40,34,outdoors,grass,54
2022_15_ATL_NO,2022,15,2022-12-18,Sunday,NO,ATL,21,18,dome,sportturf,
2022_15_DET_NYJ,2022,15,2022-12-18,Sunday,NYJ,DET,17,20,outdoors,fieldturf,38
2022_15_ARI_DEN,2022,15,2022-12-18,Sunday,DEN,ARI,24,15,outdoors,grass,37
2022_15_NE_LV,2022,15,2022-12-18,Sunday,LV,NE,30,24,dome,grass,
2022_15_TEN_LAC,2022,15,2022-12-18,Sunday,LAC,TEN,17,14,dome,matrixturf,
2022_15_CIN_TB,2022,15,2022-12-18,Sunday,TB,CIN,23,34,outdoors,grass,66
2022_15_NYG_WAS,2022,15,2022-12-18,Sunday,WAS,NYG,12,20,outdoors,grass,35
2022_15_LA_GB,2022,15,2022-12-19,Monday,GB,LA,24,12,outdoors,grass,15
2022_16_JAX_NYJ,2022,16,2022-12-22,Thursday,NYJ,JAX,3,19,outdoors,fieldturf,43
2022_16_ATL_BAL,2022,16,2022-12-24,Saturday,BAL,ATL,17,9,outdoors,grass,17
2022_16_DET_CAR,2022,16,2022-12-24,Saturday,CAR,DET,37,23,outdoors,grass,20
2022_16_BUF_CHI,2022,16,2022-12-24,Saturday,CHI,BUF,13,35,outdoors,grass,7
2022_16_NO_CLE,2022,16,2022-12-24,Saturday,CLE,NO,10,17,outdoors,grass,6
2022_16_SEA_KC,2022,16,2022-12-24,Saturday,KC,SEA,24,10,outdoors,grass,12
2022_16_NYG_MIN,2022,16,2022-12-24,Saturday,MIN,NYG,27,24,dome,sportturf,
2022_16_CIN_NE,2022,16,2022-12-24,Saturday,NE,CIN,18,22,outdoors,fieldturf,21
2022_16_HOU_TEN,2022,16,2022-12-24,Saturday,TEN,HOU,14,19,outdoors,grass,22
2022_16_WAS_SF,2022,16,2022-12-24,Saturday,SF,WAS,37,20,outdoors,grass,54
2022_16_PHI_DAL,2022,16,2022-12-24,Saturday,DAL,PHI,40,34,closed,matrixturf,
2022_16_LV_PIT,2022,16,2022-12-24,Saturday,PIT,LV,13,10,outdoors,grass,9
2022_16_GB_MIA,2022,16,2022-12-25,Sunday,MIA,GB,20,26,outdoors,grass,45
2022_16_DEN_LA,2022,16,2022-12-25,Sunday,LA,DEN,51,14,dome,matrixturf,
2022_16_TB_ARI,2022,16,2022-12-25,Sunday,ARI,TB,16,19,open,grass,
2022_16_LAC_IND,2022,16,2022-12-26,Monday,IND,LAC,3,20,closed,fieldturf,
2022_17_DAL_TEN,2022,17,2022-12-29,Thursday,TEN,DAL,13,27,outdoors,grass,56
2022_17_ARI_ATL,2022,17,2023-01-01,Sunday,ATL,ARI,20,19,closed,fieldturf,
2022_17_CHI_DET,2022,17,2023-01-01,Sunday,DET,CHI,41,10,dome,fieldturf,
2022_17_JAX_HOU,2022,17,2023-01-01,Sunday,HOU,JAX,3,31,closed,astroturf,
2022_17_DEN_KC,2022,17,2023-01-01,Sunday,KC,DEN,27,24,outdoors,grass,47
2022_17_MIA_NE,2022,17,2023-01-01,Sunday,NE,MIA,23,21,outdoors,fieldturf,53
2022_17_IND_NYG,2022,17,2023-01-01,Sunday,NYG,IND,38,10,outdoors,fieldturf,52
2022_17_NO_PHI,2022,17,2023-01-01,Sunday,PHI,NO,10,20,outdoors,grass,54
2022_17_CAR_TB,2022,17,2023-01-01,Sunday,TB,CAR,30,24,outdoors,grass,75
2022_17_CLE_WAS,2022,17,2023-01-01,Sunday,WAS,CLE,10,24,outdoors,grass,59
2022_17_SF_LV,2022,17,2023-01-01,Sunday,LV,SF,34,37,dome,grass,
2022_17_NYJ_SEA,2022,17,2023-01-01,Sunday,SEA,NYJ,23,6,outdoors,fieldturf,45
2022_17_MIN_GB,2022,17,2023-01-01,Sunday,GB,MIN,41,17,outdoors,grass,39
2022_17_LA_LAC,2022,17,2023-01-01,Sunday,LAC,LA,31,10,dome,matrixturf,
2022_17_PIT_BAL,2022,17,2023-01-01,Sunday,BAL,PIT,13,16,outdoors,grass,44
2022_18_KC_LV,2022,18,2023-01-07,Saturday,LV,KC,13,31,dome,grass,
2022_18_TEN_JAX,2022,18,2023-01-07,Saturday,JAX,TEN,20,16,outdoors,grass,56
2022_18_TB_ATL,2022,18,2023-01-08,Sunday,ATL,TB,30,17,closed,fieldturf,
2022_18_NE_BUF,2022,18,2023-01-08,Sunday,BUF,NE,35,23,outdoors,a_turf,30
2022_18_MIN_CHI,2022,18,2023-01-08,Sunday,CHI,MIN,13,29,outdoors,grass,32
2022_18_BAL_CIN,2022,18,2023-01-08,Sunday,CIN,BAL,27,16,outdoors,fieldturf,38
2022_18_HOU_IND,2022,18,2023-01-08,Sunday,IND,HOU,31,32,closed,fieldturf,
2022_18_NYJ_MIA,2022,18,2023-01-08,Sunday,MIA,NYJ,11,6,outdoors,grass,75
2022_18_CAR_NO,2022,18,2023-01-08,Sunday,NO,CAR,7,10,dome,sportturf,
2022_18_CLE_PIT,2022,18,2023-01-08,Sunday,PIT,CLE,28,14,outdoors,grass,36
2022_18_LAC_DEN,2022,18,2023-01-08,Sunday,DEN,LAC,31,28,outdoors,grass,43
2022_18_NYG_PHI,2022,18,2023-01-08,Sunday,PHI,NYG,22,16,outdoors,grass,43
2022_18_LA_SEA,2022,18,2023-01-08,Sunday,SEA,LA,19,16,outdoors,fieldturf,45
2022_18_ARI_SF,2022,18,2023-01-08,Sunday,SF,ARI,38,13,outdoors,grass,57
2022_18_DAL_WAS,2022,18,2023-01-08,Sunday,WAS,DAL,26,6,outdoors,grass,42
2022_18_DET_GB,2022,18,2023-01-08,Sunday,GB,DET,16,20,outdoors,grass,21
2023_01_DET_KC,2023,1,2023-09-07,Thursday,KC,DET,20,21,outdoors,unknown,
2023_01_CAR_ATL,2023,1,2023-09-10,Sunday,ATL,CAR,24,10,closed,unknown,
2023_01_HOU_BAL,2023,1,2023-09-10,Sunday,BAL,HOU,25,9,outdoors,unknown,
2023_01_CIN_CLE,2023,1,2023-09-10,Sunday,CLE,CIN,24,3,outdoors,unknown,
2023_01_JAX_IND,2023,1,2023-09-10,Sunday,IND,JAX,21,31,closed,unknown,
2023_01_TB_MIN,2023,1,2023-09-10,Sunday,MIN,TB,17,20,dome,unknown,
2023_01_TEN_NO,2023,1,2023-09-10,Sunday,NO,TEN,16,15,dome,unknown,
2023_01_SF_PIT,2023,1,2023-09-10,Sunday,PIT,SF,7,30,outdoors,unknown,
2023_01_ARI_WAS,2023,1,2023-09-10,Sunday,WAS,ARI,20,16,outdoors,unknown,
2023_01_GB_CHI,2023,1,2023-09-10,Sunday,CHI,GB,20,38,outdoors,unknown,
2023_01_LV_DEN,2023,1,2023-09-10,Sunday,DEN,LV,16,17,outdoors,unknown,
2023_01_MIA_LAC,2023,1,2023-09-10,Sunday,LAC,MIA,34,36,dome,unknown,
2023_01_PHI_NE,2023,1,2023-09-10,Sunday,NE,PHI,20,25,outdoors,unknown,
2023_01_LA_SEA,2023,1,2023-09-10,Sunday,SEA,LA,13,30,outdoors,unknown,
2023_01_DAL_NYG,2023,1,2023-09-10,Sunday,NYG,DAL,0,40,outdoors,unknown,
2023_01_BUF_NYJ,2023,1,2023-09-11,Monday,NYJ,BUF,22,16,outdoors,unknown,
2023_02_MIN_PHI,2023,2,2023-09-14,Thursday,PHI,MIN,34,28,outdoors,unknown,
2023_02_GB_ATL,2023,2,2023-09-17,Sunday,ATL,GB,25,24,open,unknown,
2023_02_LV_BUF,2023,2,2023-09-17,Sunday,BUF,LV,38,10,outdoors,unknown,
2023_02_BAL_CIN,2023,2,2023-09-17,Sunday,CIN,BAL,24,27,outdoors,unknown,
2023_02_SEA_DET,2023,2,2023-09-17,Sunday,DET,SEA,31,37,dome,unknown,
2023_02_IND_HOU,2023,2,2023-09-17,Sunday,HOU,IND,20,31,open,unknown,
2023_02_KC_JAX,2023,2,2023-09-17,Sunday,JAX,KC,9,17,outdoors,unknown,
2023_02_CHI_TB,2023,2,2023-09-17,Sunday,TB,CHI,27,17,outdoors,unknown,
2023_02_LAC_TEN,2023,2,2023-09-17,Sunday,TEN,LAC,27,24,outdoors,unknown,
2023_02_NYG_ARI,2023,2,2023-09-17,Sunday,ARI,NYG,28,31,closed,unknown,
2023_02_SF_LA,2023,2,2023-09-17,Sunday,LA,SF,23,30,dome,unknown,
2023_02_NYJ_DAL,2023,2,2023-09-17,Sunday,DAL,NYJ,30,10,open,unknown,
2023_02_WAS_DEN,2023,2,2023-09-17,Sunday,DEN,WAS,33,35,outdoors,unknown,
2023_02_MIA_NE,2023,2,2023-09-17,Sunday,NE,MIA,17,24,outdoors,unknown,
2023_02_NO_CAR,2023,2,2023-09-18,Monday,CAR,NO,17,20,outdoors,unknown,
2023_02_CLE_PIT,2023,2,2023-09-18,Monday,PIT,CLE,26,22,outdoors,unknown,
2023_03_NYG_SF,2023,3,2023-09-21,Thursday,SF,NYG,30,12,outdoors,grass,77
2023_03_IND_BAL,2023,3,2023-09-24,Sunday,BAL,IND,19,22,outdoors,grass,68
2023_03_TEN_CLE,2023,3,2023-09-24,Sunday,CLE,TEN,27,3,outdoors,grass,68
2023_03_ATL_DET,2023,3,2023-09-24,Sunday,DET,ATL,20,6,dome,fieldturf,
2023_03_NO_GB,2023,3,2023-09-24,Sunday,GB,NO,18,17,outdoors,grass,68
2023_03_HOU_JAX,2023,3,2023-09-24,Sunday,JAX,HOU,17,37,outdoors,grass,84
2023_03_DEN_MIA,2023,3,2023-09-24,Sunday,MIA,DEN,70,20,outdoors,grass,86
2023_03_LAC_MIN,2023,3,2023-09-24,Sunday,MIN,LAC,24,28,dome,sportturf,
2023_03_NE_NYJ,2023,3,2023-09-24,Sunday,NYJ,NE,10,15,outdoors,fieldturf,64
2023_03_BUF_WAS,2023,3,2023-09-24,Sunday,WAS,BUF,3,37,outdoors,grass,65
2023_03_CAR_SEA,2023,3,2023-09-24,Sunday,SEA,CAR,37,27,outdoors,fieldturf,61
2023_03_DAL_ARI,2023,3,2023-09-24,Sunday,ARI,DAL,28,16,open,grass,
2023_03_CHI_KC,2023,3,2023-09-24,Sunday,KC,CHI,41,10,outdoors,grass,
2023_03_PIT_LV,2023,3,2023-09-24,Sunday,LV,PIT,18,23,dome,grass,
2023_03_PHI_TB,2023,3,2023-09-25,Monday,TB,PHI,11,25,outdoors,grass,90
2023_03_LA_CIN,2023,3,2023-09-25,Monday,CIN,LA,19,16,outdoors,fieldturf,74
2023_04_DET_GB,2023,4,2023-09-28,Thursday,GB,DET,20,34,outdoors,grass,64
2023_04_ATL_JAX,2023,4,2023-10-01,Sunday,JAX,ATL,23,7,outdoors,unknown,
2023_04_MIA_BUF,2023,4,2023-10-01,Sunday,BUF,MIA,48,20,outdoors,a_turf,70
2023_04_MIN_CAR,2023,4,2023-10-01,Sunday,CAR,MIN,13,21,outdoors,grass,78
2023_04_DEN_CHI,2023,4,2023-10-01,Sunday,CHI,DEN,28,31,outdoors,grass,80
2023_04_BAL_CLE,2023,4,2023-10-01,Sunday,CLE,BAL,3,28,outdoors,grass,71
2023_04_PIT_HOU,2023,4,2023-10-01,Sunday,HOU,PIT,30,6,open,astroturf,
2023_04_LA_IND,2023,4,2023-10-01,Sunday,IND,LA,23,29,open,fieldturf,
2023_04_TB_NO,2023,4,2023-10-01,Sunday,NO,TB,9,26,dome,sportturf,
2023_04_WAS_PHI,2023,4,2023-10-01,Sunday,PHI,WAS,34,31,outdoors,grass,
2023_04_CIN_TEN,2023,4,2023-10-01,Sunday,TEN,CIN,27,3,outdoors,grass,82
2023_04_LV_LAC,2023,4,2023-10-01,Sunday,LAC,LV,24,17,dome,matrixturf,
2023_04_NE_DAL,2023,4,2023-10-01,Sunday,DAL,NE,38,3,closed,matrixturf,
2023_04_ARI_SF,2023,4,2023-10-01,Sunday,SF,ARI,35,16,outdoors,grass,75
2023_04_KC_NYJ,2023,4,2023-10-01,Sunday,NYJ,KC,20,23,outdoors,fieldturf,69
2023_04_SEA_NYG,2023,4,2023-10-02,Monday,NYG,SEA,3,24,outdoors,fieldturf,67
2023_05_CHI_WAS,2023,5,2023-10-05,Thursday,WAS,CHI,20,40,outdoors,grass,70
2023_05_JAX_BUF,2023,5,2023-10-08,Sunday,BUF,JAX,20,25,outdoors,unknown,
2023_05_HOU_ATL,2023,5,2023-10-08,Sunday,ATL,HOU,21,19,open,fieldturf,
2023_05_CAR_DET,2023,5,2023-10-08,Sunday,DET,CAR,42,24,dome,fieldturf,
2023_05_TEN_IND,2023,5,2023-10-08,Sunday,IND,TEN,23,16,open,fieldturf,
2023_05_NYG_MIA,2023,5,2023-10-08,Sunday,MIA,NYG,31,16,outdoors,grass,88
2023_05_NO_NE,2023,5,2023-10-08,Sunday,NE,NO,0,34,outdoors,fieldturf,61
2023_05_BAL_PIT,2023,5,2023-10-08,Sunday,PIT,BAL,17,10,outdoors,grass,53
2023_05_CIN_ARI,2023,5,2023-10-08,Sunday,ARI,CIN,20,34,closed,grass,
2023_05_PHI_LA,2023,5,2023-10-08,Sunday,LA,PHI,14,23,dome,matrixturf,
2023_05_NYJ_DEN,2023,5,2023-10-08,Sunday,DEN,NYJ,21,31,outdoors,grass,73
2023_05_KC_MIN,2023,5,2023-10-08,Sunday,MIN,KC,20,27,dome,sportturf,
2023_05_DAL_SF,2023,5,2023-10-08,Sunday,SF,DAL,42,10,outdoors,grass,78
2023_05_GB_LV,2023,5,2023-10-09,Monday,LV,GB,17,13,dome,grass,
2023_06_DEN_KC,2023,6,2023-10-12,Thursday,KC,DEN,19,8,outdoors,grass,
2023_06_BAL_TEN,2023,6,2023-10-15,Sunday,TEN,BAL,16,24,outdoors,unknown,
2023_06_WAS_ATL,2023,6,2023-10-15,Sunday,ATL,WAS,16,24,closed,fieldturf,
2023_06_MIN_CHI,2023,6,2023-10-15,Sunday,CHI,MIN,13,19,outdoors,grass,53
2023_06_SEA_CIN,2023,6,2023-10-15,Sunday,CIN,SEA,17,13,outdoors,fieldturf,57
2023_06_SF_CLE,2023,6,2023-10-15,Sunday,CLE,SF,19,17,outdoors,grass,53
2023_06_NO_HOU,2023,6,2023-10-15,Sunday,HOU,NO,20,13,closed,astroturf,
2023_06_IND_JAX,2023,6,2023-10-15,Sunday,JAX,IND,37,20,outdoors,grass,
2023_06_CAR_MIA,2023,6,2023-10-15,Sunday,MIA,CAR,42,21,outdoors,grass,87
2023_06_NE_LV,2023,6,2023-10-15,Sunday,LV,NE,21,17,dome,grass,
2023_06_ARI_LA,2023,6,2023-10-15,Sunday,LA,ARI,26,9,dome,matrixturf,
2023_06_PHI_NYJ,2023,6,2023-10-15,Sunday,NYJ,PHI,20,14,outdoors,fieldturf,59
2023_06_DET_TB,2023,6,2023-10-15,Sunday,TB,DET,6,20,outdoors,grass,77
2023_06_NYG_BUF,2023,6,2023-10-15,Sunday,BUF,NYG,14,9,outdoors,a_turf,46
2023_06_DAL_LAC,2023,6,2023-10-16,Monday,LAC,DAL,17,20,dome,matrixturf,
2023_07_JAX_NO,2023,7,2023-10-19,Thursday,NO,JAX,24,31,dome,sportturf,
2023_07_DET_BAL,2023,7,2023-10-22,Sunday,BAL,DET,38,6,outdoors,grass,62
2023_07_LV_CHI,2023,7,2023-10-22,Sunday,CHI,LV,30,12,outdoors,grass,52
2023_07_CLE_IND,2023,7,2023-10-22,Sunday,IND,CLE,38,39,open,fieldturf,
2023_07_BUF_NE,2023,7,2023-10-22,Sunday,NE,BUF,29,25,outdoors,fieldturf,55
2023_07_WAS_NYG,2023,7,2023-10-22,Sunday,NYG,WAS,14,7,outdoors,fieldturf,54
2023_07_ATL_TB,2023,7,2023-10-22,Sunday,TB,ATL,13,16,outdoors,grass,79
2023_07_PIT_LA,2023,7,2023-10-22,Sunday,LA,PIT,17,24,dome,matrixturf,
2023_07_ARI_SEA,2023,7,2023-10-22,Sunday,SEA,ARI,20,10,outdoors,fieldturf,56
2023_07_GB_DEN,2023,7,2023-10-22,Sunday,DEN,GB,19,17,outdoors,grass,72
2023_07_LAC_KC,2023,7,2023-10-22,Sunday,KC,LAC,31,17,outdoors,grass,72
2023_07_MIA_PHI,2023,7,2023-10-22,Sunday,PHI,MIA,31,17,outdoors,grass,55
2023_07_SF_MIN,2023,7,2023-10-23,Monday,MIN,SF,22,17,dome,sportturf,
2023_08_TB_BUF,2023,8,2023-10-26,Thursday,BUF,TB,24,18,outdoors,a_turf,66
2023_08_HOU_CAR,2023,8,2023-10-29,Sunday,CAR,HOU,15,13,outdoors,grass,77
2023_08_LA_DAL,2023,8,2023-10-29,Sunday,DAL,LA,43,20,closed,matrixturf,
2023_08_MIN_GB,2023,8,2023-10-29,Sunday,GB,MIN,10,24,outdoors,grass,39
2023_08_NO_IND,2023,8,2023-10-29,Sunday,IND,NO,27,38,closed,fieldturf,
2023_08_NE_MIA,2023,8,2023-10-29,Sunday,MIA,NE,31,17,outdoors,grass,83
2023_08_NYJ_NYG,2023,8,2023-10-29,Sunday,NYG,NYJ,10,13,outdoors,fieldturf,52
2023_08_JAX_PIT,2023,8,2023-10-29,Sunday,PIT,JAX,10,20,outdoors,grass,58
2023_08_ATL_TEN,2023,8,2023-10-29,Sunday,TEN,ATL,28,23,outdoors,grass,77
2023_08_PHI_WAS,2023,8,2023-10-29,Sunday,WAS,PHI,31,38,outdoors,grass,69
2023_08_CLE_SEA,2023,8,2023-10-29,Sunday,SEA,CLE,24,20,outdoors,fieldturf,47
2023_08_BAL_ARI,2023,8,2023-10-29,Sunday,ARI,BAL,24,31,closed,grass,
2023_08_KC_DEN,2023,8,2023-10-29,Sunday,DEN,KC,24,9,outdoors,grass,26
2023_08_CIN_SF,2023,8,2023-10-29,Sunday,SF,CIN,17,31,outdoors,grass,74
2023_08_CHI_LAC,2023,8,2023-10-29,Sunday,LAC,CHI,30,13,dome,matrixturf,
2023_08_LV_DET,2023,8,2023-10-30,Monday,DET,LV,26,14,dome,fieldturf,
2023_09_TEN_PIT,2023,9,2023-11-02,Thursday,PIT,TEN,20,16,outdoors,grass,40
2023_09_MIA_KC,2023,9,2023-11-05,Sunday,KC,MIA,21,14,outdoors,grass,
2023_09_MIN_ATL,2023,9,2023-11-05,Sunday,ATL,MIN,28,31,open,fieldturf,
2023_09_SEA_BAL,2023,9,2023-11-05,Sunday,BAL,SEA,37,3,outdoors,grass,70
2023_09_ARI_CLE,2023,9,2023-11-05,Sunday,CLE,ARI,27,0,outdoors,grass,56
2023_09_LA_GB,2023,9,2023-11-05,Sunday,GB,LA,20,3,outdoors,grass,51
2023_09_TB_HOU,2023,9,2023-11-05,Sunday,HOU,TB,39,37,closed,astroturf,
2023_09_WAS_NE,2023,9,2023-11-05,Sunday,NE,WAS,17,20,outdoors,fieldturf,62
2023_09_CHI_NO,2023,9,2023-11-05,Sunday,NO,CHI,24,17,dome,sportturf,
2023_09_IND_CAR,2023,9,2023-11-05,Sunday,CAR,IND,13,27,outdoors,grass,75
2023_09_NYG_LV,2023,9,2023-11-05,Sunday,LV,NYG,30,6,dome,grass,
2023_09_DAL_PHI,2023,9,2023-11-05,Sunday,PHI,DAL,28,23,outdoors,grass,64
2023_09_BUF_CIN,2023,9,2023-11-05,Sunday,CIN,BUF,24,18,outdoors,fieldturf,51
2023_09_LAC_NYJ,2023,9,2023-11-06,Monday,NYJ,LAC,6,27,outdoors,fieldturf,48
2023_10_CAR_CHI,2023,10,2023-11-09,Thursday,CHI,CAR,16,13,outdoors,grass,51
2023_10_IND_NE,2023,10,2023-11-12,Sunday,NE,IND,6,10,outdoors,grass,
2023_10_CLE_BAL,2023,10,2023-11-12,Sunday,BAL,CLE,31,33,outdoors,grass,49
2023_10_HOU_CIN,2023,10,2023-11-12,Sunday,CIN,HOU,27,30,outdoors,fieldturf,56
2023_10_SF_JAX,2023,10,2023-11-12,Sunday,JAX,SF,3,34,outdoors,grass,59
2023_10_NO_MIN,2023,10,2023-11-12,Sunday,MIN,NO,27,19,dome,sportturf,
2023_10_GB_PIT,2023,10,2023-11-12,Sunday,PIT,GB,23,19,outdoors,grass,50
2023_10_TEN_TB,2023,10,2023-11-12,Sunday,TB,TEN,20,6,outdoors,grass,85
2023_10_ATL_ARI,2023,10,2023-11-12,Sunday,ARI,ATL,25,23,closed,grass,
2023_10_DET_LAC,2023,10,2023-11-12,Sunday,LAC,DET,38,41,dome,matrixturf,
2023_10_NYG_DAL,2023,10,2023-11-12,Sunday,DAL,NYG,49,17,closed,matrixturf,
2023_10_WAS_SEA,2023,10,2023-11-12,Sunday,SEA,WAS,29,26,outdoors,fieldturf,52
2023_10_NYJ_LV,2023,10,2023-11-12,Sunday,LV,NYJ,16,12,dome,grass,
2023_10_DEN_BUF,2023,10,2023-11-13,Monday,BUF,DEN,22,24,outdoors,a_turf,49
2023_11_CIN_BAL,2023,11,2023-11-16,Thursday,BAL,CIN,34,20,outdoors,grass,56
2023_11_DAL_CAR,2023,11,2023-11-19,Sunday,CAR,DAL,10,33,outdoors,grass,65
2023_11_PIT_CLE,2023,11,2023-11-19,Sunday,CLE,PIT,13,10,outdoors,grass,48
2023_11_CHI_DET,2023,11,2023-11-19,Sunday,DET,CHI,31,26,dome,fieldturf,
2023_11_LAC_GB,2023,11,2023-11-19,Sunday,GB,LAC,23,20,outdoors,grass,45
2023_11_ARI_HOU,2023,11,2023-11-19,Sunday,HOU,ARI,21,16,closed,astroturf,
2023_11_TEN_JAX,2023,11,2023-11-19,Sunday,JAX,TEN,34,14,outdoors,grass,75
2023_11_LV_MIA,2023,11,2023-11-19,Sunday,MIA,LV,20,13,outdoors,grass,82
2023_11_NYG_WAS,2023,11,2023-11-19,Sunday,WAS,NYG,19,31,outdoors,grass,56
2023_11_TB_SF,2023,11,2023-11-19,Sunday,SF,TB,27,14,outdoors,grass,65
2023_11_NYJ_BUF,2023,11,2023-11-19,Sunday,BUF,NYJ,32,6,outdoors,a_turf,40
2023_11_SEA_LA,2023,11,2023-11-19,Sunday,LA,SEA,17,16,dome,matrixturf,
2023_11_MIN_DEN,2023,11,2023-11-19,Sunday,DEN,MIN,21,20,outdoors,grass,53
2023_11_PHI_KC,2023,11,2023-11-20,Monday,KC,PHI,17,21,outdoors,grass,45
2023_12_GB_DET,2023,12,2023-11-23,Thursday,DET,GB,22,29,dome,fieldturf,
2023_12_WAS_DAL,2023,12,2023-11-23,Thursday,DAL,WAS,45,10,closed,matrixturf,
2023_12_SF_SEA,2023,12,2023-11-23,Thursday,SEA,SF,13,31,outdoors,fieldturf,39
2023_12_MIA_NYJ,2023,12,2023-11-24,Friday,NYJ,MIA,13,34,outdoors,fieldturf,48
2023_12_NO_ATL,2023,12,2023-11-26,Sunday,ATL,NO,24,15,closed,fieldturf,
2023_12_PIT_CIN,2023,12,2023-11-26,Sunday,CIN,PIT,10,16,outdoors,fieldturf,48
2023_12_JAX_HOU,2023,12,2023-11-26,Sunday,HOU,JAX,21,24,closed,astroturf,
2023_12_TB_IND,2023,12,2023-11-26,Sunday,IND,TB,27,20,closed,fieldturf,
2023_12_NE_NYG,2023,12,2023-11-26,Sunday,NYG,NE,10,7,outdoors,fieldturf,43
2023_12_CAR_TEN,2023,12,2023-11-26,Sunday,TEN,CAR,17,10,outdoors,grass,51
2023_12_LA_ARI,2023,12,2023-11-26,Sunday,ARI,LA,14,37,closed,grass,
2023_12_CLE_DEN,2023,12,2023-11-26,Sunday,DEN,CLE,29,12,outdoors,grass,40
2023_12_KC_LV,2023,12,2023-11-26,Sunday,LV,KC,17,31,dome,grass,
2023_12_BUF_PHI,2023,12,2023-11-26,Sunday,PHI,BUF,37,34,outdoors,grass,47
2023_12_BAL_LAC,2023,12,2023-11-26,Sunday,LAC,BAL,10,20,dome,matrixturf,
2023_12_CHI_MIN,2023,12,2023-11-27,Monday,MIN,CHI,10,12,dome,sportturf,
2023_13_SEA_DAL,2023,13,2023-11-30,Thursday,DAL,SEA,41,35,closed,matrixturf,
2023_13_DEN_HOU,2023,13,2023-12-03,Sunday,HOU,DEN,22,17,closed,astroturf,
2023_13_LAC_NE,2023,13,2023-12-03,Sunday,NE,LAC,0,6,outdoors,fieldturf,44
2023_13_DET_NO,2023,13,2023-12-03,Sunday,NO,DET,28,33,dome,sportturf,
2023_13_ATL_NYJ,2023,13,2023-12-03,Sunday,NYJ,ATL,8,13,outdoors,fieldturf,50
2023_13_ARI_PIT,2023,13,2023-12-03,Sunday,PIT,ARI,10,24,outdoors,grass,56
2023_13_IND_TEN,2023,13,2023-12-03,Sunday,TEN,IND,28,31,outdoors,grass,53
2023_13_MIA_WAS,2023,13,2023-12-03,Sunday,WAS,MIA,15,45,outdoors,grass,53
2023_13_CAR_TB,2023,13,2023-12-03,Sunday,TB,CAR,21,18,outdoors,grass,81
2023_13_CLE_LA,2023,13,2023-12-03,Sunday,LA,CLE,36,19,dome,matrixturf,
2023_13_SF_PHI,2023,13,2023-12-03,Sunday,PHI,SF,19,42,outdoors,grass,52
2023_13_KC_GB,2023,13,2023-12-03,Sunday,GB,KC,27,19,outdoors,grass,31
2023_13_CIN_JAX,2023,13,2023-12-04,Monday,JAX,CIN,31,34,outdoors,grass,61
2023_14_NE_PIT,2023,14,2023-12-07,Thursday,PIT,NE,18,21,outdoors,grass,42
2023_14_TB_ATL,2023,14,2023-12-10,Sunday,ATL,TB,25,29,closed,fieldturf,
2023_14_LA_BAL,2023,14,2023-12-10,Sunday,BAL,LA,37,31,outdoors,grass,57
2023_14_DET_CHI,2023,14,2023-12-10,Sunday,CHI,DET,28,13,outdoors,grass,36
2023_14_IND_CIN,2023,14,2023-12-10,Sunday,CIN,IND,34,14,outdoors,fieldturf,40
2023_14_JAX_CLE,2023,14,2023-12-10,Sunday,CLE,JAX,31,27,outdoors,grass,39
2023_14_CAR_NO,2023,14,2023-12-10,Sunday,NO,CAR,28,6,dome,sportturf,
2023_14_HOU_NYJ,2023,14,2023-12-10,Sunday,NYJ,HOU,30,6,outdoors,fieldturf,58
2023_14_MIN_LV,2023,14,2023-12-10,Sunday,LV,MIN,0,3,dome,grass,
2023_14_SEA_SF,2023,14,2023-12-10,Sunday,SF,SEA,28,16,outdoors,grass,63
2023_14_BUF_KC,2023,14,2023-12-10,Sunday,KC,BUF,17,20,outdoors,grass,45
2023_14_DEN_LAC,2023,14,2023-12-10,Sunday,LAC,DEN,7,24,dome,matrixturf,
2023_14_PHI_DAL,2023,14,2023-12-10,Sunday,DAL,PHI,33,13,closed,matrixturf,
2023_14_TEN_MIA,2023,14,2023-12-11,Monday,MIA,TEN,27,28,outdoors,grass,64
2023_14_GB_NYG,2023,14,2023-12-11,Monday,NYG,GB,24,22,outdoors,fieldturf,39
2023_15_LAC_LV,2023,15,2023-12-14,Thursday,LV,LAC,63,21,dome,grass,
2023_15_MIN_CIN,2023,15,2023-12-16,Saturday,CIN,MIN,27,24,outdoors,fieldturf,53
2023_15_PIT_IND,2023,15,2023-12-16,Saturday,IND,PIT,30,13,closed,fieldturf,
2023_15_DEN_DET,2023,15,2023-12-16,Saturday,DET,DEN,42,17,dome,fieldturf,
2023_15_ATL_CAR,2023,15,2023-12-17,Sunday,CAR,ATL,9,7,outdoors,grass,47
2023_15_CHI_CLE,2023,15,2023-12-17,Sunday,CLE,CHI,20,17,outdoors,grass,45
2023_15_TB_GB,2023,15,2023-12-17,Sunday,GB,TB,20,34,outdoors,grass,42
2023_15_NYJ_MIA,2023,15,2023-12-17,Sunday,MIA,NYJ,30,0,outdoors,grass,76
2023_15_KC_NE,2023,15,2023-12-17,Sunday,NE,KC,17,27,outdoors,fieldturf,53
2023_15_NYG_NO,2023,15,2023-12-17,Sunday,NO,NYG,24,6,dome,sportturf,
2023_15_HOU_TEN,2023,15,2023-12-17,Sunday,TEN,HOU,16,19,outdoors,grass,48
2023_15_SF_ARI,2023,15,2023-12-17,Sunday,ARI,SF,29,45,open,grass,
2023_15_WAS_LA,2023,15,2023-12-17,Sunday,LA,WAS,28,20,dome,matrixturf,
2023_15_DAL_BUF,2023,15,2023-12-17,Sunday,BUF,DAL,31,10,outdoors,a_turf,48
2023_15_BAL_JAX,2023,15,2023-12-17,Sunday,JAX,BAL,7,23,outdoors,grass,58
2023_15_PHI_SEA,2023,15,2023-12-18,Monday,SEA,PHI,20,17,outdoors,fieldturf,46
2023_16_NO_LA,2023,16,2023-12-21,Thursday,LA,NO,30,22,dome,matrixturf,
2023_16_CIN_PIT,2023,16,2023-12-23,Saturday,PIT,CIN,34,11,outdoors,grass,49
2023_16_BUF_LAC,2023,16,2023-12-23,Saturday,LAC,BUF,22,24,dome,matrixturf,
2023_16_IND_ATL,2023,16,2023-12-24,Sunday,ATL,IND,29,10,closed,fieldturf,
2023_16_GB_CAR,2023,16,2023-12-24,Sunday,CAR,GB,30,33,outdoors,grass,67
2023_16_CLE_HOU,2023,16,2023-12-24,Sunday,HOU,CLE,22,36,closed,astroturf,
2023_16_DET_MIN,2023,16,2023-12-24,Sunday,MIN,DET,24,30,dome,sportturf,
2023_16_WAS_NYJ,2023,16,2023-12-24,Sunday,NYJ,WAS,30,28,outdoors,fieldturf,45
2023_16_SEA_TEN,2023,16,2023-12-24,Sunday,TEN,SEA,17,20,outdoors,grass,61
2023_16_JAX_TB,2023,16,2023-12-24,Sunday,TB,JAX,30,12,outdoors,grass,72
2023_16_ARI_CHI,2023,16,2023-12-24,Sunday,CHI,ARI,27,16,outdoors,grass,52
2023_16_DAL_MIA,2023,16,2023-12-24,Sunday,MIA,DAL,22,20,outdoors,grass,75
2023_16_NE_DEN,2023,16,2023-12-24,Sunday,DEN,NE,23,26,outdoors,grass,28
2023_16_LV_KC,2023,16,2023-12-25,Monday,KC,LV,14,20,outdoors,grass,38
2023_16_NYG_PHI,2023,16,2023-12-25,Monday,PHI,NYG,33,25,outdoors,grass,51
2023_16_BAL_SF,2023,16,2023-12-25,Monday,SF,BAL,19,33,outdoors,grass,56
2023_17_NYJ_CLE,2023,17,2023-12-28,Thursday,CLE,NYJ,37,20,outdoors,grass,47
2023_17_DET_DAL,2023,17,2023-12-30,Saturday,DAL,DET,20,19,closed,matrixturf,
2023_17_MIA_BAL,2023,17,2023-12-31,Sunday,BAL,MIA,56,19,outdoors,grass,50
2023_17_NE_BUF,2023,17,2023-12-31,Sunday,BUF,NE,27,21,outdoors,a_turf,35
2023_17_ATL_CHI,2023,17,2023-12-31,Sunday,CHI,ATL,37,17,outdoors,grass,32
2023_17_TEN_HOU,2023,17,2023-12-31,Sunday,HOU,TEN,26,3,closed,astroturf,
2023_17_LV_IND,2023,17,2023-12-31,Sunday,IND,LV,23,20,closed,fieldturf,
2023_17_CAR_JAX,2023,17,2023-12-31,Sunday,JAX,CAR,26,0,outdoors,grass,56
2023_17_LA_NYG,2023,17,2023-12-31,Sunday,NYG,LA,25,26,outdoors,fieldturf,41
2023_17_ARI_PHI,2023,17,2023-12-31,Sunday,PHI,ARI,31,35,outdoors,grass,45
2023_17_NO_TB,2023,17,2023-12-31,Sunday,TB,NO,13,23,outdoors,grass,66
2023_17_SF_WAS,2023,17,2023-12-31,Sunday,WAS,SF,10,27,outdoors,grass,48
2023_17_PIT_SEA,2023,17,2023-12-31,Sunday,SEA,PIT,23,30,outdoors,fieldturf,47
2023_17_LAC_DEN,2023,17,2023-12-31,Sunday,DEN,LAC,16,9,outdoors,grass,41
2023_17_CIN_KC,2023,17,2023-12-31,Sunday,KC,CIN,25,17,outdoors,grass,36
2023_17_GB_MIN,2023,17,2023-12-31,Sunday,MIN,GB,10,33,dome,sportturf,
2023_18_PIT_BAL,2023,18,2024-01-06,Saturday,BAL,PIT,10,17,outdoors,grass,38
2023_18_HOU_IND,2023,18,2024-01-06,Saturday,IND,HOU,19,23,closed,fieldturf,
2023_18_TB_CAR,2023,18,2024-01-07,Sunday,CAR,TB,0,9,outdoors,grass,54
2023_18_CLE_CIN,2023,18,2024-01-07,Sunday,CIN,CLE,31,14,outdoors,fieldturf,38
2023_18_MIN_DET,2023,18,2024-01-07,Sunday,DET,MIN,30,20,dome,fieldturf,
2023_18_NYJ_NE,2023,18,2024-01-07,Sunday,NE,NYJ,3,17,outdoors,fieldturf,33
2023_18_ATL_NO,2023,18,2024-01-07,Sunday,NO,ATL,48,17,dome,sportturf,
2023_18_JAX_TEN,2023,18,2024-01-07,Sunday,TEN,JAX,28,20,outdoors,grass,41
2023_18_SEA_ARI,2023,18,2024-01-07,Sunday,ARI,SEA,20,21,closed,grass,
2023_18_CHI_GB,2023,18,2024-01-07,Sunday,GB,CHI,17,9,outdoors,grass,34
2023_18_KC_LAC,2023,18,2024-01-07,Sunday,LAC,KC,12,13,dome,matrixturf,
2023_18_DEN_LV,2023,18,2024-01-07,Sunday,LV,DEN,27,14,dome,grass,
2023_18_PHI_NYG,2023,18,2024-01-07,Sunday,NYG,PHI,27,10,outdoors,fieldturf,36
2023_18_LA_SF,2023,18,2024-01-07,Sunday,SF,LA,20,21,outdoors,grass,52
2023_18_DAL_WAS,2023,18,2024-01-07,Sunday,WAS,DAL,10,38,outdoors,grass,48
2023_18_BUF_MIA,2023,18,2024-01-07,Sunday,MIA,BUF,14,21,outdoors,grass,63
2024_01_BAL_KC,2024,1,2024-09-05,Thursday,KC,BAL,27,20,outdoors,grass,67
2024_01_GB_PHI,2024,1,2024-09-06,Friday,PHI,GB,34,29,outdoors,unknown,
2024_01_PIT_ATL,2024,1,2024-09-08,Sunday,ATL,PIT,10,18,closed,fieldturf,
2024_01_ARI_BUF,2024,1,2024-09-08,Sunday,BUF,ARI,34,28,outdoors,a_turf,61
2024_01_TEN_CHI,2024,1,2024-09-08,Sunday,CHI,TEN,24,17,outdoors,grass,67
2024_01_NE_CIN,2024,1,2024-09-08,Sunday,CIN,NE,10,16,outdoors,fieldturf,66
2024_01_HOU_IND,2024,1,2024-09-08,Sunday,IND,HOU,27,29,closed,fieldturf,
2024_01_JAX_MIA,2024,1,2024-09-08,Sunday,MIA,JAX,20,17,outdoors,grass,91
2024_01_CAR_NO,2024,1,2024-09-08,Sunday,NO,CAR,47,10,dome,sportturf,
2024_01_MIN_NYG,2024,1,2024-09-08,Sunday,NYG,MIN,6,28,outdoors,fieldturf,64
2024_01_LV_LAC,2024,1,2024-09-08,Sunday,LAC,LV,22,10,dome,matrixturf,
2024_01_DEN_SEA,2024,1,2024-09-08,Sunday,SEA,DEN,26,20,outdoors,fieldturf,65
2024_01_DAL_CLE,2024,1,2024-09-08,Sunday,CLE,DAL,17,33,outdoors,grass,69
2024_01_WAS_TB,2024,1,2024-09-08,Sunday,TB,WAS,37,20,outdoors,grass,93
2024_01_LA_DET,2024,1,2024-09-08,Sunday,DET,LA,26,20,dome,fieldturf,
2024_01_NYJ_SF,2024,1,2024-09-09,Monday,SF,NYJ,32,19,outdoors,grass,76
2024_02_BUF_MIA,2024,2,2024-09-12,Thursday,MIA,BUF,10,31,outdoors,grass,86
2024_02_LV_BAL,2024,2,2024-09-15,Sunday,BAL,LV,23,26,outdoors,grass,76
2024_02_LAC_CAR,2024,2,2024-09-15,Sunday,CAR,LAC,3,26,outdoors,grass,78
2024_02_NO_DAL,2024,2,2024-09-15,Sunday,DAL,NO,19,44,closed,matrixturf,
2024_02_TB_DET,2024,2,2024-09-15,Sunday,DET,TB,16,20,dome,fieldturf,
2024_02_IND_GB,2024,2,2024-09-15,Sunday,GB,IND,16,10,outdoors,grass,85
2024_02_CLE_JAX,2024,2,2024-09-15,Sunday,JAX,CLE,13,18,outdoors,grass,80
2024_02_SF_MIN,2024,2,2024-09-15,Sunday,MIN,SF,23,17,dome,sportturf,
2024_02_SEA_NE,2024,2,2024-09-15,Sunday,NE,SEA,20,23,outdoors,fieldturf,77
2024_02_NYJ_TEN,2024,2,2024-09-15,Sunday,TEN,NYJ,17,24,outdoors,grass,80
2024_02_NYG_WAS,2024,2,2024-09-15,Sunday,WAS,NYG,21,18,outdoors,grass,82
2024_02_LA_ARI,2024,2,2024-09-15,Sunday,ARI,LA,41,10,closed,grass,
2024_02_PIT_DEN,2024,2,2024-09-15,Sunday,DEN,PIT,6,13,outdoors,grass,83
2024_02_CIN_KC,2024,2,2024-09-15,Sunday,KC,CIN,26,25,outdoors,grass,89
2024_02_CHI_HOU,2024,2,2024-09-15,Sunday,HOU,CHI,19,13,closed,astroturf,
2024_02_ATL_PHI,2024,2,2024-09-16,Monday,PHI,ATL,21,22,outdoors,grass,71
2024_03_NE_NYJ,2024,3,2024-09-19,Thursday,NYJ,NE,24,3,outdoors,fieldturf,75
2024_03_NYG_CLE,2024,3,2024-09-22,Sunday,CLE,NYG,15,21,outdoors,grass,76
2024_03_CHI_IND,2024,3,2024-09-22,Sunday,IND,CHI,21,16,closed,fieldturf,
2024_03_HOU_MIN,2024,3,2024-09-22,Sunday,MIN,HOU,34,7,dome,sportturf,
2024_03_PHI_NO,2024,3,2024-09-22,Sunday,NO,PHI,12,15,dome,sportturf,
2024_03_LAC_PIT,2024,3,2024-09-22,Sunday,PIT,LAC,20,10,outdoors,grass,72
2024_03_DEN_TB,2024,3,2024-09-22,Sunday,TB,DEN,7,26,outdoors,grass,85
2024_03_GB_TEN,2024,3,2024-09-22,Sunday,TEN,GB,14,30,outdoors,grass,87
2024_03_CAR_LV,2024,3,2024-09-22,Sunday,LV,CAR,22,36,dome,grass,
2024_03_MIA_SEA,2024,3,2024-09-22,Sunday,SEA,MIA,24,3,outdoors,fieldturf,64
2024_03_DET_ARI,2024,3,2024-09-22,Sunday,ARI,DET,13,20,closed,grass,
2024_03_BAL_DAL,2024,3,2024-09-22,Sunday,DAL,BAL,25,28,closed,matrixturf,
2024_03_SF_LA,2024,3,2024-09-22,Sunday,LA,SF,27,24,dome,matrixturf,
2024_03_KC_ATL,2024,3,2024-09-22,Sunday,ATL,KC,17,22,closed,fieldturf,
2024_03_JAX_BUF,2024,3,2024-09-23,Monday,BUF,JAX,47,10,outdoors,a_turf,68
2024_03_WAS_CIN,2024,3,2024-09-23,Monday,CIN,WAS,33,38,outdoors,fieldturf,69
2024_04_DAL_NYG,2024,4,2024-09-26,Thursday,NYG,DAL,15,20,outdoors,fieldturf,74
2024_04_NO_ATL,2024,4,2024-09-29,Sunday,ATL,NO,26,24,closed,fieldturf,
2024_04_CIN_CAR,2024,4,2024-09-29,Sunday,CAR,CIN,24,34,outdoors,grass,78
2024_04_LA_CHI,2024,4,2024-09-29,Sunday,CHI,LA,24,18,outdoors,grass,70
2024_04_MIN_GB,2024,4,2024-09-29,Sunday,GB,MIN,29,31,outdoors,grass,71
2024_04_JAX_HOU,2024,4,2024-09-29,Sunday,HOU,JAX,24,20,closed,astroturf,
2024_04_PIT_IND,2024,4,2024-09-29,Sunday,IND,PIT,27,24,closed,fieldturf,
2024_04_DEN_NYJ,2024,4,2024-09-29,Sunday,NYJ,DEN,9,10,outdoors,fieldturf,67
2024_04_PHI_TB,2024,4,2024-09-29,Sunday,TB,PHI,33,16,outdoors,grass,88
2024_04_WAS_ARI,2024,4,2024-09-29,Sunday,ARI,WAS,14,42,closed,grass,
2024_04_NE_SF,2024,4,2024-09-29,Sunday,SF,NE,30,13,outdoors,grass,71
2024_04_KC_LAC,2024,4,2024-09-29,Sunday,LAC,KC,10,17,dome,matrixturf,
2024_04_CLE_LV,2024,4,2024-09-29,Sunday,LV,CLE,20,16,dome,grass,
2024_04_BUF_BAL,2024,4,2024-09-29,Sunday,BAL,BUF,35,10,outdoors,grass,68
2024_04_TEN_MIA,2024,4,2024-09-30,Monday,MIA,TEN,12,31,outdoors,grass,86
2024_04_SEA_DET,2024,4,2024-09-30,Monday,DET,SEA,42,29,dome,fieldturf,
2024_05_TB_ATL,2024,5,2024-10-03,Thursday,ATL,TB,36,30,closed,fieldturf,
2024_05_NYJ_MIN,2024,5,2024-10-06,Sunday,MIN,NYJ,23,17,outdoors,grass,59
2024_05_CAR_CHI,2024,5,2024-10-06,Sunday,CHI,CAR,36,10,outdoors,grass,74
2024_05_BAL_CIN,2024,5,2024-10-06,Sunday,CIN,BAL,38,41,outdoors,fieldturf,81
2024_05_BUF_HOU,2024,5,2024-10-06,Sunday,HOU,BUF,23,20,closed,astroturf,
2024_05_IND_JAX,2024,5,2024-10-06,Sunday,JAX,IND,37,34,outdoors,grass,74
2024_05_MIA_NE,2024,5,2024-10-06,Sunday,NE,MIA,10,15,outdoors,fieldturf,65
2024_05_CLE_WAS,2024,5,2024-10-06,Sunday,WAS,CLE,34,13,outdoors,grass,73
2024_05_LV_DEN,2024,5,2024-10-06,Sunday,DEN,LV,34,18,outdoors,grass,73
2024_05_ARI_SF,2024,5,2024-10-06,Sunday,SF,ARI,23,24,outdoors,grass,89
2024_05_GB_LA,2024,5,2024-10-06,Sunday,LA,GB,19,24,dome,matrixturf,
2024_05_NYG_SEA,2024,5,2024-10-06,Sunday,SEA,NYG,20,29,outdoors,fieldturf,61
2024_05_DAL_PIT,2024,5,2024-10-06,Sunday,PIT,DAL,17,20,outdoors,grass,67
2024_05_NO_KC,2024,5,2024-10-07,Monday,KC,NO,26,13,outdoors,grass,70
2024_06_SF_SEA,2024,6,2024-10-10,Thursday,SEA,SF,24,36,outdoors,fieldturf,59
2024_06_JAX_CHI,2024,6,2024-10-13,Sunday,CHI,JAX,35,16,outdoors,grass,54
2024_06_WAS_BAL,2024,6,2024-10-13,Sunday,BAL,WAS,30,23,outdoors,grass,75
2024_06_ARI_GB,2024,6,2024-10-13,Sunday,GB,ARI,34,13,outdoors,grass,50
2024_06_HOU_NE,2024,6,2024-10-13,Sunday,NE,HOU,21,41,outdoors,fieldturf,53
2024_06_TB_NO,2024,6,2024-10-13,Sunday,NO,TB,27,51,dome,sportturf,
2024_06_CLE_PHI,2024,6,2024-10-13,Sunday,PHI,CLE,20,16,outdoors,grass,82
2024_06_IND_TEN,2024,6,2024-10-13,Sunday,TEN,IND,17,20,outdoors,grass,80
2024_06_LAC_DEN,2024,6,2024-10-13,Sunday,DEN,LAC,16,23,outdoors,grass,65
2024_06_PIT_LV,2024,6,2024-10-13,Sunday,LV,PIT,13,32,dome,grass,
2024_06_ATL_CAR,2024,6,2024-10-13,Sunday,CAR,ATL,20,38,outdoors,grass,79
2024_06_DET_DAL,2024,6,2024-10-13,Sunday,DAL,DET,9,47,closed,matrixturf,
2024_06_CIN_NYG,2024,6,2024-10-13,Sunday,NYG,CIN,7,17,outdoors,fieldturf,63
2024_06_BUF_NYJ,2024,6,2024-10-14,Monday,NYJ,BUF,20,23,outdoors,fieldturf,49
2024_07_DEN_NO,2024,7,2024-10-17,Thursday,NO,DEN,10,33,dome,sportturf,
2024_07_NE_JAX,2024,7,2024-10-20,Sunday,JAX,NE,32,16,outdoors,grass,63
2024_07_SEA_ATL,2024,7,2024-10-20,Sunday,ATL,SEA,14,34,closed,fieldturf,
2024_07_TEN_BUF,2024,7,2024-10-20,Sunday,BUF,TEN,34,10,outdoors,a_turf,66
2024_07_CIN_CLE,2024,7,2024-10-20,Sunday,CLE,CIN,14,21,outdoors,grass,62
2024_07_HOU_GB,2024,7,2024-10-20,Sunday,GB,HOU,24,22,outdoors,grass,72
2024_07_MIA_IND,2024,7,2024-10-20,Sunday,IND,MIA,16,10,closed,fieldturf,
2024_07_DET_MIN,2024,7,2024-10-20,Sunday,MIN,DET,29,31,dome,sportturf,
2024_07_PHI_NYG,2024,7,2024-10-20,Sunday,NYG,PHI,3,28,outdoors,fieldturf,71
2024_07_LV_LA,2024,7,2024-10-20,Sunday,LA,LV,20,15,dome,matrixturf,
2024_07_CAR_WAS,2024,7,2024-10-20,Sunday,WAS,CAR,40,7,outdoors,grass,76
2024_07_KC_SF,2024,7,2024-10-20,Sunday,SF,KC,18,28,outdoors,grass,78
2024_07_NYJ_PIT,2024,7,2024-10-20,Sunday,PIT,NYJ,37,15,outdoors,grass,60
2024_07_BAL_TB,2024,7,2024-10-21,Monday,TB,BAL,31,41,outdoors,grass,80
2024_07_LAC_ARI,2024,7,2024-10-21,Monday,ARI,LAC,17,15,closed,grass,
2024_08_MIN_LA,2024,8,2024-10-24,Thursday,LA,MIN,30,20,dome,matrixturf,
2024_08_PHI_CIN,2024,8,2024-10-27,Sunday,CIN,PHI,17,37,outdoors,fieldturf,59
2024_08_BAL_CLE,2024,8,2024-10-27,Sunday,CLE,BAL,29,24,outdoors,grass,52
2024_08_TEN_DET,2024,8,2024-10-27,Sunday,DET,TEN,52,14,dome,fieldturf,
2024_08_IND_HOU,2024,8,2024-10-27,Sunday,HOU,IND,23,20,closed,astroturf,
2024_08_GB_JAX,2024,8,2024-10-27,Sunday,JAX,GB,27,30,outdoors,grass,84
2024_08_ARI_MIA,2024,8,2024-10-27,Sunday,MIA,ARI,27,28,outdoors,grass,82
2024_08_NYJ_NE,2024,8,2024-10-27,Sunday,NE,NYJ,25,22,outdoors,fieldturf,53
2024_08_ATL_TB,2024,8,2024-10-27,Sunday,TB,ATL,26,31,outdoors,grass,79
2024_08_NO_LAC,2024,8,2024-10-27,Sunday,LAC,NO,26,8,dome,matrixturf,
2024_08_BUF_SEA,2024,8,2024-10-27,Sunday,SEA,BUF,10,31,outdoors,fieldturf,55
2024_08_CAR_DEN,2024,8,2024-10-27,Sunday,DEN,CAR,28,14,outdoors,grass,76
2024_08_KC_LV,2024,8,2024-10-27,Sunday,LV,KC,20,27,dome,grass,
2024_08_CHI_WAS,2024,8,2024-10-27,Sunday,WAS,CHI,18,15,outdoors,grass,58
2024_08_DAL_SF,2024,8,2024-10-27,Sunday,SF,DAL,30,24,outdoors,grass,69
2024_08_NYG_PIT,2024,8,2024-10-28,Monday,PIT,NYG,26,18,outdoors,grass,54
2024_09_HOU_NYJ,2024,9,2024-10-31,Thursday,NYJ,HOU,21,13,outdoors,fieldturf,71
2024_09_DAL_ATL,2024,9,2024-11-03,Sunday,ATL,DAL,27,21,closed,fieldturf,
2024_09_DEN_BAL,2024,9,2024-11-03,Sunday,BAL,DEN,41,10,outdoors,grass,57
2024_09_MIA_BUF,2024,9,2024-11-03,Sunday,BUF,MIA,30,27,outdoors,a_turf,54
2024_09_NO_CAR,2024,9,2024-11-03,Sunday,CAR,NO,23,22,outdoors,grass,66
2024_09_LV_CIN,2024,9,2024-11-03,Sunday,CIN,LV,41,24,outdoors,fieldturf,67
2024_09_LAC_CLE,2024,9,2024-11-03,Sunday,CLE,LAC,10,27,outdoors,grass,57
2024_09_WAS_NYG,2024,9,2024-11-03,Sunday,NYG,WAS,22,27,outdoors,fieldturf,52
2024_09_NE_TEN,2024,9,2024-11-03,Sunday,TEN,NE,20,17,outdoors,grass,75
2024_09_CHI_ARI,2024,9,2024-11-03,Sunday,ARI,CHI,29,9,closed,grass,
2024_09_JAX_PHI,2024,9,2024-11-03,Sunday,PHI,JAX,28,23,outdoors,grass,57
2024_09_DET_GB,2024,9,2024-11-03,Sunday,GB,DET,14,24,outdoors,grass,50
2024_09_LA_SEA,2024,9,2024-11-03,Sunday,SEA,LA,20,26,outdoors,fieldturf,52
2024_09_IND_MIN,2024,9,2024-11-03,Sunday,MIN,IND,21,13,dome,sportturf,
2024_09_TB_KC,2024,9,2024-11-04,Monday,KC,TB,30,24,outdoors,grass,63
2024_10_CIN_BAL,2024,10,2024-11-07,Thursday,BAL,CIN,35,34,outdoors,grass,69
2024_10_NYG_CAR,2024,10,2024-11-10,Sunday,CAR,NYG,20,17,outdoors,unknown,
2024_10_NE_CHI,2024,10,2024-11-10,Sunday,CHI,NE,3,19,outdoors,grass,60
2024_10_BUF_IND,2024,10,2024-11-10,Sunday,IND,BUF,20,30,closed,fieldturf,
2024_10_MIN_JAX,2024,10,2024-11-10,Sunday,JAX,MIN,7,12,outdoors,grass,79
2024_10_DEN_KC,2024,10,2024-11-10,Sunday,KC,DEN,16,14,outdoors,grass,57
2024_10_ATL_NO,2024,10,2024-11-10,Sunday,NO,ATL,20,17,dome,sportturf,
2024_10_SF_TB,2024,10,2024-11-10,Sunday,TB,SF,20,23,outdoors,grass,85
2024_10_PIT_WAS,2024,10,2024-11-10,Sunday,WAS,PIT,27,28,outdoors,grass,57
2024_10_TEN_LAC,2024,10,2024-11-10,Sunday,LAC,TEN,27,17,dome,matrixturf,
2024_10_NYJ_ARI,2024,10,2024-11-10,Sunday,ARI,NYJ,31,6,closed,grass,
2024_10_PHI_DAL,2024,10,2024-11-10,Sunday,DAL,PHI,6,34,closed,matrixturf,
2024_10_DET_HOU,2024,10,2024-11-10,Sunday,HOU,DET,23,26,closed,astroturf,
2024_10_MIA_LA,2024,10,2024-11-11,Monday,LA,MIA,15,23,dome,matrixturf,
2024_11_WAS_PHI,2024,11,2024-11-14,Thursday,PHI,WAS,26,18,outdoors,grass,46
2024_11_GB_CHI,2024,11,2024-11-17,Sunday,CHI,GB,19,20,outdoors,grass,54
2024_11_JAX_DET,2024,11,2024-11-17,Sunday,DET,JAX,52,6,dome,fieldturf,
2024_11_LV_MIA,2024,11,2024-11-17,Sunday,MIA,LV,34,19,outdoors,grass,80
2024_11_LA_NE,2024,11,2024-11-17,Sunday,NE,LA,22,28,outdoors,fieldturf,59
2024_11_CLE_NO,2024,11,2024-11-17,Sunday,NO,CLE,35,14,dome,sportturf,
2024_11_IND_NYJ,2024,11,2024-11-17,Sunday,NYJ,IND,27,28,outdoors,fieldturf,62
2024_11_BAL_PIT,2024,11,2024-11-17,Sunday,PIT,BAL,18,16,outdoors,grass,52
2024_11_MIN_TEN,2024,11,2024-11-17,Sunday,TEN,MIN,13,23,outdoors,grass,66
2024_11_ATL_DEN,2024,11,2024-11-17,Sunday,DEN,ATL,38,6,outdoors,grass,55
2024_11_SEA_SF,2024,11,2024-11-17,Sunday,SF,SEA,17,20,outdoors,grass,59
2024_11_KC_BUF,2024,11,2024-11-17,Sunday,BUF,KC,30,21,outdoors,a_turf,50
2024_11_CIN_LAC,2024,11,2024-11-17,Sunday,LAC,CIN,34,27,dome,matrixturf,
2024_11_HOU_DAL,2024,11,2024-11-18,Monday,DAL,HOU,10,34,closed,matrixturf,
2024_12_PIT_CLE,2024,12,2024-11-21,Thursday,CLE,PIT,24,19,outdoors,grass,36
2024_12_KC_CAR,2024,12,2024-11-24,Sunday,CAR,KC,27,30,outdoors,grass,61
2024_12_MIN_CHI,2024,12,2024-11-24,Sunday,CHI,MIN,27,30,outdoors,grass,47
2024_12_TEN_HOU,2024,12,2024-11-24,Sunday,HOU,TEN,27,32,closed,astroturf,
2024_12_DET_IND,2024,12,2024-11-24,Sunday,IND,DET,6,24,closed,fieldturf,
2024_12_NE_MIA,2024,12,2024-11-24,Sunday,MIA,NE,34,15,outdoors,grass,77
2024_12_TB_NYG,2024,12,2024-11-24,Sunday,NYG,TB,7,30,outdoors,fieldturf,50
2024_12_DAL_WAS,2024,12,2024-11-24,Sunday,WAS,DAL,26,34,outdoors,grass,55
2024_12_DEN_LV,2024,12,2024-11-24,Sunday,LV,DEN,19,29,dome,grass,
2024_12_SF_GB,2024,12,2024-11-24,Sunday,GB,SF,38,10,outdoors,grass,43
2024_12_ARI_SEA,2024,12,2024-11-24,Sunday,SEA,ARI,16,6,outdoors,fieldturf,45
2024_12_PHI_LA,2024,12,2024-11-24,Sunday,LA,PHI,20,37,dome,matrixturf,
2024_12_BAL_LAC,2024,12,2024-11-25,Monday,LAC,BAL,23,30,dome,matrixturf,
2024_13_CHI_DET,2024,13,2024-11-28,Thursday,DET,CHI,23,20,dome,fieldturf,
2024_13_NYG_DAL,2024,13,2024-11-28,Thursday,DAL,NYG,27,20,closed,matrixturf,
2024_13_MIA_GB,2024,13,2024-11-28,Thursday,GB,MIA,30,17,outdoors,grass,27
2024_13_LV_KC,2024,13,2024-11-29,Friday,KC,LV,19,17,outdoors,grass,37
2024_13_LAC_ATL,2024,13,2024-12-01,Sunday,ATL,LAC,13,17,closed,fieldturf,
2024_13_PIT_CIN,2024,13,2024-12-01,Sunday,CIN,PIT,38,44,outdoors,fieldturf,32
2024_13_HOU_JAX,2024,13,2024-12-01,Sunday,JAX,HOU,20,23,outdoors,grass,
2024_13_ARI_MIN,2024,13,2024-12-01,Sunday,MIN,ARI,23,22,dome,sportturf,
2024_13_IND_NE,2024,13,2024-12-01,Sunday,NE,IND,24,25,outdoors,fieldturf,36
2024_13_SEA_NYJ,2024,13,2024-12-01,Sunday,NYJ,SEA,21,26,outdoors,fieldturf,37
2024_13_TEN_WAS,2024,13,2024-12-01,Sunday,WAS,TEN,42,19,outdoors,grass,42
2024_13_TB_CAR,2024,13,2024-12-01,Sunday,CAR,TB,23,26,outdoors,grass,51
2024_13_LA_NO,2024,13,2024-12-01,Sunday,NO,LA,14,21,dome,sportturf,
2024_13_PHI_BAL,2024,13,2024-12-01,Sunday,BAL,PHI,19,24,outdoors,grass,41
2024_13_SF_BUF,2024,13,2024-12-01,Sunday,BUF,SF,35,10,outdoors,a_turf,28
2024_13_CLE_DEN,2024,13,2024-12-02,Monday,DEN,CLE,41,32,outdoors,grass,48
2024_14_GB_DET,2024,14,2024-12-05,Thursday,DET,GB,34,31,dome,fieldturf,
2024_14_NYJ_MIA,2024,14,2024-12-08,Sunday,MIA,NYJ,32,26,outdoors,grass,77
2024_14_ATL_MIN,2024,14,2024-12-08,Sunday,MIN,ATL,42,21,dome,sportturf,
2024_14_NO_NYG,2024,14,2024-12-08,Sunday,NYG,NO,11,14,outdoors,fieldturf,54
2024_14_CAR_PHI,2024,14,2024-12-08,Sunday,PHI,CAR,22,16,outdoors,grass,55
2024_14_CLE_PIT,2024,14,2024-12-08,Sunday,PIT,CLE,27,14,outdoors,grass,49
2024_14_LV_TB,2024,14,2024-12-08,Sunday,TB,LV,28,13,outdoors,grass,71
2024_14_JAX_TEN,2024,14,2024-12-08,Sunday,TEN,JAX,6,10,outdoors,grass,53
2024_14_SEA_ARI,2024,14,2024-12-08,Sunday,ARI,SEA,18,30,closed,grass,
2024_14_BUF_LA,2024,14,2024-12-08,Sunday,LA,BUF,44,42,dome,matrixturf,
2024_14_CHI_SF,2024,14,2024-12-08,Sunday,SF,CHI,38,13,outdoors,grass,65
2024_14_LAC_KC,2024,14,2024-12-08,Sunday,KC,LAC,19,17,outdoors,grass,50
2024_14_CIN_DAL,2024,14,2024-12-09,Monday,DAL,CIN,20,27,closed,matrixturf,
2024_15_LA_SF,2024,15,2024-12-12,Thursday,SF,LA,6,12,outdoors,grass,53
2024_15_DAL_CAR,2024,15,2024-12-15,Sunday,CAR,DAL,14,30,outdoors,grass,45
2024_15_KC_CLE,2024,15,2024-12-15,Sunday,CLE,KC,7,21,outdoors,grass,40
2024_15_MIA_HOU,2024,15,2024-12-15,Sunday,HOU,MIA,20,12,closed,astroturf,
2024_15_NYJ_JAX,2024,15,2024-12-15,Sunday,JAX,NYJ,25,32,outdoors,grass,
2024_15_WAS_NO,2024,15,2024-12-15,Sunday,NO,WAS,19,20,dome,sportturf,
2024_15_BAL_NYG,2024,15,2024-12-15,Sunday,NYG,BAL,14,35,outdoors,fieldturf,36
2024_15_CIN_TEN,2024,15,2024-12-15,Sunday,TEN,CIN,27,37,outdoors,grass,52
2024_15_NE_ARI,2024,15,2024-12-15,Sunday,ARI,NE,30,17,closed,grass,
2024_15_IND_DEN,2024,15,2024-12-15,Sunday,DEN,IND,31,13,outdoors,grass,55
2024_15_BUF_DET,2024,15,2024-12-15,Sunday,DET,BUF,42,48,dome,fieldturf,
2024_15_TB_LAC,2024,15,2024-12-15,Sunday,LAC,TB,17,40,dome,matrixturf,
2024_15_PIT_PHI,2024,15,2024-12-15,Sunday,PHI,PIT,27,13,outdoors,grass,37
2024_15_GB_SEA,2024,15,2024-12-15,Sunday,SEA,GB,13,30,outdoors,fieldturf,43
2024_15_CHI_MIN,2024,15,2024-12-16,Monday,MIN,CHI,30,12,dome,sportturf,
2024_15_ATL_LV,2024,15,2024-12-16,Monday,LV,ATL,9,15,dome,grass,
2024_16_DEN_LAC,2024,16,2024-12-19,Thursday,LAC,DEN,34,27,dome,matrixturf,
2024_16_HOU_KC,2024,16,2024-12-21,Saturday,KC,HOU,27,19,outdoors,grass,30
2024_16_PIT_BAL,2024,16,2024-12-21,Saturday,BAL,PIT,34,17,outdoors,grass,35
2024_16_NYG_ATL,2024,16,2024-12-22,Sunday,ATL,NYG,34,7,closed,fieldturf,
2024_16_ARI_CAR,2024,16,2024-12-22,Sunday,CAR,ARI,36,30,outdoors,grass,37
2024_16_DET_CHI,2024,16,2024-12-22,Sunday,CHI,DET,17,34,outdoors,grass,29
2024_16_CLE_CIN,2024,16,2024-12-22,Sunday,CIN,CLE,24,6,outdoors,fieldturf,33
2024_16_TEN_IND,2024,16,2024-12-22,Sunday,IND,TEN,38,30,closed,fieldturf,
2024_16_LA_NYJ,2024,16,2024-12-22,Sunday,NYJ,LA,9,19,outdoors,fieldturf,23
2024_16_PHI_WAS,2024,16,2024-12-22,Sunday,WAS,PHI,36,33,outdoors,grass,32
2024_16_MIN_SEA,2024,16,2024-12-22,Sunday,SEA,MIN,24,27,outdoors,fieldturf,48
2024_16_NE_BUF,2024,16,2024-12-22,Sunday,BUF,NE,24,21,outdoors,a_turf,14
2024_16_JAX_LV,2024,16,2024-12-22,Sunday,LV,JAX,19,14,dome,grass,
2024_16_SF_MIA,2024,16,2024-12-22,Sunday,MIA,SF,29,17,outdoors,grass,73
2024_16_TB_DAL,2024,16,2024-12-22,Sunday,DAL,TB,26,24,closed,matrixturf,
2024_16_NO_GB,2024,16,2024-12-23,Monday,GB,NO,34,0,outdoors,grass,34
2024_17_KC_PIT,2024,17,2024-12-25,Wednesday,PIT,KC,10,29,outdoors,grass,39
2024_17_BAL_HOU,2024,17,2024-12-25,Wednesday,HOU,BAL,2,31,closed,astroturf,
2024_17_SEA_CHI,2024,17,2024-12-26,Thursday,CHI,SEA,3,6,outdoors,grass,47
2024_17_LAC_NE,2024,17,2024-12-28,Saturday,NE,LAC,7,40,outdoors,fieldturf,40
2024_17_DEN_CIN,2024,17,2024-12-28,Saturday,CIN,DEN,30,24,outdoors,fieldturf,60
2024_17_ARI_LA,2024,17,2024-12-28,Saturday,LA,ARI,13,9,dome,matrixturf,
2024_17_NYJ_BUF,2024,17,2024-12-29,Sunday,BUF,NYJ,40,14,outdoors,a_turf,54
2024_17_TEN_JAX,2024,17,2024-12-29,Sunday,JAX,TEN,20,13,outdoors,grass,72
2024_17_LV_NO,2024,17,2024-12-29,Sunday,NO,LV,10,25,dome,sportturf,
2024_17_IND_NYG,2024,17,2024-12-29,Sunday,NYG,IND,45,33,outdoors,fieldturf,54
2024_17_DAL_PHI,2024,17,2024-12-29,Sunday,PHI,DAL,41,7,outdoors,grass,62
2024_17_CAR_TB,2024,17,2024-12-29,Sunday,TB,CAR,48,14,outdoors,grass,76
2024_17_MIA_CLE,2024,17,2024-12-29,Sunday,CLE,MIA,3,20,outdoors,grass,54
2024_17_GB_MIN,2024,17,2024-12-29,Sunday,MIN,GB,27,25,dome,sportturf,
2024_17_ATL_WAS,2024,17,2024-12-29,Sunday,WAS,ATL,30,24,outdoors,grass,58
2024_17_DET_SF,2024,17,2024-12-30,Monday,SF,DET,34,40,outdoors,grass,
2024_18_CLE_BAL,2024,18,2025-01-04,Saturday,BAL,CLE,35,10,outdoors,grass,31
2024_18_CIN_PIT,2024,18,2025-01-04,Saturday,PIT,CIN,17,19,outdoors,grass,19
2024_18_CAR_ATL,2024,18,2025-01-05,Sunday,ATL,CAR,38,44,closed,fieldturf,
2024_18_WAS_DAL,2024,18,2025-01-05,Sunday,DAL,WAS,19,23,closed,matrixturf,
2024_18_CHI_GB,2024,18,2025-01-05,Sunday,GB,CHI,22,24,outdoors,grass,16
2024_18_JAX_IND,2024,18,2025-01-05,Sunday,IND,JAX,26,23,closed,fieldturf,
2024_18_BUF_NE,2024,18,2025-01-05,Sunday,NE,BUF,23,16,outdoors,fieldturf,33
2024_18_NYG_PHI,2024,18,2025-01-05,Sunday,PHI,NYG,20,13,outdoors,grass,31
2024_18_NO_TB,2024,18,2025-01-05,Sunday,TB,NO,27,19,outdoors,grass,68
2024_18_HOU_TEN,2024,18,2025-01-05,Sunday,TEN,HOU,14,23,outdoors,grass,35
2024_18_SF_ARI,2024,18,2025-01-05,Sunday,ARI,SF,47,24,closed,grass,
2024_18_KC_DEN,2024,18,2025-01-05,Sunday,DEN,KC,38,0,outdoors,grass,28
2024_18_SEA_LA,2024,18,2025-01-05,Sunday,LA,SEA,25,30,dome,matrixturf,
2024_18_LAC_LV,2024,18,2025-01-05,Sunday,LV,LAC,20,34,dome,grass,
2024_18_MIA_NYJ,2024,18,2025-01-05,Sunday,NYJ,MIA,32,20,outdoors,fieldturf,34
2024_18_MIN_DET,2024,18,2025-01-05,Sunday,DET,MIN,31,9,dome,fieldturf,
2025_01_DAL_PHI,2025,1,2025-09-04,Thursday,PHI,DAL,24,20,outdoors,grass,75
2025_01_KC_LAC,2025,1,2025-09-05,Friday,LAC,KC,27,21,dome,unknown,
2025_01_TB_ATL,2025,1,2025-09-07,Sunday,ATL,TB,20,23,closed,fieldturf,
2025_01_CIN_CLE,2025,1,2025-09-07,Sunday,CLE,CIN,16,17,outdoors,grass,63
2025_01_MIA_IND,2025,1,2025-09-07,Sunday,IND,MIA,33,8,closed,fieldturf,
2025_01_CAR_JAX,2025,1,2025-09-07,Sunday,JAX,CAR,26,10,outdoors,grass,85
2025_01_LV_NE,2025,1,2025-09-07,Sunday,NE,LV,13,20,outdoors,fieldturf,62
2025_01_ARI_NO,2025,1,2025-09-07,Sunday,NO,ARI,13,20,dome,sportturf,
2025_01_PIT_NYJ,2025,1,2025-09-07,Sunday,NYJ,PIT,32,34,outdoors,fieldturf,67
2025_01_NYG_WAS,2025,1,2025-09-07,Sunday,WAS,NYG,21,6,outdoors,grass,68
2025_01_TEN_DEN,2025,1,2025-09-07,Sunday,DEN,TEN,20,12,outdoors,grass,84
2025_01_SF_SEA,2025,1,2025-09-07,Sunday,SEA,SF,13,17,outdoors,fieldturf,67
2025_01_DET_GB,2025,1,2025-09-07,Sunday,GB,DET,27,13,outdoors,grass,60
2025_01_HOU_LA,2025,1,2025-09-07,Sunday,LA,HOU,14,9,dome,matrixturf,
2025_01_BAL_BUF,2025,1,2025-09-07,Sunday,BUF,BAL,41,40,outdoors,a_turf,58
2025_01_MIN_CHI,2025,1,2025-09-08,Monday,CHI,MIN,24,27,outdoors,grass,68
2025_02_WAS_GB,2025,2,2025-09-11,Thursday,GB,WAS,27,18,outdoors,grass,65
2025_02_CLE_BAL,2025,2,2025-09-14,Sunday,BAL,CLE,41,17,outdoors,grass,82
2025_02_JAX_CIN,2025,2,2025-09-14,Sunday,CIN,JAX,31,27,outdoors,fieldturf,85
2025_02_NYG_DAL,2025,2,2025-09-14,Sunday,DAL,NYG,40,37,closed,matrixturf,
2025_02_CHI_DET,2025,2,2025-09-14,Sunday,DET,CHI,52,21,dome,fieldturf,
2025_02_NE_MIA,2025,2,2025-09-14,Sunday,MIA,NE,27,33,outdoors,grass,89
2025_02_SF_NO,2025,2,2025-09-14,Sunday,NO,SF,21,26,dome,sportturf,
2025_02_BUF_NYJ,2025,2,2025-09-14,Sunday,NYJ,BUF,10,30,outdoors,fieldturf,80
2025_02_SEA_PIT,2025,2,2025-09-14,Sunday,PIT,SEA,17,31,outdoors,grass,79
2025_02_LA_TEN,2025,2,2025-09-14,Sunday,TEN,LA,19,33,outdoors,grass,83
2025_02_CAR_ARI,2025,2,2025-09-14,Sunday,ARI,CAR,27,22,closed,grass,
2025_02_DEN_IND,2025,2,2025-09-14,Sunday,IND,DEN,29,28,closed,fieldturf,
2025_02_PHI_KC,2025,2,2025-09-14,Sunday,KC,PHI,17,20,outdoors,grass,88
2025_02_ATL_MIN,2025,2,2025-09-14,Sunday,MIN,ATL,6,22,dome,sportturf,
2025_02_TB_HOU,2025,2,2025-09-15,Monday,HOU,TB,19,20,closed,astroturf,
2025_02_LAC_LV,2025,2,2025-09-15,Monday,LV,LAC,9,20,dome,grass,
2025_03_MIA_BUF,2025,3,2025-09-18,Thursday,BUF,MIA,31,21,outdoors,a_turf,68
2025_03_ATL_CAR,2025,3,2025-09-21,Sunday,CAR,ATL,30,0,outdoors,grass,83
2025_03_GB_CLE,2025,3,2025-09-21,Sunday,CLE,GB,13,10,outdoors,grass,79
2025_03_HOU_JAX,2025,3,2025-09-21,Sunday,JAX,HOU,17,10,outdoors,grass,85
2025_03_CIN_MIN,2025,3,2025-09-21,Sunday,MIN,CIN,48,10,dome,sportturf,
2025_03_PIT_NE,2025,3,2025-09-21,Sunday,NE,PIT,14,21,outdoors,fieldturf,66
2025_03_LA_PHI,2025,3,2025-09-21,Sunday,PHI,LA,33,26,outdoors,grass,73
2025_03_NYJ_TB,2025,3,2025-09-21,Sunday,TB,NYJ,29,27,outdoors,grass,88
2025_03_IND_TEN,2025,3,2025-09-21,Sunday,TEN,IND,20,41,outdoors,grass,84
2025_03_LV_WAS,2025,3,2025-09-21,Sunday,WAS,LV,41,24,outdoors,grass,72
2025_03_DEN_LAC,2025,3,2025-09-21,Sunday,LAC,DEN,23,20,dome,matrixturf,
2025_03_NO_SEA,2025,3,2025-09-21,Sunday,SEA,NO,44,13,outdoors,fieldturf,63
2025_03_DAL_CHI,2025,3,2025-09-21,Sunday,CHI,DAL,31,14,outdoors,grass,82
2025_03_ARI_SF,2025,3,2025-09-21,Sunday,SF,ARI,16,15,outdoors,grass,72
2025_03_KC_NYG,2025,3,2025-09-21,Sunday,NYG,KC,9,22,outdoors,fieldturf,65
2025_03_DET_BAL,2025,3,2025-09-22,Monday,BAL,DET,30,38,outdoors,grass,74
2025_04_SEA_ARI,2025,4,2025-09-25,Thursday,ARI,SEA,20,23,closed,grass,
2025_04_MIN_PIT,2025,4,2025-09-28,Sunday,PIT,MIN,24,21,outdoors,grass,61
2025_04_WAS_ATL,2025,4,2025-09-28,Sunday,ATL,WAS,34,27,closed,fieldturf,
2025_04_NO_BUF,2025,4,2025-09-28,Sunday,BUF,NO,31,19,outdoors,a_turf,73
2025_04_CLE_DET,2025,4,2025-09-28,Sunday,DET,CLE,34,10,dome,fieldturf,
2025_04_TEN_HOU,2025,4,2025-09-28,Sunday,HOU,TEN,26,0,closed,astroturf,
2025_04_CAR_NE,2025,4,2025-09-28,Sunday,NE,CAR,42,13,outdoors,fieldturf,76
2025_04_LAC_NYG,2025,4,2025-09-28,Sunday,NYG,LAC,21,18,outdoors,fieldturf,81
2025_04_PHI_TB,2025,4,2025-09-28,Sunday,TB,PHI,25,31,outdoors,grass,88
2025_04_IND_LA,2025,4,2025-09-28,Sunday,LA,IND,27,20,dome,matrixturf,
2025_04_JAX_SF,2025,4,2025-09-28,Sunday,SF,JAX,21,26,outdoors,grass,72
2025_04_BAL_KC,2025,4,2025-09-28,Sunday,KC,BAL,37,20,outdoors,grass,89
2025_04_CHI_LV,2025,4,2025-09-28,Sunday,LV,CHI,24,25,dome,grass,
2025_04_GB_DAL,2025,4,2025-09-28,Sunday,DAL,GB,40,40,closed,matrixturf,
2025_04_NYJ_MIA,2025,4,2025-09-29,Monday,MIA,NYJ,27,21,outdoors,grass,88
2025_04_CIN_DEN,2025,4,2025-09-29,Monday,DEN,CIN,28,3,outdoors,grass,66
2025_05_SF_LA,2025,5,2025-10-02,Thursday,LA,SF,23,26,dome,matrixturf,
2025_05_MIN_CLE,2025,5,2025-10-05,Sunday,CLE,MIN,17,21,outdoors,grass,61
2025_05_HOU_BAL,2025,5,2025-10-05,Sunday,BAL,HOU,10,44,outdoors,grass,78
2025_05_MIA_CAR,2025,5,2025-10-05,Sunday,CAR,MIA,27,24,outdoors,grass,77
2025_05_LV_IND,2025,5,2025-10-05,Sunday,IND,LV,40,6,closed,fieldturf,
2025_05_NYG_NO,2025,5,2025-10-05,Sunday,NO,NYG,26,14,dome,sportturf,
2025_05_DAL_NYJ,2025,5,2025-10-05,Sunday,NYJ,DAL,22,37,outdoors,fieldturf,82
2025_05_DEN_PHI,2025,5,2025-10-05,Sunday,PHI,DEN,17,21,outdoors,grass,80
2025_05_TEN_ARI,2025,5,2025-10-05,Sunday,ARI,TEN,21,22,closed,grass,
2025_05_TB_SEA,2025,5,2025-10-05,Sunday,SEA,TB,35,38,outdoors,fieldturf,61
2025_05_DET_CIN,2025,5,2025-10-05,Sunday,CIN,DET,24,37,outdoors,fieldturf,84
2025_05_WAS_LAC,2025,5,2025-10-05,Sunday,LAC,WAS,10,27,dome,matrixturf,
2025_05_NE_BUF,2025,5,2025-10-05,Sunday,BUF,NE,20,23,outdoors,a_turf,66
2025_05_KC_JAX,2025,5,2025-10-06,Monday,JAX,KC,31,28,outdoors,grass,80
2025_06_PHI_NYG,2025,6,2025-10-09,Thursday,NYG,PHI,34,17,outdoors,fieldturf,53
2025_06_DEN_NYJ,2025,6,2025-10-12,Sunday,NYJ,DEN,11,13,outdoors,grass,59
2025_06_LA_BAL,2025,6,2025-10-12,Sunday,BAL,LA,3,17,outdoors,grass,64
2025_06_DAL_CAR,2025,6,2025-10-12,Sunday,CAR,DAL,30,27,outdoors,grass,68
2025_06_ARI_IND,2025,6,2025-10-12,Sunday,IND,ARI,31,27,closed,fieldturf,
2025_06_SEA_JAX,2025,6,2025-10-12,Sunday,JAX,SEA,12,20,outdoors,grass,76
2025_06_LAC_MIA,2025,6,2025-10-12,Sunday,MIA,LAC,27,29,outdoors,grass,85
2025_06_NE_NO,2025,6,2025-10-12,Sunday,NO,NE,19,25,dome,sportturf,
2025_06_CLE_PIT,2025,6,2025-10-12,Sunday,PIT,CLE,23,9,outdoors,grass,64
2025_06_TEN_LV,2025,6,2025-10-12,Sunday,LV,TEN,20,10,dome,grass,
2025_06_CIN_GB,2025,6,2025-10-12,Sunday,GB,CIN,27,18,outdoors,grass,64
2025_06_SF_TB,2025,6,2025-10-12,Sunday,TB,SF,30,19,outdoors,grass,82
2025_06_DET_KC,2025,6,2025-10-12,Sunday,KC,DET,30,17,outdoors,grass,85
2025_06_BUF_ATL,2025,6,2025-10-13,Monday,ATL,BUF,24,14,closed,fieldturf,
2025_06_CHI_WAS,2025,6,2025-10-13,Monday,WAS,CHI,24,25,outdoors,grass,59
2025_07_PIT_CIN,2025,7,2025-10-16,Thursday,CIN,PIT,33,31,outdoors,fieldturf,60
2025_07_LA_JAX,2025,7,2025-10-19,Sunday,JAX,LA,7,35,outdoors,grass,59
2025_07_NO_CHI,2025,7,2025-10-19,Sunday,CHI,NO,26,14,outdoors,grass,49
2025_07_MIA_CLE,2025,7,2025-10-19,Sunday,CLE,MIA,31,6,outdoors,grass,65
2025_07_LV_KC,2025,7,2025-10-19,Sunday,KC,LV,31,0,outdoors,grass,57
2025_07_PHI_MIN,2025,7,2025-10-19,Sunday,MIN,PHI,22,28,dome,sportturf,
2025_07_CAR_NYJ,2025,7,2025-10-19,Sunday,NYJ,CAR,6,13,outdoors,fieldturf,71
2025_07_NE_TEN,2025,7,2025-10-19,Sunday,TEN,NE,13,31,outdoors,grass,60
2025_07_NYG_DEN,2025,7,2025-10-19,Sunday,DEN,NYG,33,32,outdoors,grass,72
2025_07_IND_LAC,2025,7,2025-10-19,Sunday,LAC,IND,24,38,dome,matrixturf,
2025_07_GB_ARI,2025,7,2025-10-19,Sunday,ARI,GB,23,27,closed,grass,
2025_07_WAS_DAL,2025,7,2025-10-19,Sunday,DAL,WAS,44,22,closed,matrixturf,
2025_07_ATL_SF,2025,7,2025-10-19,Sunday,SF,ATL,20,10,outdoors,grass,74
2025_07_TB_DET,2025,7,2025-10-20,Monday,DET,TB,24,9,dome,fieldturf,
2025_07_HOU_SEA,2025,7,2025-10-20,Monday,SEA,HOU,27,19,outdoors,fieldturf,56
2025_08_MIN_LAC,2025,8,2025-10-23,Thursday,LAC,MIN,37,10,dome,matrixturf,
2025_08_MIA_ATL,2025,8,2025-10-26,Sunday,ATL,MIA,10,34,closed,fieldturf,
2025_08_CHI_BAL,2025,8,2025-10-26,Sunday,BAL,CHI,30,16,outdoors,grass,60
2025_08_BUF_CAR,2025,8,2025-10-26,Sunday,CAR,BUF,9,40,outdoors,grass,63
2025_08_NYJ_CIN,2025,8,2025-10-26,Sunday,CIN,NYJ,38,39,outdoors,fieldturf,57
2025_08_SF_HOU,2025,8,2025-10-26,Sunday,HOU,SF,26,15,closed,astroturf,
2025_08_CLE_NE,2025,8,2025-10-26,Sunday,NE,CLE,32,13,outdoors,fieldturf,53
2025_08_NYG_PHI,2025,8,2025-10-26,Sunday,PHI,NYG,38,20,outdoors,grass,60
2025_08_TB_NO,2025,8,2025-10-26,Sunday,NO,TB,3,23,dome,sportturf,
2025_08_DAL_DEN,2025,8,2025-10-26,Sunday,DEN,DAL,44,24,outdoors,grass,67
2025_08_TEN_IND,2025,8,2025-10-26,Sunday,IND,TEN,38,14,closed,fieldturf,
2025_08_GB_PIT,2025,8,2025-10-26,Sunday,PIT,GB,25,35,outdoors,grass,46
2025_08_WAS_KC,2025,8,2025-10-27,Monday,KC,WAS,28,7,outdoors,grass,54
2025_09_BAL_MIA,2025,9,2025-10-30,Thursday,MIA,BAL,6,28,outdoors,grass,73
2025_09_CHI_CIN,2025,9,2025-11-02,Sunday,CIN,CHI,42,47,outdoors,fieldturf,50
2025_09_MIN_DET,2025,9,2025-11-02,Sunday,DET,MIN,24,27,dome,fieldturf,
2025_09_CAR_GB,2025,9,2025-11-02,Sunday,GB,CAR,13,16,outdoors,grass,47
2025_09_DEN_HOU,2025,9,2025-11-02,Sunday,HOU,DEN,15,18,closed,astroturf,
2025_09_ATL_NE,2025,9,2025-11-02,Sunday,NE,ATL,24,23,outdoors,fieldturf,52
2025_09_SF_NYG,2025,9,2025-11-02,Sunday,NYG,SF,24,34,outdoors,fieldturf,56
2025_09_IND_PIT,2025,9,2025-11-02,Sunday,PIT,IND,27,20,outdoors,grass,56
2025_09_LAC_TEN,2025,9,2025-11-02,Sunday,TEN,LAC,20,27,outdoors,grass,46
2025_09_NO_LA,2025,9,2025-11-02,Sunday,LA,NO,34,10,dome,matrixturf,
2025_09_JAX_LV,2025,9,2025-11-02,Sunday,LV,JAX,29,30,dome,grass,
2025_09_KC_BUF,2025,9,2025-11-02,Sunday,BUF,KC,28,21,outdoors,a_turf,54
2025_09_SEA_WAS,2025,9,2025-11-02,Sunday,WAS,SEA,14,38,outdoors,grass,53
2025_09_ARI_DAL,2025,9,2025-11-03,Monday,DAL,ARI,17,27,closed,matrixturf,
2025_10_LV_DEN,2025,10,2025-11-06,Thursday,DEN,LV,10,7,outdoors,grass,60
2025_10_ATL_IND,2025,10,2025-11-09,Sunday,IND,ATL,31,25,closed,grass,46
2025_10_NO_CAR,2025,10,2025-11-09,Sunday,CAR,NO,7,17,outdoors,grass,73
2025_10_NYG_CHI,2025,10,2025-11-09,Sunday,CHI,NYG,24,20,outdoors,grass,33
2025_10_JAX_HOU,2025,10,2025-11-09,Sunday,HOU,JAX,36,29,closed,astroturf,
2025_10_BUF_MIA,2025,10,2025-11-09,Sunday,MIA,BUF,30,13,outdoors,grass,84
2025_10_BAL_MIN,2025,10,2025-11-09,Sunday,MIN,BAL,19,27,dome,sportturf,
2025_10_CLE_NYJ,2025,10,2025-11-09,Sunday,NYJ,CLE,27,20,outdoors,fieldturf,62
2025_10_NE_TB,2025,10,2025-11-09,Sunday,TB,NE,23,28,outdoors,grass,82
2025_10_ARI_SEA,2025,10,2025-11-09,Sunday,SEA,ARI,44,22,outdoors,fieldturf,59
2025_10_LA_SF,2025,10,2025-11-09,Sunday,SF,LA,26,42,outdoors,grass,77
2025_10_DET_WAS,2025,10,2025-11-09,Sunday,WAS,DET,22,44,outdoors,grass,64
2025_10_PIT_LAC,2025,10,2025-11-09,Sunday,LAC,PIT,25,10,dome,matrixturf,
2025_10_PHI_GB,2025,10,2025-11-10,Monday,GB,PHI,7,10,outdoors,grass,33
2025_11_NYJ_NE,2025,11,2025-11-13,Thursday,NE,NYJ,27,14,outdoors,fieldturf,39
2025_11_WAS_MIA,2025,11,2025-11-16,Sunday,MIA,WAS,16,13,outdoors,grass,
2025_11_CAR_ATL,2025,11,2025-11-16,Sunday,ATL,CAR,27,30,closed,fieldturf,
2025_11_TB_BUF,2025,11,2025-11-16,Sunday,BUF,TB,44,32,outdoors,a_turf,38
2025_11_LAC_JAX,2025,11,2025-11-16,Sunday,JAX,LAC,35,6,outdoors,grass,74
2025_11_CHI_MIN,2025,11,2025-11-16,Sunday,MIN,CHI,17,19,dome,sportturf,
2025_11_GB_NYG,2025,11,2025-11-16,Sunday,NYG,GB,20,27,outdoors,fieldturf,55
2025_11_CIN_PIT,2025,11,2025-11-16,Sunday,PIT,CIN,34,12,outdoors,grass,46
2025_11_HOU_TEN,2025,11,2025-11-16,Sunday,TEN,HOU,13,16,outdoors,grass,64
2025_11_SF_ARI,2025,11,2025-11-16,Sunday,ARI,SF,22,41,closed,grass,
2025_11_SEA_LA,2025,11,2025-11-16,Sunday,LA,SEA,21,19,dome,matrixturf,
2025_11_BAL_CLE,2025,11,2025-11-16,Sunday,CLE,BAL,16,23,outdoors,grass,44
2025_11_KC_DEN,2025,11,2025-11-16,Sunday,DEN,KC,22,19,outdoors,grass,70
2025_11_DET_PHI,2025,11,2025-11-16,Sunday,PHI,DET,16,9,outdoors,grass,45
2025_11_DAL_LV,2025,11,2025-11-17,Monday,LV,DAL,16,33,dome,grass,
2025_12_BUF_HOU,2025,12,2025-11-20,Thursday,HOU,BUF,23,19,closed,astroturf,
2025_12_NYJ_BAL,2025,12,2025-11-23,Sunday,BAL,NYJ,23,10,outdoors,grass,54
2025_12_PIT_CHI,2025,12,2025-11-23,Sunday,CHI,PIT,31,28,outdoors,grass,51
2025_12_NE_CIN,2025,12,2025-11-23,Sunday,CIN,NE,20,26,outdoors,fieldturf,54
2025_12_NYG_DET,2025,12,2025-11-23,Sunday,DET,NYG,34,27,dome,fieldturf,
2025_12_MIN_GB,2025,12,2025-11-23,Sunday,GB,MIN,23,6,outdoors,grass,43
2025_12_IND_KC,2025,12,2025-11-23,Sunday,KC,IND,23,20,outdoors,grass,
2025_12_SEA_TEN,2025,12,2025-11-23,Sunday,TEN,SEA,24,30,outdoors,grass,55
2025_12_JAX_ARI,2025,12,2025-11-23,Sunday,ARI,JAX,24,27,closed,grass,
2025_12_CLE_LV,2025,12,2025-11-23,Sunday,LV,CLE,10,24,dome,grass,
2025_12_PHI_DAL,2025,12,2025-11-23,Sunday,DAL,PHI,24,21,closed,matrixturf,
2025_12_ATL_NO,2025,12,2025-11-23,Sunday,NO,ATL,10,24,dome,sportturf,
2025_12_TB_LA,2025,12,2025-11-23,Sunday,LA,TB,34,7,dome,matrixturf,
2025_12_CAR_SF,2025,12,2025-11-24,Monday,SF,CAR,20,9,outdoors,grass,58
2025_13_GB_DET,2025,13,2025-11-27,Thursday,DET,GB,24,31,dome,fieldturf,
2025_13_KC_DAL,2025,13,2025-11-27,Thursday,DAL,KC,31,28,closed,matrixturf,
2025_13_CIN_BAL,2025,13,2025-11-27,Thursday,BAL,CIN,14,32,outdoors,grass,38
2025_13_CHI_PHI,2025,13,2025-11-28,Friday,PHI,CHI,15,24,outdoors,grass,42
2025_13_LA_CAR,2025,13,2025-11-30,Sunday,CAR,LA,31,28,outdoors,grass,45
2025_13_SF_CLE,2025,13,2025-11-30,Sunday,CLE,SF,8,26,outdoors,grass,35
2025_13_HOU_IND,2025,13,2025-11-30,Sunday,IND,HOU,16,20,closed,fieldturf,
2025_13_NO_MIA,2025,13,2025-11-30,Sunday,MIA,NO,21,17,outdoors,grass,76
2025_13_ATL_NYJ,2025,13,2025-11-30,Sunday,NYJ,ATL,27,24,outdoors,fieldturf,43
2025_13_ARI_TB,2025,13,2025-11-30,Sunday,TB,ARI,20,17,outdoors,grass,80
2025_13_JAX_TEN,2025,13,2025-11-30,Sunday,TEN,JAX,3,25,outdoors,grass,38
2025_13_MIN_SEA,2025,13,2025-11-30,Sunday,SEA,MIN,26,0,outdoors,fieldturf,45
2025_13_LV_LAC,2025,13,2025-11-30,Sunday,LAC,LV,31,14,dome,matrixturf,
2025_13_BUF_PIT,2025,13,2025-11-30,Sunday,PIT,BUF,7,26,outdoors,grass,34
2025_13_DEN_WAS,2025,13,2025-11-30,Sunday,WAS,DEN,26,27,outdoors,grass,40
2025_13_NYG_NE,2025,13,2025-12-01,Monday,NE,NYG,33,15,outdoors,fieldturf,30
2025_14_DAL_DET,2025,14,2025-12-04,Thursday,DET,DAL,44,30,dome,fieldturf,
2025_14_SEA_ATL,2025,14,2025-12-07,Sunday,ATL,SEA,9,37,closed,fieldturf,
2025_14_PIT_BAL,2025,14,2025-12-07,Sunday,BAL,PIT,22,27,outdoors,grass,44
2025_14_TEN_CLE,2025,14,2025-12-07,Sunday,CLE,TEN,29,31,outdoors,grass,33
2025_14_CHI_GB,2025,14,2025-12-07,Sunday,GB,CHI,28,21,outdoors,grass,16
2025_14_IND_JAX,2025,14,2025-12-07,Sunday,JAX,IND,36,19,outdoors,grass,61
2025_14_WAS_MIN,2025,14,2025-12-07,Sunday,MIN,WAS,31,0,dome,sportturf,
2025_14_MIA_NYJ,2025,14,2025-12-07,Sunday,NYJ,MIA,10,34,outdoors,fieldturf,41
2025_14_NO_TB,2025,14,2025-12-07,Sunday,TB,NO,20,24,outdoors,grass,73
2025_14_DEN_LV,2025,14,2025-12-07,Sunday,LV,DEN,17,24,dome,grass,
2025_14_LA_ARI,2025,14,2025-12-07,Sunday,ARI,LA,17,45,closed,grass,
2025_14_CIN_BUF,2025,14,2025-12-07,Sunday,BUF,CIN,39,34,outdoors,a_turf,31
2025_14_HOU_KC,2025,14,2025-12-07,Sunday,KC,HOU,10,20,outdoors,grass,27
2025_14_PHI_LAC,2025,14,2025-12-08,Monday,LAC,PHI,22,19,dome,matrixturf,
2025_15_ATL_TB,2025,15,2025-12-11,Thursday,TB,ATL,28,29,outdoors,grass,56
2025_15_CLE_CHI,2025,15,2025-12-14,Sunday,CHI,CLE,31,3,outdoors,grass,8
2025_15_BAL_CIN,2025,15,2025-12-14,Sunday,CIN,BAL,0,24,outdoors,fieldturf,10
2025_15_ARI_HOU,2025,15,2025-12-14,Sunday,HOU,ARI,40,20,closed,astroturf,
2025_15_NYJ_JAX,2025,15,2025-12-14,Sunday,JAX,NYJ,48,20,outdoors,grass,70
2025_15_LAC_KC,2025,15,2025-12-14,Sunday,KC,LAC,13,16,outdoors,grass,
2025_15_BUF_NE,2025,15,2025-12-14,Sunday,NE,BUF,31,35,outdoors,fieldturf,32
2025_15_WAS_NYG,2025,15,2025-12-14,Sunday,NYG,WAS,21,29,outdoors,fieldturf,27
2025_15_LV_PHI,2025,15,2025-12-14,Sunday,PHI,LV,31,0,outdoors,grass,30
2025_15_GB_DEN,2025,15,2025-12-14,Sunday,DEN,GB,34,26,outdoors,grass,65
2025_15_DET_LA,2025,15,2025-12-14,Sunday,LA,DET,41,34,dome,matrixturf,
2025_15_CAR_NO,2025,15,2025-12-14,Sunday,NO,CAR,20,17,dome,sportturf,
2025_15_IND_SEA,2025,15,2025-12-14,Sunday,SEA,IND,18,16,outdoors,fieldturf,51
2025_15_TEN_SF,2025,15,2025-12-14,Sunday,SF,TEN,37,24,outdoors,grass,54
2025_15_MIN_DAL,2025,15,2025-12-14,Sunday,DAL,MIN,26,34,closed,matrixturf,
2025_15_MIA_PIT,2025,15,2025-12-15,Monday,PIT,MIA,28,15,outdoors,grass,17
2025_16_LA_SEA,2025,16,2025-12-18,Thursday,SEA,LA,38,37,outdoors,fieldturf,51
2025_16_GB_CHI,2025,16,2025-12-20,Saturday,CHI,GB,22,16,outdoors,grass,37
2025_16_PHI_WAS,2025,16,2025-12-20,Saturday,WAS,PHI,18,29,outdoors,grass,42
2025_16_NE_BAL,2025,16,2025-12-21,Sunday,BAL,NE,24,28,outdoors,grass,40
2025_16_TB_CAR,2025,16,2025-12-21,Sunday,CAR,TB,23,20,outdoors,grass,61
2025_16_BUF_CLE,2025,16,2025-12-21,Sunday,CLE,BUF,20,23,outdoors,grass,25
2025_16_LAC_DAL,2025,16,2025-12-21,Sunday,DAL,LAC,17,34,closed,matrixturf,
2025_16_NYJ_NO,2025,16,2025-12-21,Sunday,NO,NYJ,29,6,dome,sportturf,
2025_16_MIN_NYG,2025,16,2025-12-21,Sunday,NYG,MIN,13,16,outdoors,fieldturf,46
2025_16_KC_TEN,2025,16,2025-12-21,Sunday,TEN,KC,26,9,outdoors,grass,51
2025_16_ATL_ARI,2025,16,2025-12-21,Sunday,ARI,ATL,19,26,closed,grass,
2025_16_JAX_DEN,2025,16,2025-12-21,Sunday,DEN,JAX,20,34,outdoors,grass,62
2025_16_PIT_DET,2025,16,2025-12-21,Sunday,DET,PIT,24,29,dome,fieldturf,
2025_16_LV_HOU,2025,16,2025-12-21,Sunday,HOU,LV,23,21,closed,astroturf,
2025_16_CIN_MIA,2025,16,2025-12-21,Sunday,MIA,CIN,21,45,outdoors,grass,81
2025_16_SF_IND,2025,16,2025-12-22,Monday,IND,SF,27,48,closed,fieldturf,
2025_17_DAL_WAS,2025,17,2025-12-25,Thursday,WAS,DAL,23,30,outdoors,grass,50
2025_17_DET_MIN,2025,17,2025-12-25,Thursday,MIN,DET,23,10,dome,sportturf,
2025_17_DEN_KC,2025,17,2025-12-25,Thursday,KC,DEN,13,20,outdoors,grass,
2025_17_BAL_GB,2025,17,2025-12-27,Saturday,GB,BAL,24,41,outdoors,grass,36
2025_17_HOU_LAC,2025,17,2025-12-27,Saturday,LAC,HOU,16,20,dome,matrixturf,
2025_17_SEA_CAR,2025,17,2025-12-28,Sunday,CAR,SEA,10,27,outdoors,grass,43
2025_17_ARI_CIN,2025,17,2025-12-28,Sunday,CIN,ARI,37,14,outdoors,fieldturf,65
2025_17_PIT_CLE,2025,17,2025-12-28,Sunday,CLE,PIT,13,6,outdoors,grass,45
2025_17_JAX_IND,2025,17,2025-12-28,Sunday,IND,JAX,17,23,closed,fieldturf,
2025_17_NYG_LV,2025,17,2025-12-28,Sunday,LV,NYG,10,34,dome,grass,
2025_17_TB_MIA,2025,17,2025-12-28,Sunday,MIA,TB,20,17,outdoors,grass,80
2025_17_NE_NYJ,2025,17,2025-12-28,Sunday,NYJ,NE,10,42,outdoors,fieldturf,29
2025_17_NO_TEN,2025,17,2025-12-28,Sunday,TEN,NO,26,34,outdoors,grass,71
2025_17_PHI_BUF,2025,17,2025-12-28,Sunday,BUF,PHI,12,13,outdoors,a_turf,38
2025_17_CHI_SF,2025,17,2025-12-28,Sunday,SF,CHI,42,38,outdoors,grass,53
2025_17_LA_ATL,2025,17,2025-12-29,Monday,ATL,LA,27,24,closed,fieldturf,
2025_18_SEA_SF,2025,18,2026-01-03,Saturday,SF,SEA,3,13,outdoors,grass,57
2025_18_CAR_TB,2025,18,2026-01-03,Saturday,TB,CAR,16,14,outdoors,grass,69
2025_18_NO_ATL,2025,18,2026-01-04,Sunday,ATL,NO,19,17,closed,fieldturf,
2025_18_NYJ_BUF,2025,18,2026-01-04,Sunday,BUF,NYJ,35,8,outdoors,a_turf,27
2025_18_DET_CHI,2025,18,2026-01-04,Sunday,CHI,DET,16,19,outdoors,grass,33
2025_18_CLE_CIN,2025,18,2026-01-04,Sunday,CIN,CLE,18,20,outdoors,fieldturf,37
2025_18_LAC_DEN,2025,18,2026-01-04,Sunday,DEN,LAC,19,3,outdoors,grass,66
2025_18_IND_HOU,2025,18,2026-01-04,Sunday,HOU,IND,38,30,closed,astroturf,
2025_18_TEN_JAX,2025,18,2026-01-04,Sunday,JAX,TEN,41,7,outdoors,grass,55
2025_18_ARI_LA,2025,18,2026-01-04,Sunday,LA,ARI,37,20,dome,matrixturf,
2025_18_KC_LV,2025,18,2026-01-04,Sunday,LV,KC,14,12,dome,grass,
2025_18_GB_MIN,2025,18,2026-01-04,Sunday,MIN,GB,16,3,dome,sportturf,
2025_18_MIA_NE,2025,18,2026-01-04,Sunday,NE,MIA,38,10,outdoors,fieldturf,29
2025_18_DAL_NYG,2025,18,2026-01-04,Sunday,NYG,DAL,34,17,outdoors,fieldturf,33
2025_18_WAS_PHI,2025,18,2026-01-04,Sunday,PHI,WAS,17,24,outdoors,grass,35
2025_18_BAL_PIT,2025,18,2026-01-04,Sunday,PIT,BAL,26,24,outdoors,grass,25
2026_01_NE_SEA,2026,1,2026-09-09,Wednesday,SEA,NE,13,10,outdoors,fieldturf,74
2026_01_SF_LA,2026,1,2026-09-10,Thursday,LA,SF,7,27,dome,grass,57
2026_01_CHI_CAR,2026,1,2026-09-13,Sunday,CAR,CHI,37,59,outdoors,grass,89
2026_01_TB_CIN,2026,1,2026-09-13,Sunday,CIN,TB,33,27,outdoors,fieldturf,85
2026_01_NO_DET,2026,1,2026-09-13,Sunday,DET,NO,31,30,dome,fieldturf,
2026_01_BUF_HOU,2026,1,2026-09-13,Sunday,HOU,BUF,31,36,closed,astroturf,
2026_01_BAL_IND,2026,1,2026-09-13,Sunday,IND,BAL,23,41,closed,fieldturf,
2026_01_CLE_JAX,2026,1,2026-09-13,Sunday,JAX,CLE,34,10,outdoors,grass,89
2026_01_ATL_PIT,2026,1,2026-09-13,Sunday,PIT,ATL,20,13,outdoors,grass,77
2026_01_NYJ_TEN,2026,1,2026-09-13,Sunday,TEN,NYJ,10,23,outdoors,grass,90
2026_01_ARI_LAC,2026,1,2026-09-13,Sunday,LAC,ARI,14,26,dome,matrixturf,
2026_01_MIA_LV,2026,1,2026-09-13,Sunday,LV,MIA,27,13,dome,grass,
2026_01_GB_MIN,2026,1,2026-09-13,Sunday,MIN,GB,39,22,dome,sportturf,
2026_01_WAS_PHI,2026,1,2026-09-13,Sunday,PHI,WAS,24,22,outdoors,grass,82
2026_01_DAL_NYG,2026,1,2026-09-13,Sunday,NYG,DAL,28,20,outdoors,fieldturf,80
2026_01_DEN_KC,2026,1,2026-09-14,Monday,KC,DEN,31,10,outdoors,grass,91
2026_02_DET_BUF,2026,2,2026-09-17,Thursday,BUF,DET,41,31,outdoors,grass,67
2026_02_CAR_ATL,2026,2,2026-09-20,Sunday,ATL,CAR,3,34,closed,fieldturf,
2026_02_NO_BAL,2026,2,2026-09-20,Sunday,BAL,NO,17,24,outdoors,grass,79
2026_02_MIN_CHI,2026,2,2026-09-20,Sunday,CHI,MIN,3,9,outdoors,grass,68
2026_02_CIN_HOU,2026,2,2026-09-20,Sunday,HOU,CIN,6,20,closed,astroturf,
2026_02_PIT_NE,2026,2,2026-09-20,Sunday,NE,PIT,20,3,outdoors,fieldturf,63
2026_02_GB_NYJ,2026,2,2026-09-20,Sunday,NYJ,GB,17,20,outdoors,fieldturf,69
2026_02_CLE_TB,2026,2,2026-09-20,Sunday,TB,CLE,19,23,outdoors,grass,86
2026_02_PHI_TEN,2026,2,2026-09-20,Sunday,TEN,PHI,20,24,outdoors,grass,92
2026_02_JAX_DEN,2026,2,2026-09-20,Sunday,DEN,JAX,20,13,outdoors,grass,73
2026_02_LV_LAC,2026,2,2026-09-20,Sunday,LAC,LV,14,26,dome,matrixturf,
2026_02_SEA_ARI,2026,2,2026-09-20,Sunday,ARI,SEA,7,31,closed,grass,
2026_02_WAS_DAL,2026,2,2026-09-20,Sunday,DAL,WAS,37,20,closed,matrixturf,
2026_02_MIA_SF,2026,2,2026-09-20,Sunday,SF,MIA,35,13,outdoors,grass,69
2026_02_IND_KC,2026,2,2026-09-20,Sunday,KC,IND,33,30,outdoors,grass,71
2026_02_NYG_LA,2026,2,2026-09-21,Monday,LA,NYG,28,6,dome,matrixturf,
2026_03_ATL_GB,2026,3,2026-09-24,Thursday,GB,ATL,14,35,outdoors,grass,61
2026_03_LAC_BUF,2026,3,2026-09-27,Sunday,BUF,LAC,24,16,outdoors,grass,68
2026_03_CAR_CLE,2026,3,2026-09-27,Sunday,CLE,CAR,21,18,outdoors,grass,68
2026_03_NYJ_DET,2026,3,2026-09-27,Sunday,DET,NYJ,31,24,dome,fieldturf,
2026_03_HOU_IND,2026,3,2026-09-27,Sunday,IND,HOU,19,17,open,fieldturf,
2026_03_NE_JAX,2026,3,2026-09-27,Sunday,JAX,NE,35,6,outdoors,grass,80
2026_03_KC_MIA,2026,3,2026-09-27,Sunday,MIA,KC,10,24,outdoors,grass,86
2026_03_TEN_NYG,2026,3,2026-09-27,Sunday,NYG,TEN,12,7,outdoors,fieldturf,62
2026_03_CIN_PIT,2026,3,2026-09-27,Sunday,PIT,CIN,30,27,outdoors,grass,70
2026_03_SEA_WAS,2026,3,2026-09-27,Sunday,WAS,SEA,33,31,outdoors,grass,63
2026_03_ARI_SF,2026,3,2026-09-27,Sunday,SF,ARI,36,30,outdoors,grass,70
2026_03_MIN_TB,2026,3,2026-09-27,Sunday,TB,MIN,16,23,outdoors,grass,84
2026_03_BAL_DAL,2026,3,2026-09-27,Sunday,DAL,BAL,31,34,open,grass,77
2026_03_LV_NO,2026,3,2026-09-27,Sunday,NO,LV,27,35,dome,sportturf,
2026_03_LA_DEN,2026,3,2026-09-27,Sunday,DEN,LA,30,26,outdoors,grass,83
2026_03_PHI_CHI,2026,3,2026-09-28,Monday,CHI,PHI,27,7,outdoors,grass,64
2026_04_PIT_CLE,2026,4,2026-10-01,Thursday,CLE,PIT,27,24,outdoors,grass,77
2026_04_IND_WAS,2026,4,2026-10-04,Sunday,WAS,IND,13,30,outdoors,grass,70
2026_04_TEN_BAL,2026,4,2026-10-04,Sunday,BAL,TEN,24,18,outdoors,grass,62
2026_04_NE_BUF,2026,4,2026-10-04,Sunday,BUF,NE,26,29,outdoors,grass,69
2026_04_NYJ_CHI,2026,4,2026-10-04,Sunday,CHI,NYJ,23,12,outdoors,grass,72
2026_04_JAX_CIN,2026,4,2026-10-04,Sunday,CIN,JAX,17,22,outdoors,fieldturf,70
2026_04_DAL_HOU,2026,4,2026-10-04,Sunday,HOU,DAL,30,34,closed,astroturf,
2026_04_ARI_NYG,2026,4,2026-10-04,Sunday,NYG,ARI,36,24,outdoors,fieldturf,63
2026_04_LA_PHI,2026,4,2026-10-04,Sunday,PHI,LA,20,24,outdoors,grass,62
2026_04_GB_TB,2026,4,2026-10-04,Sunday,TB,GB,14,17,outdoors,grass,86
2026_04_MIA_MIN,2026,4,2026-10-04,Sunday,MIN,MIA,15,10,dome,sportturf,
2026_04_KC_LV,2026,4,2026-10-04,Sunday,LV,KC,27,30,dome,grass,
2026_04_LAC_SEA,2026,4,2026-10-04,Sunday,SEA,LAC,30,23,outdoors,fieldturf,63
2026_04_DEN_SF,2026,4,2026-10-04,Sunday,SF,DEN,24,14,outdoors,grass,87
2026_04_DET_CAR,2026,4,2026-10-04,Sunday,CAR,DET,32,26,outdoors,grass,66
2026_04_ATL_NO,2026,4,2026-10-05,Monday,NO,ATL,24,45,dome,unknown,
