player_id,player,position,team,opponent,season,week,passing_yards,passing_tds,rushing_yards,rushing_tds,receptions,receiving_yards,receiving_tds,fantasy_points_ppr
00-0033119,Jacoby Brissett,QB,ARI,LAC,2026,1,277,1,14,0,0,0,0,16.5
00-0033307,Kendrick Bourne,WR,ARI,LAC,2026,1,0,0,0,0,8,75,0,15.5
00-0036331,Devin Duvernay,WR,ARI,LAC,2026,1,0,0,0,0,0,0,0,0
00-0036646,Simi Fehoko,WR,ARI,LAC,2026,1,0,0,0,0,0,0,0,0
00-0037004,Hunter Long,TE,ARI,LAC,2026,1,0,0,0,0,0,0,0,0
00-0037263,Tyler Allgeier,RB,ARI,LAC,2026,1,0,0,61,0,2,9,0,9
00-0037744,Trey McBride,TE,ARI,LAC,2026,1,0,0,0,0,9,95,1,24.5
00-0038559,Michael Wilson,WR,ARI,LAC,2026,1,0,0,0,0,5,56,0,10.6
00-0039849,Marvin Harrison Jr.,WR,ARI,LAC,2026,1,0,0,0,0,1,33,0,4.3
00-0041027,Jeremiyah Love,RB,ARI,LAC,2026,1,0,0,41,1,2,9,0,13
00-0033662,Cooper Rush,QB,ATL,PIT,2026,1,143,1,0,0,0,0,0,5.7
00-0035208,Olamide Zaccheaus,WR,ATL,PIT,2026,1,0,0,0,0,1,5,0,1.5
00-0036463,Chris Blair,WR,ATL,PIT,2026,1,0,0,0,0,0,0,0,0
00-0036970,Kyle Pitts,TE,ATL,PIT,2026,1,0,0,0,0,0,0,0,0
00-0037238,Drake London,WR,ATL,PIT,2026,1,0,0,6,0,2,29,0,5.5
00-0037317,Nick Muse,TE,ATL,PIT,2026,1,0,0,0,0,0,0,0,0
00-0037741,Jahan Dotson,WR,ATL,PIT,2026,1,0,0,0,0,1,19,0,2.9
00-0037746,Brian Robinson,RB,ATL,PIT,2026,1,0,0,31,0,0,0,0,3.1
00-0038542,Bijan Robinson,RB,ATL,PIT,2026,1,0,0,83,0,8,90,1,31.3
00-0041044,Zachariah Branch,WR,ATL,PIT,2026,1,0,0,0,0,0,0,0,0
00-0032398,Chris Moore,WR,BAL,IND,2026,1,0,0,0,0,1,53,0,6.3
00-0032764,Derrick Henry,RB,BAL,IND,2026,1,0,0,144,3,1,19,0,35.3
00-0034753,Mark Andrews,TE,BAL,IND,2026,1,0,0,0,0,4,49,0,8.9
00-0034796,Lamar Jackson,QB,BAL,IND,2026,1,324,1,40,1,0,0,0,25
00-0034798,Durham Smythe,TE,BAL,IND,2026,1,0,0,0,0,1,4,0,1.4
00-0034975,Justice Hill,RB,BAL,IND,2026,1,0,0,18,0,1,10,0,3.8
00-0036550,Rashod Bateman,WR,BAL,IND,2026,1,0,0,0,0,0,0,0,0
00-0039064,Zay Flowers,WR,BAL,IND,2026,1,0,0,0,0,5,150,1,26
00-0039796,Rasheen Ali,RB,BAL,IND,2026,1,0,0,0,0,0,0,0,0
00-0040075,LaJohntay Wester,WR,BAL,IND,2026,1,0,0,0,0,2,15,0,3.5
00-0040870,Ja'Kobi Lane,WR,BAL,IND,2026,1,0,0,0,0,1,11,0,2.1
00-0040879,Matthew Hibner,TE,BAL,IND,2026,1,0,0,0,0,1,13,0,2.3
00-0034827,DJ Moore,WR,BUF,HOU,2026,1,0,0,0,0,5,100,1,21
00-0034857,Josh Allen,QB,BUF,HOU,2026,1,334,2,23,2,0,0,0,35.7
00-0035500,Greg Dortch,WR,BUF,HOU,2026,1,0,0,0,0,0,0,0,0
00-0035689,Dawson Knox,TE,BUF,HOU,2026,1,0,0,0,0,1,7,0,1.7
00-0036988,Josh Palmer,WR,BUF,HOU,2026,1,0,0,0,0,1,34,1,10.4
00-0037248,James Cook,RB,BUF,HOU,2026,1,0,0,57,0,3,12,0,9.9
00-0037261,Khalil Shakir,WR,BUF,HOU,2026,1,0,0,0,0,4,50,0,9
00-0038933,Dalton Kincaid,TE,BUF,HOU,2026,1,0,0,0,0,5,130,0,18
00-0039471,Frank Gore Jr.,RB,BUF,HOU,2026,1,0,0,3,0,0,0,0,0.3
00-0039875,Ray Davis,RB,BUF,HOU,2026,1,0,0,3,0,0,0,0,0.3
00-0039901,Keon Coleman,WR,BUF,HOU,2026,1,0,0,0,0,1,1,0,1.1
00-0040363,Keleki Latu,TE,BUF,HOU,2026,1,0,0,0,0,0,0,0,0
00-0031610,Darren Waller,TE,CAR,CHI,2026,1,0,0,0,0,2,28,0,4.8
00-0036265,AJ Dillon,RB,CAR,CHI,2026,1,0,0,28,0,0,0,0,2.8
00-0036555,Chuba Hubbard,RB,CAR,CHI,2026,1,0,0,49,1,3,38,1,23.7
00-0036825,Feleipe Franks,TE,CAR,CHI,2026,1,0,0,0,0,0,0,0,0
00-0037005,Tommy Tremble,TE,CAR,CHI,2026,1,0,0,0,0,3,25,0,5.5
00-0038102,Kenny Pickett,QB,CAR,CHI,2026,1,0,0,24,0,0,0,0,2.4
00-0038840,Brycen Tremayne,WR,CAR,CHI,2026,1,0,0,0,0,0,0,0,0
00-0039150,Bryce Young,QB,CAR,CHI,2026,1,361,3,10,1,0,0,0,31.4
00-0039342,Xavier Legette,WR,CAR,CHI,2026,1,0,0,0,0,0,0,0,0
00-0039344,Jonathon Brooks,RB,CAR,CHI,2026,1,0,0,14,0,1,48,0,7.2
00-0039491,Jalen Coker,WR,CAR,CHI,2026,1,0,0,0,0,8,138,2,33.8
00-0040124,Tetairoa McMillan,WR,CAR,CHI,2026,1,0,0,0,0,5,75,0,10.5
00-0040187,Mitchell Evans,TE,CAR,CHI,2026,1,0,0,0,0,1,9,0,1.9
00-0040218,Jimmy Horn Jr.,WR,CAR,CHI,2026,1,0,0,0,0,0,0,0,0
00-0032464,Kalif Raymond,WR,CHI,CAR,2026,1,0,0,0,0,8,84,0,16.4
00-0036275,D'Andre Swift,RB,CHI,CAR,2026,1,0,0,124,3,1,10,0,32.4
00-0036290,Cole Kmet,TE,CHI,CAR,2026,1,0,0,0,0,2,35,1,11.5
00-0037380,Kaden Davis,WR,CHI,CAR,2026,1,0,0,0,0,0,0,0,0
00-0039021,Roschon Johnson,RB,CHI,CAR,2026,1,0,0,0,0,0,0,0,0
00-0039918,Caleb Williams,QB,CHI,CAR,2026,1,269,2,65,2,0,0,0,37.3
00-0039919,Rome Odunze,WR,CHI,CAR,2026,1,0,0,0,0,2,52,0,7.2
00-0040126,Colston Loveland,TE,CHI,CAR,2026,1,0,0,0,0,0,0,0,0
00-0040236,Kyle Monangai,RB,CHI,CAR,2026,1,0,0,100,1,2,24,0,20.4
00-0040277,Jahdae Walker,WR,CHI,CAR,2026,1,0,0,0,0,1,1,1,7.1
00-0040735,Luther Burden III,WR,CHI,CAR,2026,1,0,0,2,0,5,63,0,9.5
00-0033526,Samaje Perine,RB,CIN,TB,2026,1,0,0,20,0,3,30,0,8
00-0034613,Tanner Hudson,TE,CIN,TB,2026,1,0,0,0,0,1,4,0,1.4
00-0034829,Mike Gesicki,TE,CIN,TB,2026,1,0,0,0,0,5,78,1,18.8
00-0035631,Drew Sample,TE,CIN,TB,2026,1,0,0,0,0,3,19,0,4.9
00-0036410,Tee Higgins,WR,CIN,TB,2026,1,0,0,0,0,3,59,0,8.9
00-0036442,Joe Burrow,QB,CIN,TB,2026,1,254,1,20,0,0,0,0,14.2
00-0036900,Ja'Marr Chase,WR,CIN,TB,2026,1,0,0,0,0,2,12,0,3.2
00-0038597,Chase Brown,RB,CIN,TB,2026,1,0,0,56,1,5,22,0,18.8
00-0038619,Andrei Iosivas,WR,CIN,TB,2026,1,0,0,0,0,2,12,0,3.2
00-0040208,Tahj Brooks,RB,CIN,TB,2026,1,0,0,0,0,0,0,0,0
00-0040785,Dohnte Meyers,WR,CIN,TB,2026,1,0,0,10,0,1,18,0,3.8
00-0033537,Deshaun Watson,QB,CLE,JAX,2026,1,205,1,38,0,0,0,0,14
00-0036407,Jerry Jeudy,WR,CLE,JAX,2026,1,0,0,0,0,2,26,0,4.6
00-0038710,Blake Whiteheart,TE,CLE,JAX,2026,1,0,0,0,0,1,14,0,2.4
00-0039920,Malachi Corley,WR,CLE,JAX,2026,1,0,0,0,0,0,0,0,0
00-0040162,Dylan Sampson,RB,CLE,JAX,2026,1,0,0,0,0,0,0,0,0
00-0040466,Raheim Sanders,RB,CLE,JAX,2026,1,0,0,1,0,3,25,0,5.6
00-0040663,Harold Fannin Jr.,TE,CLE,JAX,2026,1,0,0,0,0,2,21,0,4.1
00-0040784,Quinshon Judkins,RB,CLE,JAX,2026,1,0,0,33,0,2,17,0,7
00-0041037,Denzel Boston,WR,CLE,JAX,2026,1,0,0,0,0,2,59,1,13.9
00-0041131,Carsen Ryan,TE,CLE,JAX,2026,1,0,0,0,0,0,0,0,0
00-0041547,KC Concepcion,WR,CLE,JAX,2026,1,0,0,15,0,4,43,0,7.8
00-0033077,Dak Prescott,QB,DAL,NYG,2026,1,175,2,14,0,0,0,0,14.4
00-0036358,CeeDee Lamb,WR,DAL,NYG,2026,1,0,0,0,0,5,44,1,15.4
00-0036997,Javonte Williams,RB,DAL,NYG,2026,1,0,0,41,1,5,31,1,24.2
00-0037247,George Pickens,WR,DAL,NYG,2026,1,0,0,0,0,3,28,0,5.8
00-0037801,KaVontae Turpin,WR,DAL,NYG,2026,1,0,0,0,0,1,8,0,1.8
00-0038041,Jake Ferguson,TE,DAL,NYG,2026,1,0,0,0,0,2,6,0,2.6
00-0038547,Luke Schoonmaker,TE,DAL,NYG,2026,1,0,0,0,0,1,12,0,2.2
00-0038705,Emari Demercado,RB,DAL,NYG,2026,1,0,0,7,0,0,0,0,0.7
00-0038738,Hunter Luepke,RB,DAL,NYG,2026,1,0,0,7,0,0,0,0,0.7
00-0039062,Jonathan Mingo,WR,DAL,NYG,2026,1,0,0,0,0,1,10,0,2
00-0039410,Ryan Flournoy,WR,DAL,NYG,2026,1,0,0,0,0,2,22,0,4.2
00-0039530,Brevyn Spann-Ford,TE,DAL,NYG,2026,1,0,0,0,0,2,14,0,3.4
00-0033881,Evan Engram,TE,DEN,KC,2026,1,0,0,0,0,4,43,1,14.3
00-0034348,Courtland Sutton,WR,DEN,KC,2026,1,0,0,0,0,2,11,0,3.1
00-0036158,J.K. Dobbins,RB,DEN,KC,2026,1,0,0,36,0,0,0,0,3.6
00-0036422,Adam Trautman,TE,DEN,KC,2026,1,0,0,0,0,2,10,0,3
00-0036613,Jaylen Waddle,WR,DEN,KC,2026,1,0,0,0,0,1,2,0,1.2
00-0038783,Nate Adkins,TE,DEN,KC,2026,1,0,0,0,0,0,0,0,0
00-0038976,Marvin Mims Jr.,WR,DEN,KC,2026,1,0,0,0,0,0,0,0,0
00-0039732,Bo Nix,QB,DEN,KC,2026,1,131,1,2,0,0,0,0,5.4
00-0039868,Troy Franklin,WR,DEN,KC,2026,1,0,0,5,0,0,0,0,0.5
00-0040134,Pat Bryant,WR,DEN,KC,2026,1,0,0,0,0,4,42,0,8.2
00-0040730,RJ Harvey,RB,DEN,KC,2026,1,0,0,18,0,4,23,0,8.1
00-0041496,Jonah Coleman,RB,DEN,KC,2026,1,0,0,0,0,0,0,0,0
00-0033106,Jared Goff,QB,DET,NO,2026,1,206,2,2,0,0,0,0,16.4
00-0035544,Tom Kennedy,WR,DET,NO,2026,1,0,0,0,0,0,0,0,0
00-0036754,Brock Wright,TE,DET,NO,2026,1,0,0,0,0,1,5,0,1.5
00-0036963,Amon-Ra St. Brown,WR,DET,NO,2026,1,0,0,0,0,10,67,2,28.7
00-0037240,Jameson Williams,WR,DET,NO,2026,1,0,0,0,0,4,45,0,8.5
00-0037524,Tay Martin,WR,DET,NO,2026,1,0,0,0,0,0,0,0,0
00-0038896,Jacob Saylors,RB,DET,NO,2026,1,0,0,0,0,0,0,0,0
00-0039065,Sam LaPorta,TE,DET,NO,2026,1,0,0,0,0,5,48,0,9.8
00-0039139,Jahmyr Gibbs,RB,DET,NO,2026,1,0,0,156,2,5,30,0,33.6
00-0039364,Sione Vaki,RB,DET,NO,2026,1,0,0,7,0,1,11,0,2.8
00-0040669,Isaac TeSlaa,WR,DET,NO,2026,1,0,0,0,0,0,0,0,0
00-0033858,Jonnu Smith,TE,GB,MIN,2026,1,0,0,0,0,2,50,0,7
00-0036264,Jordan Love,QB,GB,MIN,2026,1,387,2,0,0,0,0,0,19.5
00-0037091,Bo Melton,WR,GB,MIN,2026,1,0,0,0,0,1,10,0,2
00-0038090,Skyy Moore,WR,GB,MIN,2026,1,0,0,0,0,0,0,0,0
00-0038124,Christian Watson,WR,GB,MIN,2026,1,0,0,0,0,6,147,2,32.7
00-0038685,Chris Brooks,RB,GB,MIN,2026,1,0,0,29,0,0,0,0,2.9
00-0038996,Tucker Kraft,TE,GB,MIN,2026,1,0,0,0,0,3,65,0,9.5
00-0039146,Jayden Reed,WR,GB,MIN,2026,1,0,0,0,0,3,20,0,5
00-0039811,MarShawn Lloyd,RB,GB,MIN,2026,1,0,0,37,0,0,0,0,3.7
00-0040142,Kaleb Johnson,RB,GB,MIN,2026,1,0,0,0,0,0,0,0,0
00-0040667,Matthew Golden,WR,GB,MIN,2026,1,0,0,0,0,6,95,0,15.5
00-0034383,Dalton Schultz,TE,HOU,BUF,2026,1,0,0,0,0,4,35,0,7.5
00-0034981,Foster Moreau,TE,HOU,BUF,2026,1,0,0,0,0,2,15,0,3.5
00-0035685,David Montgomery,RB,HOU,BUF,2026,1,0,0,60,2,3,19,1,28.9
00-0036554,Nico Collins,WR,HOU,BUF,2026,1,0,0,7,0,7,75,1,21.2
00-0038608,Kayshon Boutte,WR,HOU,BUF,2026,1,0,0,0,0,1,21,0,3.1
00-0038618,Xavier Hutchinson,WR,HOU,BUF,2026,1,0,0,0,0,3,32,0,6.2
00-0038728,Jared Wayne,WR,HOU,BUF,2026,1,0,0,0,0,1,12,0,2.2
00-0039163,C.J. Stroud,QB,HOU,BUF,2026,1,274,2,15,0,0,0,0,16.5
00-0039359,Cade Stover,TE,HOU,BUF,2026,1,0,0,0,0,1,-2,0,0.8
00-0040138,Jaylin Noel,WR,HOU,BUF,2026,1,0,0,0,0,2,53,0,7.3
00-0040583,Woody Marks,RB,HOU,BUF,2026,1,0,0,42,0,1,-2,0,5
00-0041472,Marlin Klein,TE,HOU,BUF,2026,1,0,0,0,0,1,16,0,2.6
00-0030279,Keenan Allen,WR,IND,BAL,2026,1,0,0,0,0,6,32,0,9.2
00-0032951,Laquon Treadwell,WR,IND,BAL,2026,1,0,0,0,0,0,0,0,0
00-0035021,Ashton Dulin,WR,IND,BAL,2026,1,0,0,0,0,0,0,0,0
00-0035710,Daniel Jones,QB,IND,BAL,2026,1,166,1,4,0,0,0,0,9
00-0036223,Jonathan Taylor,RB,IND,BAL,2026,1,0,0,98,2,3,23,0,25.1
00-0037292,Andrew Ogletree,TE,IND,BAL,2026,1,0,0,0,0,0,0,0,0
00-0037664,Alec Pierce,WR,IND,BAL,2026,1,0,0,0,0,4,61,0,10.1
00-0038997,Josh Downs,WR,IND,BAL,2026,1,0,0,0,0,2,37,0,5.7
00-0040128,Tyler Warren,TE,IND,BAL,2026,1,0,0,0,0,3,13,1,10.3
00-0041125,Seth McGowan,RB,IND,BAL,2026,1,0,0,0,0,1,0,0,1
00-0032104,Ameer Abdullah,RB,JAX,CLE,2026,1,0,0,32,0,1,0,0,4.2
00-0033319,Nick Mullens,QB,JAX,CLE,2026,1,0,0,-3,0,0,0,0,-0.3
00-0034960,Jakobi Meyers,WR,JAX,CLE,2026,1,0,0,2,0,2,40,1,12.2
00-0036590,Quintin Morris,TE,JAX,CLE,2026,1,0,0,0,0,0,0,0,0
00-0036971,Trevor Lawrence,QB,JAX,CLE,2026,1,245,4,3,0,0,0,0,26.1
00-0038606,Parker Washington,WR,JAX,CLE,2026,1,0,0,0,0,5,83,1,19.3
00-0038611,Chris Rodriguez Jr.,RB,JAX,CLE,2026,1,0,0,23,0,0,0,0,2.3
00-0038935,Brenton Strange,TE,JAX,CLE,2026,1,0,0,0,0,2,23,1,10.3
00-0039893,Brian Thomas Jr.,WR,JAX,CLE,2026,1,0,0,0,0,3,40,0,7
00-0040719,Bhayshul Tuten,RB,JAX,CLE,2026,1,0,0,66,0,1,22,0,9.8
00-0041100,Josh Cameron,WR,JAX,CLE,2026,1,0,0,0,0,2,20,1,10
00-0041503,Nate Boerkircher,TE,JAX,CLE,2026,1,0,0,0,0,1,9,0,1.9
00-0030506,Travis Kelce,TE,KC,DEN,2026,1,0,0,0,0,3,71,0,10.1
00-0033873,Patrick Mahomes,QB,KC,DEN,2026,1,184,2,23,1,0,0,0,21.7
00-0036637,Noah Gray,TE,KC,DEN,2026,1,0,0,0,0,1,5,0,1.5
00-0038104,Tyquan Thornton,WR,KC,DEN,2026,1,0,0,0,0,0,0,0,0
00-0038134,Kenneth Walker III,RB,KC,DEN,2026,1,0,0,173,1,3,18,1,34.1
00-0038489,Ben VanSumeren,RB,KC,DEN,2026,1,0,0,0,0,0,0,0,0
00-0038519,Nikko Remigio,WR,KC,DEN,2026,1,0,0,0,0,0,0,0,0
00-0039067,Rashee Rice,WR,KC,DEN,2026,1,0,0,0,0,2,19,1,9.9
00-0039894,Xavier Worthy,WR,KC,DEN,2026,1,0,0,0,0,3,18,0,4.8
00-0040081,Jake Briningstool,TE,KC,DEN,2026,1,0,0,0,0,1,9,0,1.9
00-0040646,Jalen Royals,WR,KC,DEN,2026,1,0,0,0,0,0,0,0,0
00-0040890,Cyrus Allen,WR,KC,DEN,2026,1,0,0,0,0,0,0,0,0
00-0041013,Emmett Johnson,RB,KC,DEN,2026,1,0,0,24,0,2,44,0,8.8
00-0026498,Matthew Stafford,QB,LA,SF,2026,1,155,0,-1,0,0,0,0,4.1
00-0031381,Davante Adams,WR,LA,SF,2026,1,0,0,0,0,3,26,0,5.6
00-0033110,Tyler Higbee,TE,LA,SF,2026,1,0,0,0,0,2,12,0,1.2
00-0036244,Colby Parkinson,TE,LA,SF,2026,1,0,0,0,0,1,6,0,1.6
00-0037557,Ronnie Rivers,RB,LA,SF,2026,1,0,0,19,0,1,5,0,3.4
00-0037840,Kyren Williams,RB,LA,SF,2026,1,0,0,41,1,3,24,0,15.5
00-0038359,Xavier Smith,WR,LA,SF,2026,1,0,0,0,0,0,0,0,0
00-0039074,Davis Allen,TE,LA,SF,2026,1,0,0,0,0,1,13,0,2.3
00-0039075,Puka Nacua,WR,LA,SF,2026,1,0,0,0,0,5,74,0,12.4
00-0039107,Stetson Bennett,QB,LA,SF,2026,1,13,0,9,0,0,0,0,1.4
00-0039738,Blake Corum,RB,LA,SF,2026,1,0,0,54,0,0,0,0,5.4
00-0039751,Jordan Whittington,WR,LA,SF,2026,1,0,0,0,0,1,8,0,1.8
00-0040590,Konata Mumpfield,WR,LA,SF,2026,1,0,0,0,0,0,0,0,0
00-0040737,Terrance Ferguson,TE,LA,SF,2026,1,0,0,0,0,0,0,0,0
00-0033885,David Njoku,TE,LAC,ARI,2026,1,0,0,0,0,5,58,0,10.8
00-0036355,Justin Herbert,QB,LAC,ARI,2026,1,209,1,29,0,0,0,0,13.3
00-0038046,Charlie Kolar,TE,LAC,ARI,2026,1,0,0,0,0,0,0,0,0
00-0038454,Keaton Mitchell,RB,LAC,ARI,2026,1,0,0,9,0,0,0,0,0.9
00-0038544,Quentin Johnston,WR,LAC,ARI,2026,1,0,0,0,0,2,17,0,3.7
00-0038573,Derius Davis,WR,LAC,ARI,2026,1,0,0,0,0,0,0,0,0
00-0039915,Ladd McConkey,WR,LAC,ARI,2026,1,0,0,0,0,5,82,1,19.2
00-0040189,Oronde Gadsden II,TE,LAC,ARI,2026,1,0,0,0,0,2,32,0,5.2
00-0040666,Omarion Hampton,RB,LAC,ARI,2026,1,0,0,43,1,0,0,0,8.3
00-0040727,Tre Harris,WR,LAC,ARI,2026,1,0,0,0,0,3,20,0,5
00-0029604,Kirk Cousins,QB,LV,MIA,2026,1,160,3,-6,0,0,0,0,13.8
00-0035891,Cody White,WR,LV,MIA,2026,1,0,0,0,0,0,0,0,0
00-0037093,Dareke Young,WR,LV,MIA,2026,1,0,0,0,0,0,0,0,0
00-0037291,Jalen Nailor,WR,LV,MIA,2026,1,0,0,0,0,3,27,0,5.7
00-0038563,Tre Tucker,WR,LV,MIA,2026,1,0,0,0,0,2,27,0,4.7
00-0039066,Michael Mayer,TE,LV,MIA,2026,1,0,0,0,0,6,32,0,9.2
00-0039407,Dylan Laube,RB,LV,MIA,2026,1,0,0,0,0,0,0,0,0
00-0040122,Ashton Jeanty,RB,LV,MIA,2026,1,0,0,102,0,6,45,2,32.7
00-0040729,Jack Bech,WR,LV,MIA,2026,1,0,0,0,0,3,23,1,11.3
00-0040878,Mike Washington Jr.,RB,LV,MIA,2026,1,0,0,41,0,0,0,0,4.1
00-0040894,Malik Benson,WR,LV,MIA,2026,1,0,0,-8,0,1,6,0,0.8
00-0037252,Greg Dulcich,TE,MIA,LV,2026,1,0,0,0,0,2,18,0,3.8
00-0038128,Malik Willis,QB,MIA,LV,2026,1,220,0,39,1,0,0,0,16.7
00-0039040,De'Von Achane,RB,MIA,LV,2026,1,0,0,36,0,4,30,0,10.6
00-0039874,Jaylen Wright,RB,MIA,LV,2026,1,0,0,-1,0,0,0,0,-0.1
00-0039880,Malik Washington,WR,MIA,LV,2026,1,0,0,0,0,3,53,0,6.3
00-0041523,Caleb Douglas,WR,MIA,LV,2026,1,0,0,0,0,5,94,0,14.4
00-0041524,Will Kacmarek,TE,MIA,LV,2026,1,0,0,0,0,0,0,0,0
00-0041525,Chris Bell,WR,MIA,LV,2026,1,0,0,0,0,1,25,0,3.5
00-0041529,Kevin Coleman Jr.,WR,MIA,LV,2026,1,0,0,0,0,0,0,0,0
00-0032950,Carson Wentz,QB,MIN,GB,2026,1,133,3,-1,0,0,0,0,19.2
00-0033293,Aaron Jones,RB,MIN,GB,2026,1,0,0,40,1,0,0,0,10
00-0035228,Kyler Murray,QB,MIN,GB,2026,1,18,0,9,0,0,0,0,-0.4
00-0035229,T.J. Hockenson,TE,MIN,GB,2026,1,0,0,0,0,4,36,1,13.6
00-0035249,Josh Oliver,TE,MIN,GB,2026,1,0,0,0,0,2,22,0,4.2
00-0036259,Jauan Jennings,WR,MIN,GB,2026,1,0,0,0,0,0,0,0,0
00-0036322,Justin Jefferson,WR,MIN,GB,2026,1,0,0,0,0,8,92,2,31.2
00-0036425,DeeJay Dallas,RB,MIN,GB,2026,1,0,0,0,0,1,1,0,1.1
00-0037525,Jordan Mason,RB,MIN,GB,2026,1,0,0,59,1,0,0,0,11.9
00-0038994,Jordan Addison,WR,MIN,GB,2026,1,0,0,0,0,0,0,0,0
00-0040506,Myles Price,WR,MIN,GB,2026,1,0,0,0,0,0,0,0,0
00-0033090,Hunter Henry,TE,NE,SEA,2026,1,0,0,0,0,3,26,0,5.6
00-0033555,Mack Hollins,WR,NE,SEA,2026,1,0,0,0,0,4,51,0,9.1
00-0035676,A.J. Brown,WR,NE,SEA,2026,1,0,0,0,0,3,26,0,5.6
00-0036875,Rhamondre Stevenson,RB,NE,SEA,2026,1,0,0,51,0,5,44,0,14.5
00-0037816,Romeo Doubs,WR,NE,SEA,2026,1,0,0,0,0,0,0,0,0
00-0038621,DeMario Douglas,WR,NE,SEA,2026,1,0,0,0,0,5,20,0,7
00-0039851,Drake Maye,QB,NE,SEA,2026,1,178,1,47,0,0,0,0,9.8
00-0040131,Kyle Williams,WR,NE,SEA,2026,1,0,0,0,0,0,0,0,0
00-0040556,Corey Kiner,RB,NE,SEA,2026,1,0,0,11,0,0,0,0,1.1
00-0040568,Lan Larison,RB,NE,SEA,2026,1,0,0,0,0,2,9,0,2.9
00-0041395,Eli Raridon,TE,NE,SEA,2026,1,0,0,0,0,1,2,1,7.2
00-0035644,Noah Fant,TE,NO,DET,2026,1,0,0,0,0,4,33,1,13.3
00-0036040,Juwan Johnson,TE,NO,DET,2026,1,0,0,0,0,3,54,1,14.4
00-0036973,Travis Etienne,RB,NO,DET,2026,1,0,0,46,0,7,32,0,14.8
00-0037239,Chris Olave,WR,NO,DET,2026,1,0,0,0,0,10,182,0,28.2
00-0038551,Kendre Miller,RB,NO,DET,2026,1,0,0,30,1,0,0,0,9
00-0039424,Devaughn Vele,WR,NO,DET,2026,1,0,0,0,0,7,69,1,19.9
00-0039518,Treyton Welch,TE,NO,DET,2026,1,0,0,0,0,0,0,0,0
00-0040743,Tyler Shough,QB,NO,DET,2026,1,410,3,8,0,0,0,0,23.2
00-0041067,Bryce Lance,WR,NO,DET,2026,1,0,0,0,0,3,42,0,7.2
00-0041099,Barion Brown,WR,NO,DET,2026,1,0,0,3,0,0,0,0,0.3
00-0041326,CJ Donaldson,RB,NO,DET,2026,1,0,0,4,0,1,-2,0,1.2
00-0033376,Patrick Ricard,RB,NYG,DAL,2026,1,0,0,0,0,0,0,0,0
00-0034419,Braxton Berrios,WR,NYG,DAL,2026,1,0,0,0,0,0,0,0,0
00-0035250,Devin Singletary,RB,NYG,DAL,2026,1,0,0,16,0,4,22,1,13.8
00-0036309,Darnell Mooney,WR,NYG,DAL,2026,1,0,0,0,0,2,27,0,4.7
00-0037838,Isaiah Likely,TE,NYG,DAL,2026,1,0,0,0,0,8,78,2,27.8
00-0039337,Malik Nabers,WR,NYG,DAL,2026,1,0,0,0,0,6,69,0,12.9
00-0039384,Tyrone Tracy Jr.,RB,NYG,DAL,2026,1,0,0,14,0,0,0,0,-0.6
00-0039847,Theo Johnson,TE,NYG,DAL,2026,1,0,0,0,0,1,9,0,1.9
00-0040691,Jaxson Dart,QB,NYG,DAL,2026,1,230,3,54,0,0,0,0,26.6
00-0040715,Cam Skattebo,RB,NYG,DAL,2026,1,0,0,81,1,0,0,0,14.1
00-0041042,Malachi Fields,WR,NYG,DAL,2026,1,0,0,0,0,2,25,0,4.5
00-0030565,Geno Smith,QB,NYJ,TEN,2026,1,215,0,7,0,0,0,0,9.3
00-0037740,Garrett Wilson,WR,NYJ,TEN,2026,1,0,0,0,0,6,79,0,13.9
00-0037805,Jeremy Ruckert,TE,NYJ,TEN,2026,1,0,0,0,0,1,4,0,1.4
00-0038120,Breece Hall,RB,NYJ,TEN,2026,1,0,0,102,1,2,16,0,19.8
00-0039451,Isaiah Williams,WR,NYJ,TEN,2026,1,0,0,0,0,1,7,0,1.7
00-0039794,Braelon Allen,RB,NYJ,TEN,2026,1,0,0,40,0,0,0,0,4
00-0039890,Adonai Mitchell,WR,NYJ,TEN,2026,1,0,0,0,0,3,60,0,9
00-0040582,Arian Smith,WR,NYJ,TEN,2026,1,0,0,0,0,0,0,0,0
00-0040736,Mason Taylor,TE,NYJ,TEN,2026,1,0,0,0,0,2,-2,0,1.8
00-0041032,Kenyon Sadiq,TE,NYJ,TEN,2026,1,0,0,3,1,3,21,0,11.4
00-0041511,Omar Cooper Jr.,WR,NYJ,TEN,2026,1,0,0,0,0,1,30,0,4
00-0034351,Dallas Goedert,TE,PHI,WAS,2026,1,0,0,0,0,4,77,2,23.7
00-0034844,Saquon Barkley,RB,PHI,WAS,2026,1,0,0,83,0,1,-3,0,9
00-0036389,Jalen Hurts,QB,PHI,WAS,2026,1,203,3,46,0,0,0,0,24.7
00-0036912,DeVonta Smith,WR,PHI,WAS,2026,1,0,0,0,0,3,53,0,8.3
00-0037132,Britain Covey,WR,PHI,WAS,2026,1,0,0,0,0,0,0,0,0
00-0038393,Dontayvion Wicks,WR,PHI,WAS,2026,1,0,0,0,0,2,73,1,15.3
00-0038555,Tank Bigsby,RB,PHI,WAS,2026,1,0,0,3,0,0,0,0,0.3
00-0039746,Will Shipley,RB,PHI,WAS,2026,1,0,0,4,0,1,8,0,2.2
00-0040024,Darius Cooper,WR,PHI,WAS,2026,1,0,0,0,0,0,0,0,0
00-0040867,Makai Lemon,WR,PHI,WAS,2026,1,0,0,0,0,3,-5,0,2.5
00-0023459,Aaron Rodgers,QB,PIT,ATL,2026,1,221,1,-3,0,0,0,0,12.5
00-0035640,DK Metcalf,WR,PIT,ATL,2026,1,0,0,0,0,4,40,0,8
00-0036139,Rico Dowdle,RB,PIT,ATL,2026,1,0,0,15,0,2,6,0,4.1
00-0036252,Michael Pittman,WR,PIT,ATL,2026,1,0,0,0,0,3,58,0,8.8
00-0036894,Pat Freiermuth,TE,PIT,ATL,2026,1,0,0,0,0,5,46,1,15.6
00-0037228,Jaylen Warren,RB,PIT,ATL,2026,1,0,0,46,0,5,27,0,10.3
00-0038558,Darnell Washington,TE,PIT,ATL,2026,1,0,0,0,0,2,18,0,3.8
00-0039739,Roman Wilson,WR,PIT,ATL,2026,1,0,0,0,0,3,26,0,5.6
00-0041397,Kaden Wetjen,WR,PIT,ATL,2026,1,0,0,0,0,0,0,0,0
00-0041490,Eli Heidenreich,RB,PIT,ATL,2026,1,0,0,0,0,0,0,0,0
00-0033576,Eric Saubert,TE,SEA,NE,2026,1,0,0,0,0,0,0,0,0
00-0033908,Cooper Kupp,WR,SEA,NE,2026,1,0,0,0,0,2,35,0,5.5
00-0034869,Sam Darnold,QB,SEA,NE,2026,1,13,0,0,0,0,0,0,0.5
00-0035704,Drew Lock,QB,SEA,NE,2026,1,187,1,13,0,0,0,0,12.8
00-0037545,Rashid Shaheed,WR,SEA,NE,2026,1,0,0,0,0,1,4,0,1.4
00-0038488,Brady Russell,RB,SEA,NE,2026,1,0,0,0,0,2,20,0,4
00-0038543,Jaxon Smith-Njigba,WR,SEA,NE,2026,1,0,0,0,0,8,122,1,26.2
00-0038797,Emanuel Wilson,RB,SEA,NE,2026,1,0,0,3,0,0,0,0,0.3
00-0039299,George Holani,RB,SEA,NE,2026,1,0,0,29,0,0,0,0,2.9
00-0039793,AJ Barner,TE,SEA,NE,2026,1,0,0,0,0,2,13,0,3.3
00-0040621,Montorie Foster Jr,WR,SEA,NE,2026,1,0,0,0,0,0,0,0,0
00-0041512,Jadarian Price,RB,SEA,NE,2026,1,0,0,52,0,2,6,0,7.8
00-0031408,Mike Evans,WR,SF,LA,2026,1,0,0,0,0,6,49,1,16.9
00-0032775,Demarcus Robinson,WR,SF,LA,2026,1,0,0,0,0,2,50,1,13
00-0033280,Christian McCaffrey,RB,SF,LA,2026,1,0,0,68,0,5,20,0,13.8
00-0033288,George Kittle,TE,SF,LA,2026,1,0,0,0,0,2,12,0,3.2
00-0034854,KhaDarel Hodge,WR,SF,LA,2026,1,0,0,0,0,0,0,0,0
00-0035719,Deebo Samuel Sr.,WR,SF,LA,2026,1,0,0,12,0,6,48,1,18
00-0036887,Luke Farrell,TE,SF,LA,2026,1,0,0,0,0,2,19,0,3.9
00-0037834,Brock Purdy,QB,SF,LA,2026,1,205,3,29,0,0,0,0,21.1
00-0039365,Jacob Cowing,WR,SF,LA,2026,1,0,0,0,0,0,0,0,0
00-0041052,Kaelon Black,RB,SF,LA,2026,1,0,0,65,0,1,5,0,8
00-0033921,Chris Godwin Jr.,WR,TB,CIN,2026,1,0,0,3,0,4,40,0,8.3
00-0034855,Baker Mayfield,QB,TB,CIN,2026,1,216,0,30,1,0,0,0,11.6
00-0036919,Kenny Gainwell,RB,TB,CIN,2026,1,0,0,15,0,1,3,0,2.8
00-0038129,Cade Otton,TE,TB,CIN,2026,1,0,0,0,0,3,26,0,5.6
00-0039361,Bucky Irving,RB,TB,CIN,2026,1,0,0,45,1,7,48,0,20.3
00-0039589,Kameron Johnson,WR,TB,CIN,2026,1,0,0,0,0,0,0,0,0
00-0040129,Emeka Egbuka,WR,TB,CIN,2026,1,0,0,0,0,5,63,0,11.3
00-0040237,Tez Johnson,WR,TB,CIN,2026,1,0,0,-4,0,0,0,0,-0.4
00-0040429,Josh Williams,RB,TB,CIN,2026,1,0,0,0,0,0,0,0,0
00-0041048,Ted Hurst III,WR,TB,CIN,2026,1,0,0,0,0,3,36,0,6.6
00-0041094,Bauer Sharp,TE,TB,CIN,2026,1,0,0,0,0,0,0,0,0
00-0035261,Tony Pollard,RB,TEN,NYJ,2026,1,0,0,35,0,1,-1,0,4.4
00-0038115,Daniel Bellinger,TE,TEN,NYJ,2026,1,0,0,0,0,1,7,0,1.7
00-0038117,Wan'Dale Robinson,WR,TEN,NYJ,2026,1,0,0,0,0,5,38,0,8.8
00-0039032,Tyjae Spears,RB,TEN,NYJ,2026,1,0,0,12,0,2,12,0,4.4
00-0040170,Elic Ayomanor,WR,TEN,NYJ,2026,1,0,0,0,0,1,11,1,8.1
00-0040584,Gunnar Helm,TE,TEN,NYJ,2026,1,0,0,0,0,4,28,0,6.8
00-0040676,Cam Ward,QB,TEN,NYJ,2026,1,140,1,21,0,0,0,0,11.7
00-0040705,Chimere Dike,WR,TEN,NYJ,2026,1,0,0,0,0,1,7,0,1.7
00-0041438,Carnell Tate,WR,TEN,NYJ,2026,1,0,0,0,0,4,38,0,7.8
00-0031588,Stefon Diggs,WR,WAS,PHI,2026,1,0,0,0,0,4,55,1,15.5
00-0035659,Terry McLaurin,WR,WAS,PHI,2026,1,0,0,0,0,2,14,0,3.4
00-0036626,Dyami Brown,WR,WAS,PHI,2026,1,0,0,0,0,0,0,0,0
00-0036628,John Bates,TE,WAS,PHI,2026,1,0,0,0,0,2,13,0,3.3
00-0037256,Rachaad White,RB,WAS,PHI,2026,1,0,0,22,0,2,5,0,4.7
00-0037809,Chig Okonkwo,TE,WAS,PHI,2026,1,0,0,0,0,2,16,0,3.6
00-0039686,Colson Yankoff,TE,WAS,PHI,2026,1,0,0,0,0,0,0,0,0
00-0039910,Jayden Daniels,QB,WAS,PHI,2026,1,164,2,31,0,0,0,0,17.7
00-0040164,Jaylin Lane,WR,WAS,PHI,2026,1,0,0,0,0,1,4,0,1.4
00-0040242,Jacory Croskey-Merritt,RB,WAS,PHI,2026,1,0,0,63,1,1,-7,0,12.6
00-0041040,Antonio Williams,WR,WAS,PHI,2026,1,0,0,0,0,4,64,1,16.4
00-0041096,Kaytron Allen,RB,WAS,PHI,2026,1,0,0,16,0,0,0,0,1.6
00-0033119,Jacoby Brissett,QB,ARI,SEA,2026,2,95,1,7,0,0,0,0,6.5
00-0033307,Kendrick Bourne,WR,ARI,SEA,2026,2,0,0,0,0,2,11,0,3.1
00-0036331,Devin Duvernay,WR,ARI,SEA,2026,2,0,0,0,0,0,0,0,0
00-0037004,Hunter Long,TE,ARI,SEA,2026,2,0,0,0,0,0,0,0,0
00-0037157,Bam Knight,RB,ARI,SEA,2026,2,0,0,24,0,0,0,0,2.4
00-0037263,Tyler Allgeier,RB,ARI,SEA,2026,2,0,0,10,0,2,9,0,3.9
00-0037744,Trey McBride,TE,ARI,SEA,2026,2,0,0,0,0,8,41,1,18.1
00-0038559,Michael Wilson,WR,ARI,SEA,2026,2,0,0,0,0,2,18,0,3.8
00-0038640,Jalen Brooks,WR,ARI,SEA,2026,2,0,0,0,0,0,0,0,0
00-0039041,Elijah Higgins,TE,ARI,SEA,2026,2,0,0,0,0,0,0,0,0
00-0039849,Marvin Harrison Jr.,WR,ARI,SEA,2026,2,0,0,0,0,0,0,0,0
00-0041027,Jeremiyah Love,RB,ARI,SEA,2026,2,0,0,29,0,3,16,0,7.5
00-0032392,Austin Hooper,TE,ATL,CAR,2026,2,0,0,0,0,2,20,0,4
00-0033662,Cooper Rush,QB,ATL,CAR,2026,2,86,0,20,0,0,0,0,-0.6
00-0035208,Olamide Zaccheaus,WR,ATL,CAR,2026,2,0,0,0,0,1,3,0,1.3
00-0036429,Charlie Woerner,TE,ATL,CAR,2026,2,0,0,0,0,0,0,0,0
00-0036463,Chris Blair,WR,ATL,CAR,2026,2,0,0,0,0,1,6,0,1.6
00-0036970,Kyle Pitts,TE,ATL,CAR,2026,2,0,0,0,0,1,15,0,2.5
00-0037238,Drake London,WR,ATL,CAR,2026,2,0,0,-2,0,4,51,0,8.9
00-0037741,Jahan Dotson,WR,ATL,CAR,2026,2,0,0,0,0,2,11,0,3.1
00-0037746,Brian Robinson,RB,ATL,CAR,2026,2,0,0,51,0,2,16,0,8.7
00-0038542,Bijan Robinson,RB,ATL,CAR,2026,2,0,0,72,0,3,9,0,11.1
00-0041044,Zachariah Branch,WR,ATL,CAR,2026,2,0,0,0,0,2,14,0,3.4
00-0041194,Jack Strand,QB,ATL,CAR,2026,2,59,0,16,0,0,0,0,0
00-0032398,Chris Moore,WR,BAL,NO,2026,2,0,0,0,0,1,6,0,1.6
00-0032764,Derrick Henry,RB,BAL,NO,2026,2,0,0,68,1,3,19,0,17.7
00-0034753,Mark Andrews,TE,BAL,NO,2026,2,0,0,0,0,6,49,0,10.9
00-0034796,Lamar Jackson,QB,BAL,NO,2026,2,235,1,34,0,0,0,0,14.8
00-0034798,Durham Smythe,TE,BAL,NO,2026,2,0,0,0,0,0,0,0,0
00-0034975,Justice Hill,RB,BAL,NO,2026,2,0,0,6,0,2,12,0,3.8
00-0036550,Rashod Bateman,WR,BAL,NO,2026,2,0,0,0,0,7,88,1,21.8
00-0039792,Devontez Walker,WR,BAL,NO,2026,2,0,0,0,0,1,47,0,5.7
00-0039796,Rasheen Ali,RB,BAL,NO,2026,2,0,0,0,0,0,0,0,0
00-0040075,LaJohntay Wester,WR,BAL,NO,2026,2,0,0,0,0,1,14,0,2.4
00-0034827,DJ Moore,WR,BUF,DET,2026,2,0,0,-1,0,0,0,0,-0.1
00-0034857,Josh Allen,QB,BUF,DET,2026,2,248,3,69,2,0,0,0,40.8
00-0035500,Greg Dortch,WR,BUF,DET,2026,2,0,0,0,0,0,0,0,0
00-0035689,Dawson Knox,TE,BUF,DET,2026,2,0,0,0,0,2,5,1,8.5
00-0036988,Josh Palmer,WR,BUF,DET,2026,2,0,0,0,0,1,43,1,11.3
00-0037248,James Cook,RB,BUF,DET,2026,2,0,0,135,1,1,4,0,20.9
00-0037261,Khalil Shakir,WR,BUF,DET,2026,2,0,0,0,0,3,38,0,6.8
00-0038933,Dalton Kincaid,TE,BUF,DET,2026,2,0,0,0,0,7,95,1,22.5
00-0039875,Ray Davis,RB,BUF,DET,2026,2,0,0,0,0,0,0,0,0
00-0039901,Keon Coleman,WR,BUF,DET,2026,2,0,0,0,0,6,63,0,12.3
00-0040363,Keleki Latu,TE,BUF,DET,2026,2,0,0,0,0,0,0,0,0
00-0031610,Darren Waller,TE,CAR,ATL,2026,2,0,0,0,0,3,33,2,18.3
00-0036265,AJ Dillon,RB,CAR,ATL,2026,2,0,0,-3,0,0,0,0,-0.3
00-0036555,Chuba Hubbard,RB,CAR,ATL,2026,2,0,0,53,0,2,11,1,14.4
00-0036825,Feleipe Franks,TE,CAR,ATL,2026,2,0,0,0,0,0,0,0,0
00-0037005,Tommy Tremble,TE,CAR,ATL,2026,2,0,0,0,0,1,4,0,1.4
00-0037614,John Metchie III,WR,CAR,ATL,2026,2,0,0,0,0,0,0,0,0
00-0038102,Kenny Pickett,QB,CAR,ATL,2026,2,0,0,-4,0,0,0,0,-0.4
00-0038840,Brycen Tremayne,WR,CAR,ATL,2026,2,0,0,0,0,0,0,0,0
00-0039150,Bryce Young,QB,CAR,ATL,2026,2,287,3,6,0,0,0,0,24.1
00-0039342,Xavier Legette,WR,CAR,ATL,2026,2,0,0,0,0,2,64,0,8.4
00-0039344,Jonathon Brooks,RB,CAR,ATL,2026,2,0,0,16,0,1,-5,0,2.1
00-0039491,Jalen Coker,WR,CAR,ATL,2026,2,0,0,0,0,8,66,0,14.6
00-0040124,Tetairoa McMillan,WR,CAR,ATL,2026,2,0,0,0,0,5,101,0,15.1
00-0040187,Mitchell Evans,TE,CAR,ATL,2026,2,0,0,0,0,1,13,0,2.3
00-0032464,Kalif Raymond,WR,CHI,MIN,2026,2,0,0,0,0,5,40,0,9
00-0036275,D'Andre Swift,RB,CHI,MIN,2026,2,0,0,45,0,5,54,0,12.9
00-0036290,Cole Kmet,TE,CHI,MIN,2026,2,0,0,0,0,0,0,0,0
00-0038416,Tyson Bagent,QB,CHI,MIN,2026,2,54,0,0,0,0,0,0,2.2
00-0039918,Caleb Williams,QB,CHI,MIN,2026,2,138,0,42,0,0,0,0,7.7
00-0039919,Rome Odunze,WR,CHI,MIN,2026,2,0,0,0,0,3,43,0,7.3
00-0040126,Colston Loveland,TE,CHI,MIN,2026,2,0,0,0,0,1,3,0,1.3
00-0040236,Kyle Monangai,RB,CHI,MIN,2026,2,0,0,47,0,2,11,0,7.8
00-0040735,Luther Burden III,WR,CHI,MIN,2026,2,0,0,0,0,3,32,0,6.2
00-0041051,Zavion Thomas,WR,CHI,MIN,2026,2,0,0,0,0,0,0,0,0
00-0041558,Sam Roush,TE,CHI,MIN,2026,2,0,0,0,0,1,9,0,1.9
00-0033526,Samaje Perine,RB,CIN,HOU,2026,2,0,0,6,0,1,16,0,3.2
00-0036410,Tee Higgins,WR,CIN,HOU,2026,2,0,0,0,0,5,95,0,14.5
00-0036442,Joe Burrow,QB,CIN,HOU,2026,2,207,2,-1,0,0,0,0,16.2
00-0036900,Ja'Marr Chase,WR,CIN,HOU,2026,2,0,0,0,0,7,75,2,26.5
00-0038597,Chase Brown,RB,CIN,HOU,2026,2,0,0,80,0,3,2,0,11.2
00-0038619,Andrei Iosivas,WR,CIN,HOU,2026,2,0,0,0,0,1,7,0,1.7
00-0039814,Erick All,TE,CIN,HOU,2026,2,0,0,0,0,2,5,0,2.5
00-0040785,Dohnte Meyers,WR,CIN,HOU,2026,2,0,0,0,0,0,0,0,0
00-0041069,Colbie Young,WR,CIN,HOU,2026,2,0,0,0,0,1,7,0,1.7
00-0033537,Deshaun Watson,QB,CLE,TB,2026,2,238,2,22,0,0,0,0,19.7
00-0036407,Jerry Jeudy,WR,CLE,TB,2026,2,0,0,0,0,0,0,0,0
00-0038710,Blake Whiteheart,TE,CLE,TB,2026,2,0,0,0,0,1,17,1,8.7
00-0038794,Jaleel McLaughlin,RB,CLE,TB,2026,2,0,0,3,0,0,0,0,0.3
00-0039920,Malachi Corley,WR,CLE,TB,2026,2,0,0,0,0,0,0,0,0
00-0040466,Raheim Sanders,RB,CLE,TB,2026,2,0,0,4,0,1,7,0,2.1
00-0040663,Harold Fannin Jr.,TE,CLE,TB,2026,2,0,0,0,0,5,54,0,10.4
00-0040782,Isaiah Bond,WR,CLE,TB,2026,2,0,0,0,0,1,10,0,2
00-0040784,Quinshon Judkins,RB,CLE,TB,2026,2,0,0,21,0,5,27,0,9.8
00-0041037,Denzel Boston,WR,CLE,TB,2026,2,0,0,0,0,5,95,1,20.5
00-0041547,KC Concepcion,WR,CLE,TB,2026,2,0,0,-6,0,6,28,0,8.2
00-0033077,Dak Prescott,QB,DAL,WAS,2026,2,279,4,26,0,0,0,0,29.8
00-0036358,CeeDee Lamb,WR,DAL,WAS,2026,2,0,0,0,0,8,153,2,35.3
00-0036997,Javonte Williams,RB,DAL,WAS,2026,2,0,0,30,0,3,20,0,8
00-0037247,George Pickens,WR,DAL,WAS,2026,2,0,0,0,0,6,40,0,10
00-0037801,KaVontae Turpin,WR,DAL,WAS,2026,2,0,0,1,0,0,0,0,0.1
00-0038041,Jake Ferguson,TE,DAL,WAS,2026,2,0,0,0,0,4,43,2,20.3
00-0038705,Emari Demercado,RB,DAL,WAS,2026,2,0,0,8,0,0,0,0,0.8
00-0038738,Hunter Luepke,RB,DAL,WAS,2026,2,0,0,1,0,0,0,0,0.1
00-0039410,Ryan Flournoy,WR,DAL,WAS,2026,2,0,0,0,0,5,23,0,7.3
00-0039530,Brevyn Spann-Ford,TE,DAL,WAS,2026,2,0,0,0,0,0,0,0,0
00-0033881,Evan Engram,TE,DEN,JAX,2026,2,0,0,0,0,1,17,0,2.7
00-0034348,Courtland Sutton,WR,DEN,JAX,2026,2,0,0,0,0,3,25,0,5.5
00-0035406,Lil'Jordan Humphrey,WR,DEN,JAX,2026,2,0,0,0,0,0,0,0,0
00-0036158,J.K. Dobbins,RB,DEN,JAX,2026,2,0,0,36,0,0,0,0,3.6
00-0036613,Jaylen Waddle,WR,DEN,JAX,2026,2,0,0,0,0,8,138,0,21.8
00-0037085,Tyler Badie,RB,DEN,JAX,2026,2,0,0,1,0,2,28,0,4.9
00-0038783,Nate Adkins,TE,DEN,JAX,2026,2,0,0,6,0,3,32,1,12.8
00-0039732,Bo Nix,QB,DEN,JAX,2026,2,288,1,6,0,0,0,0,14.1
00-0039868,Troy Franklin,WR,DEN,JAX,2026,2,0,0,0,0,1,27,0,3.7
00-0040134,Pat Bryant,WR,DEN,JAX,2026,2,0,0,16,0,0,0,0,1.6
00-0041496,Jonah Coleman,RB,DEN,JAX,2026,2,0,0,39,1,3,19,0,14.8
00-0033106,Jared Goff,QB,DET,BUF,2026,2,327,4,7,0,0,0,0,29.8
00-0035544,Tom Kennedy,WR,DET,BUF,2026,2,0,0,0,0,0,0,0,0
00-0036754,Brock Wright,TE,DET,BUF,2026,2,0,0,0,0,0,0,0,0
00-0036963,Amon-Ra St. Brown,WR,DET,BUF,2026,2,0,0,0,0,9,142,2,35.2
00-0037240,Jameson Williams,WR,DET,BUF,2026,2,0,0,0,0,2,33,0,5.3
00-0037524,Tay Martin,WR,DET,BUF,2026,2,0,0,0,0,0,0,0,0
00-0038896,Jacob Saylors,RB,DET,BUF,2026,2,0,0,0,0,0,0,0,0
00-0039065,Sam LaPorta,TE,DET,BUF,2026,2,0,0,0,0,6,52,1,17.2
00-0039139,Jahmyr Gibbs,RB,DET,BUF,2026,2,0,0,52,0,6,61,1,23.3
00-0039364,Sione Vaki,RB,DET,BUF,2026,2,0,0,7,0,1,13,0,3
00-0040669,Isaac TeSlaa,WR,DET,BUF,2026,2,0,0,0,0,2,26,0,4.6
00-0036264,Jordan Love,QB,GB,NYJ,2026,2,145,2,0,0,0,0,0,13.8
00-0037091,Bo Melton,WR,GB,NYJ,2026,2,0,0,0,0,0,0,0,0
00-0038090,Skyy Moore,WR,GB,NYJ,2026,2,0,0,0,0,2,6,0,2.6
00-0038124,Christian Watson,WR,GB,NYJ,2026,2,0,0,0,0,4,41,1,14.1
00-0038685,Chris Brooks,RB,GB,NYJ,2026,2,0,0,11,0,1,15,0,3.6
00-0038996,Tucker Kraft,TE,GB,NYJ,2026,2,0,0,0,0,2,15,0,3.5
00-0039146,Jayden Reed,WR,GB,NYJ,2026,2,0,0,0,0,1,4,0,1.4
00-0039811,MarShawn Lloyd,RB,GB,NYJ,2026,2,0,0,20,0,2,6,1,8.6
00-0040142,Kaleb Johnson,RB,GB,NYJ,2026,2,0,0,32,0,0,0,0,3.2
00-0040667,Matthew Golden,WR,GB,NYJ,2026,2,0,0,0,0,4,58,0,9.8
00-0040948,J. Michael Sturdivant,WR,GB,NYJ,2026,2,0,0,0,0,0,0,0,0
00-0034383,Dalton Schultz,TE,HOU,CIN,2026,2,0,0,0,0,12,140,0,26
00-0034981,Foster Moreau,TE,HOU,CIN,2026,2,0,0,0,0,2,34,0,5.4
00-0035685,David Montgomery,RB,HOU,CIN,2026,2,0,0,10,0,2,14,0,4.4
00-0038608,Kayshon Boutte,WR,HOU,CIN,2026,2,0,0,0,0,3,37,0,6.7
00-0038618,Xavier Hutchinson,WR,HOU,CIN,2026,2,0,0,0,0,3,37,0,6.7
00-0038728,Jared Wayne,WR,HOU,CIN,2026,2,0,0,0,0,2,33,0,5.3
00-0039163,C.J. Stroud,QB,HOU,CIN,2026,2,353,0,29,0,0,0,0,17
00-0039603,British Brooks,RB,HOU,CIN,2026,2,0,0,0,0,0,0,0,0
00-0040138,Jaylin Noel,WR,HOU,CIN,2026,2,0,0,13,0,1,31,0,5.4
00-0040583,Woody Marks,RB,HOU,CIN,2026,2,0,0,8,0,5,27,0,8.5
00-0030279,Keenan Allen,WR,IND,KC,2026,2,0,0,0,0,1,5,0,1.5
00-0032951,Laquon Treadwell,WR,IND,KC,2026,2,0,0,0,0,3,61,0,9.1
00-0035710,Daniel Jones,QB,IND,KC,2026,2,210,1,10,0,0,0,0,11.4
00-0036223,Jonathan Taylor,RB,IND,KC,2026,2,0,0,92,2,4,40,0,29.2
00-0037292,Andrew Ogletree,TE,IND,KC,2026,2,0,0,0,0,0,0,0,0
00-0037664,Alec Pierce,WR,IND,KC,2026,2,0,0,0,0,1,11,0,2.1
00-0038997,Josh Downs,WR,IND,KC,2026,2,0,0,0,0,7,72,0,14.2
00-0039816,Anthony Gould,WR,IND,KC,2026,2,0,0,0,0,0,0,0,0
00-0040128,Tyler Warren,TE,IND,KC,2026,2,0,0,3,0,6,21,1,14.4
00-0041125,Seth McGowan,RB,IND,KC,2026,2,0,0,0,0,0,0,0,0
00-0041132,Deion Burks,WR,IND,KC,2026,2,0,0,14,0,0,0,0,1.4
00-0032104,Ameer Abdullah,RB,JAX,DEN,2026,2,0,0,11,0,1,2,0,2.3
00-0034960,Jakobi Meyers,WR,JAX,DEN,2026,2,0,0,0,0,1,28,0,3.8
00-0036590,Quintin Morris,TE,JAX,DEN,2026,2,0,0,0,0,1,7,0,1.7
00-0036971,Trevor Lawrence,QB,JAX,DEN,2026,2,189,0,6,0,0,0,0,6.2
00-0038606,Parker Washington,WR,JAX,DEN,2026,2,0,0,0,0,7,98,0,16.8
00-0038611,Chris Rodriguez Jr.,RB,JAX,DEN,2026,2,0,0,13,0,0,0,0,1.3
00-0038935,Brenton Strange,TE,JAX,DEN,2026,2,0,0,0,0,2,17,0,3.7
00-0039893,Brian Thomas Jr.,WR,JAX,DEN,2026,2,0,0,0,0,3,40,0,7
00-0040238,LeQuint Allen Jr.,RB,JAX,DEN,2026,2,0,0,0,0,0,0,0,0
00-0040719,Bhayshul Tuten,RB,JAX,DEN,2026,2,0,0,65,1,2,-3,0,14.2
00-0041100,Josh Cameron,WR,JAX,DEN,2026,2,0,0,0,0,0,0,0,0
00-0030506,Travis Kelce,TE,KC,IND,2026,2,0,0,0,0,9,101,1,25.1
00-0033873,Patrick Mahomes,QB,KC,IND,2026,2,382,3,17,0,0,0,0,29
00-0036637,Noah Gray,TE,KC,IND,2026,2,0,0,0,0,0,0,0,0
00-0038104,Tyquan Thornton,WR,KC,IND,2026,2,0,0,0,0,4,86,0,12.6
00-0038134,Kenneth Walker III,RB,KC,IND,2026,2,0,0,117,0,6,61,0,23.8
00-0038519,Nikko Remigio,WR,KC,IND,2026,2,0,0,0,0,0,0,0,0
00-0039067,Rashee Rice,WR,KC,IND,2026,2,0,0,0,0,4,83,0,12.3
00-0039894,Xavier Worthy,WR,KC,IND,2026,2,0,0,0,0,5,25,1,13.5
00-0040078,Brashard Smith,RB,KC,IND,2026,2,0,0,0,0,0,0,0,0
00-0040646,Jalen Royals,WR,KC,IND,2026,2,0,0,0,0,2,6,1,8.6
00-0041013,Emmett Johnson,RB,KC,IND,2026,2,0,0,15,0,2,20,0,5.5
00-0026498,Matthew Stafford,QB,LA,NYG,2026,2,327,4,-1,0,0,0,0,27
00-0031381,Davante Adams,WR,LA,NYG,2026,2,0,0,0,0,8,195,2,39.5
00-0036244,Colby Parkinson,TE,LA,NYG,2026,2,0,0,0,0,2,15,0,3.5
00-0036849,Tutu Atwell,WR,LA,NYG,2026,2,0,0,0,0,1,19,0,2.9
00-0037840,Kyren Williams,RB,LA,NYG,2026,2,0,0,85,0,2,12,1,15.7
00-0038359,Xavier Smith,WR,LA,NYG,2026,2,0,0,0,0,0,0,0,0
00-0039074,Davis Allen,TE,LA,NYG,2026,2,0,0,0,0,1,7,0,1.7
00-0039738,Blake Corum,RB,LA,NYG,2026,2,0,0,79,0,1,13,0,10.2
00-0040590,Konata Mumpfield,WR,LA,NYG,2026,2,0,0,0,0,1,12,0,2.2
00-0040737,Terrance Ferguson,TE,LA,NYG,2026,2,0,0,0,0,6,54,1,17.4
00-0033885,David Njoku,TE,LAC,LV,2026,2,0,0,0,0,1,9,0,1.9
00-0036355,Justin Herbert,QB,LAC,LV,2026,2,192,1,2,0,0,0,0,7.9
00-0038046,Charlie Kolar,TE,LAC,LV,2026,2,0,0,0,0,3,21,0,5.1
00-0038454,Keaton Mitchell,RB,LAC,LV,2026,2,0,0,24,0,1,15,0,4.9
00-0038544,Quentin Johnston,WR,LAC,LV,2026,2,0,0,7,0,1,7,0,2.4
00-0038573,Derius Davis,WR,LAC,LV,2026,2,0,0,0,0,0,0,0,0
00-0039391,Kimani Vidal,RB,LAC,LV,2026,2,0,0,0,0,0,0,0,0
00-0039915,Ladd McConkey,WR,LAC,LV,2026,2,0,0,0,0,3,35,0,6.5
00-0040189,Oronde Gadsden II,TE,LAC,LV,2026,2,0,0,0,0,2,18,1,9.8
00-0040666,Omarion Hampton,RB,LAC,LV,2026,2,0,0,94,1,2,21,0,17.5
00-0040727,Tre Harris,WR,LAC,LV,2026,2,0,0,0,0,1,53,0,6.3
00-0041550,Brenen Thompson,WR,LAC,LV,2026,2,0,0,0,0,1,13,0,2.3
00-0029604,Kirk Cousins,QB,LV,LAC,2026,2,253,3,1,0,0,0,0,20.2
00-0034365,Ian Thomas,TE,LV,LAC,2026,2,0,0,0,0,1,11,0,2.1
00-0035891,Cody White,WR,LV,LAC,2026,2,0,0,0,0,2,24,2,16.4
00-0037093,Dareke Young,WR,LV,LAC,2026,2,0,0,0,0,1,27,0,3.7
00-0037291,Jalen Nailor,WR,LV,LAC,2026,2,0,0,0,0,1,9,0,1.9
00-0038563,Tre Tucker,WR,LV,LAC,2026,2,0,0,0,0,5,119,1,22.9
00-0039066,Michael Mayer,TE,LV,LAC,2026,2,0,0,0,0,3,23,0,5.3
00-0039407,Dylan Laube,RB,LV,LAC,2026,2,0,0,0,0,0,0,0,0
00-0040122,Ashton Jeanty,RB,LV,LAC,2026,2,0,0,48,0,4,15,0,10.3
00-0040729,Jack Bech,WR,LV,LAC,2026,2,0,0,0,0,2,25,0,4.5
00-0040878,Mike Washington Jr.,RB,LV,LAC,2026,2,0,0,7,0,0,0,0,0.7
00-0040894,Malik Benson,WR,LV,LAC,2026,2,0,0,0,0,0,0,0,0
00-0037252,Greg Dulcich,TE,MIA,SF,2026,2,0,0,0,0,2,17,0,3.7
00-0038128,Malik Willis,QB,MIA,SF,2026,2,197,1,6,0,0,0,0,12.5
00-0038824,Ryan Miller,WR,MIA,SF,2026,2,0,0,0,0,1,77,1,14.7
00-0039040,De'Von Achane,RB,MIA,SF,2026,2,0,0,74,0,3,19,0,12.3
00-0039874,Jaylen Wright,RB,MIA,SF,2026,2,0,0,11,0,0,0,0,1.1
00-0039880,Malik Washington,WR,MIA,SF,2026,2,0,0,4,0,4,43,0,8.7
00-0040198,Ollie Gordon II,RB,MIA,SF,2026,2,0,0,7,0,0,0,0,0.7
00-0041436,DJ Herman,RB,MIA,SF,2026,2,0,0,0,0,1,18,0,2.8
00-0041523,Caleb Douglas,WR,MIA,SF,2026,2,0,0,0,0,2,19,0,3.9
00-0041524,Will Kacmarek,TE,MIA,SF,2026,2,0,0,0,0,1,4,0,1.4
00-0041525,Chris Bell,WR,MIA,SF,2026,2,0,0,0,0,0,0,0,0
00-0032950,Carson Wentz,QB,MIN,CHI,2026,2,143,0,6,0,0,0,0,6.3
00-0033293,Aaron Jones,RB,MIN,CHI,2026,2,0,0,105,0,0,0,0,10.5
00-0035229,T.J. Hockenson,TE,MIN,CHI,2026,2,0,0,0,0,3,29,0,5.9
00-0035249,Josh Oliver,TE,MIN,CHI,2026,2,0,0,0,0,1,24,0,3.4
00-0036322,Justin Jefferson,WR,MIN,CHI,2026,2,0,0,0,0,3,55,0,8.5
00-0036425,DeeJay Dallas,RB,MIN,CHI,2026,2,0,0,8,0,1,12,0,3
00-0038994,Jordan Addison,WR,MIN,CHI,2026,2,0,0,0,0,2,21,0,4.1
00-0040506,Myles Price,WR,MIN,CHI,2026,2,0,0,0,0,0,0,0,0
00-0041104,Demond Claiborne,RB,MIN,CHI,2026,2,0,0,0,0,1,2,0,1.2
00-0033090,Hunter Henry,TE,NE,PIT,2026,2,0,0,0,0,3,40,0,7
00-0033555,Mack Hollins,WR,NE,PIT,2026,2,0,0,0,0,2,18,0,3.8
00-0036187,Reggie Gilliam,RB,NE,PIT,2026,2,0,0,0,0,1,4,0,1.4
00-0036875,Rhamondre Stevenson,RB,NE,PIT,2026,2,0,0,43,0,1,3,0,3.6
00-0037816,Romeo Doubs,WR,NE,PIT,2026,2,0,0,0,0,3,96,0,12.6
00-0038564,Cameron Latu,TE,NE,PIT,2026,2,0,0,0,0,0,0,0,0
00-0038621,DeMario Douglas,WR,NE,PIT,2026,2,0,0,0,0,1,9,0,1.9
00-0039851,Drake Maye,QB,NE,PIT,2026,2,208,0,17,0,0,0,0,8
00-0040131,Kyle Williams,WR,NE,PIT,2026,2,0,0,0,0,1,10,0,2
00-0040556,Corey Kiner,RB,NE,PIT,2026,2,0,0,0,0,0,0,0,0
00-0040563,Efton Chism III,WR,NE,PIT,2026,2,0,0,0,0,1,-2,0,0.8
00-0040734,TreVeyon Henderson,RB,NE,PIT,2026,2,0,0,76,1,0,0,0,13.6
00-0041395,Eli Raridon,TE,NE,PIT,2026,2,0,0,0,0,1,30,0,4
00-0033906,Alvin Kamara,RB,NO,BAL,2026,2,0,0,15,0,5,7,0,7.2
00-0035644,Noah Fant,TE,NO,BAL,2026,2,0,0,0,0,0,0,0,0
00-0036040,Juwan Johnson,TE,NO,BAL,2026,2,0,0,0,0,4,66,0,10.6
00-0036973,Travis Etienne,RB,NO,BAL,2026,2,0,0,25,0,2,6,0,7.1
00-0037231,Kevin Austin Jr.,WR,NO,BAL,2026,2,0,0,0,0,1,7,0,1.7
00-0037239,Chris Olave,WR,NO,BAL,2026,2,0,0,0,0,8,86,1,22.6
00-0039424,Devaughn Vele,WR,NO,BAL,2026,2,0,0,0,0,5,64,0,11.4
00-0040743,Tyler Shough,QB,NO,BAL,2026,2,252,1,23,1,0,0,0,22.4
00-0041041,Oscar Delp,TE,NO,BAL,2026,2,0,0,0,0,1,8,0,1.8
00-0041067,Bryce Lance,WR,NO,BAL,2026,2,0,0,0,0,1,8,0,1.8
00-0041099,Barion Brown,WR,NO,BAL,2026,2,0,0,0,0,0,0,0,0
00-0041326,CJ Donaldson,RB,NO,BAL,2026,2,0,0,2,0,0,0,0,0.2
00-0031503,Jameis Winston,QB,NYG,LA,2026,2,111,0,1,0,0,0,0,2.5
00-0034419,Braxton Berrios,WR,NYG,LA,2026,2,0,0,0,0,0,0,0,0
00-0035250,Devin Singletary,RB,NYG,LA,2026,2,0,0,9,0,0,0,0,0.9
00-0036309,Darnell Mooney,WR,NYG,LA,2026,2,0,0,0,0,2,48,0,6.8
00-0036893,Najee Harris,RB,NYG,LA,2026,2,0,0,6,0,0,0,0,0.6
00-0037838,Isaiah Likely,TE,NYG,LA,2026,2,0,0,0,0,5,33,0,8.3
00-0039337,Malik Nabers,WR,NYG,LA,2026,2,0,0,0,0,1,1,0,1.1
00-0039384,Tyrone Tracy Jr.,RB,NYG,LA,2026,2,0,0,0,0,0,0,0,0
00-0039847,Theo Johnson,TE,NYG,LA,2026,2,0,0,0,0,0,0,0,0
00-0040691,Jaxson Dart,QB,NYG,LA,2026,2,20,0,0,0,0,0,0,0.8
00-0040715,Cam Skattebo,RB,NYG,LA,2026,2,0,0,36,0,4,19,0,9.5
00-0041042,Malachi Fields,WR,NYG,LA,2026,2,0,0,0,0,2,30,0,5
00-0030565,Geno Smith,QB,NYJ,GB,2026,2,247,1,17,0,0,0,0,15.6
00-0037740,Garrett Wilson,WR,NYJ,GB,2026,2,0,0,0,0,5,57,1,16.7
00-0037805,Jeremy Ruckert,TE,NYJ,GB,2026,2,0,0,0,0,2,5,0,2.5
00-0038120,Breece Hall,RB,NYJ,GB,2026,2,0,0,29,0,5,63,0,14.2
00-0039451,Isaiah Williams,WR,NYJ,GB,2026,2,0,0,14,0,6,34,0,10.8
00-0039794,Braelon Allen,RB,NYJ,GB,2026,2,0,0,7,1,1,8,0,8.5
00-0039798,Isaiah Davis,RB,NYJ,GB,2026,2,0,0,0,0,0,0,0,0
00-0039890,Adonai Mitchell,WR,NYJ,GB,2026,2,0,0,0,0,6,63,0,12.3
00-0040582,Arian Smith,WR,NYJ,GB,2026,2,0,0,0,0,0,0,0,0
00-0041032,Kenyon Sadiq,TE,NYJ,GB,2026,2,0,0,0,0,2,17,0,3.7
00-0033246,Johnny Mundt,TE,PHI,TEN,2026,2,0,0,0,0,2,8,0,2.8
00-0034351,Dallas Goedert,TE,PHI,TEN,2026,2,0,0,0,0,1,4,0,1.4
00-0034844,Saquon Barkley,RB,PHI,TEN,2026,2,0,0,9,0,1,11,0,3
00-0035662,Marquise Brown,WR,PHI,TEN,2026,2,0,0,12,0,0,0,0,1.2
00-0036389,Jalen Hurts,QB,PHI,TEN,2026,2,264,2,16,0,0,0,0,16.2
00-0036912,DeVonta Smith,WR,PHI,TEN,2026,2,0,0,0,0,10,117,1,27.7
00-0037132,Britain Covey,WR,PHI,TEN,2026,2,0,0,0,0,0,0,0,0
00-0038393,Dontayvion Wicks,WR,PHI,TEN,2026,2,0,0,0,0,5,74,0,12.4
00-0038555,Tank Bigsby,RB,PHI,TEN,2026,2,0,0,33,1,2,5,0,11.8
00-0039746,Will Shipley,RB,PHI,TEN,2026,2,0,0,24,0,2,5,0,4.9
00-0040024,Darius Cooper,WR,PHI,TEN,2026,2,0,0,0,0,2,26,1,10.6
00-0040867,Makai Lemon,WR,PHI,TEN,2026,2,0,0,-5,0,1,14,0,1.9
00-0023459,Aaron Rodgers,QB,PIT,NE,2026,2,187,0,5,0,0,0,0,4
00-0034771,Mason Rudolph,QB,PIT,NE,2026,2,0,0,3,0,0,0,0,0.3
00-0035594,Travis Homer,RB,PIT,NE,2026,2,0,0,16,0,0,0,0,1.6
00-0035640,DK Metcalf,WR,PIT,NE,2026,2,0,0,0,0,4,27,0,6.7
00-0036139,Rico Dowdle,RB,PIT,NE,2026,2,0,0,22,0,2,22,0,6.4
00-0036862,Ben Skowronek,WR,PIT,NE,2026,2,0,0,0,0,1,2,0,1.2
00-0036894,Pat Freiermuth,TE,PIT,NE,2026,2,0,0,2,0,4,32,0,7.4
00-0037228,Jaylen Warren,RB,PIT,NE,2026,2,0,0,43,0,2,34,0,9.7
00-0038558,Darnell Washington,TE,PIT,NE,2026,2,0,0,0,0,1,7,0,1.7
00-0039739,Roman Wilson,WR,PIT,NE,2026,2,0,0,0,0,5,28,0,7.8
00-0041397,Kaden Wetjen,WR,PIT,NE,2026,2,0,0,0,0,0,0,0,0
00-0041489,Germie Bernard,WR,PIT,NE,2026,2,0,0,0,0,4,35,0,7.5
00-0041490,Eli Heidenreich,RB,PIT,NE,2026,2,0,0,0,0,0,0,0,0
00-0033576,Eric Saubert,TE,SEA,ARI,2026,2,0,0,0,0,1,-10,0,0
00-0033908,Cooper Kupp,WR,SEA,ARI,2026,2,0,0,0,0,2,20,0,4
00-0035704,Drew Lock,QB,SEA,ARI,2026,2,235,3,0,0,0,0,0,21.4
00-0037545,Rashid Shaheed,WR,SEA,ARI,2026,2,0,0,4,0,3,35,0,6.9
00-0038543,Jaxon Smith-Njigba,WR,SEA,ARI,2026,2,0,0,0,0,9,155,3,42.5
00-0038797,Emanuel Wilson,RB,SEA,ARI,2026,2,0,0,92,0,0,0,0,9.2
00-0039299,George Holani,RB,SEA,ARI,2026,2,0,0,13,0,1,2,0,2.5
00-0039793,AJ Barner,TE,SEA,ARI,2026,2,0,0,1,1,1,8,0,7.9
00-0040739,Elijah Arroyo,TE,SEA,ARI,2026,2,0,0,0,0,1,17,0,2.7
00-0041512,Jadarian Price,RB,SEA,ARI,2026,2,0,0,52,0,1,8,0,5
00-0031408,Mike Evans,WR,SF,MIA,2026,2,0,0,0,0,3,54,0,8.4
00-0032775,Demarcus Robinson,WR,SF,MIA,2026,2,0,0,0,0,3,34,0,6.4
00-0033280,Christian McCaffrey,RB,SF,MIA,2026,2,0,0,23,2,4,43,0,22.6
00-0033288,George Kittle,TE,SF,MIA,2026,2,0,0,0,0,4,80,1,18
00-0034854,KhaDarel Hodge,WR,SF,MIA,2026,2,0,0,0,0,1,18,0,2.8
00-0035719,Deebo Samuel Sr.,WR,SF,MIA,2026,2,0,0,4,0,3,31,0,6.5
00-0036887,Luke Farrell,TE,SF,MIA,2026,2,0,0,0,0,0,0,0,0
00-0036972,Mac Jones,QB,SF,MIA,2026,2,0,0,-2,0,0,0,0,-0.2
00-0037834,Brock Purdy,QB,SF,MIA,2026,2,287,2,30,1,0,0,0,28.5
00-0038643,Brayden Willis,TE,SF,MIA,2026,2,0,0,0,0,0,0,0,0
00-0039365,Jacob Cowing,WR,SF,MIA,2026,2,0,0,0,0,0,0,0,0
00-0040177,Jordan James,RB,SF,MIA,2026,2,0,0,15,0,0,0,0,1.5
00-0041052,Kaelon Black,RB,SF,MIA,2026,2,0,0,25,0,0,0,0,2.5
00-0033921,Chris Godwin Jr.,WR,TB,CLE,2026,2,0,0,12,0,3,46,0,8.8
00-0034855,Baker Mayfield,QB,TB,CLE,2026,2,182,1,29,0,0,0,0,12.2
00-0036919,Kenny Gainwell,RB,TB,CLE,2026,2,0,0,10,0,3,5,0,4.5
00-0038129,Cade Otton,TE,TB,CLE,2026,2,0,0,0,0,5,38,0,8.8
00-0039361,Bucky Irving,RB,TB,CLE,2026,2,0,0,89,0,4,1,0,13
00-0039589,Kameron Johnson,WR,TB,CLE,2026,2,0,0,0,0,0,0,0,0
00-0040129,Emeka Egbuka,WR,TB,CLE,2026,2,0,0,-3,0,3,16,1,10.3
00-0040237,Tez Johnson,WR,TB,CLE,2026,2,0,0,0,0,1,49,0,5.9
00-0041048,Ted Hurst III,WR,TB,CLE,2026,2,0,0,0,0,2,27,0,4.7
00-0034837,Calvin Ridley,WR,TEN,PHI,2026,2,0,0,0,0,2,35,0,5.5
00-0035261,Tony Pollard,RB,TEN,PHI,2026,2,0,0,64,0,1,1,0,7.5
00-0037594,Julius Chestnut,RB,TEN,PHI,2026,2,0,0,0,0,0,0,0,0
00-0038115,Daniel Bellinger,TE,TEN,PHI,2026,2,0,0,0,0,0,0,0,0
00-0038117,Wan'Dale Robinson,WR,TEN,PHI,2026,2,0,0,0,0,1,9,0,1.9
00-0039032,Tyjae Spears,RB,TEN,PHI,2026,2,0,0,41,0,2,29,0,9
00-0040170,Elic Ayomanor,WR,TEN,PHI,2026,2,0,0,0,0,2,69,0,8.9
00-0040584,Gunnar Helm,TE,TEN,PHI,2026,2,0,0,0,0,2,13,0,3.3
00-0040676,Cam Ward,QB,TEN,PHI,2026,2,183,0,7,2,0,0,0,20
00-0040705,Chimere Dike,WR,TEN,PHI,2026,2,0,0,0,0,0,0,0,0
00-0040886,Nicholas Singleton,RB,TEN,PHI,2026,2,0,0,10,0,0,0,0,1
00-0041438,Carnell Tate,WR,TEN,PHI,2026,2,0,0,0,0,3,27,0,5.7
00-0031588,Stefon Diggs,WR,WAS,DAL,2026,2,0,0,0,0,5,47,2,21.7
00-0032268,Marcus Mariota,QB,WAS,DAL,2026,2,111,1,3,0,0,0,0,8.7
00-0035659,Terry McLaurin,WR,WAS,DAL,2026,2,0,0,0,0,2,50,0,7
00-0036626,Dyami Brown,WR,WAS,DAL,2026,2,0,0,0,0,4,21,0,4.1
00-0037256,Rachaad White,RB,WAS,DAL,2026,2,0,0,43,0,6,40,0,14.3
00-0037742,Treylon Burks,WR,WAS,DAL,2026,2,0,0,0,0,0,0,0,0
00-0039686,Colson Yankoff,TE,WAS,DAL,2026,2,0,0,0,0,1,14,0,2.4
00-0039910,Jayden Daniels,QB,WAS,DAL,2026,2,96,1,69,0,0,0,0,14.7
00-0039912,Ben Sinnott,TE,WAS,DAL,2026,2,0,0,0,0,1,6,0,1.6
00-0040164,Jaylin Lane,WR,WAS,DAL,2026,2,0,0,0,0,0,0,0,0
00-0040242,Jacory Croskey-Merritt,RB,WAS,DAL,2026,2,0,0,43,0,1,5,0,5.8
00-0041040,Antonio Williams,WR,WAS,DAL,2026,2,0,0,0,0,3,24,0,5.4
00-0041096,Kaytron Allen,RB,WAS,DAL,2026,2,0,0,24,0,0,0,0,2.4
00-0033119,Jacoby Brissett,QB,ARI,SF,2026,3,280,2,4,1,0,0,0,25.6
00-0033307,Kendrick Bourne,WR,ARI,SF,2026,3,0,0,0,0,2,22,0,4.2
00-0036331,Devin Duvernay,WR,ARI,SF,2026,3,0,0,0,0,0,0,0,0
00-0036646,Simi Fehoko,WR,ARI,SF,2026,3,0,0,0,0,0,0,0,0
00-0037004,Hunter Long,TE,ARI,SF,2026,3,0,0,0,0,1,5,0,1.5
00-0037263,Tyler Allgeier,RB,ARI,SF,2026,3,0,0,-1,0,4,10,0,4.9
00-0037744,Trey McBride,TE,ARI,SF,2026,3,0,0,0,0,9,75,0,16.5
00-0038559,Michael Wilson,WR,ARI,SF,2026,3,0,0,0,0,11,89,1,25.9
00-0038640,Jalen Brooks,WR,ARI,SF,2026,3,0,0,0,0,0,0,0,0
00-0039041,Elijah Higgins,TE,ARI,SF,2026,3,0,0,0,0,3,20,0,5
00-0039849,Marvin Harrison Jr.,WR,ARI,SF,2026,3,0,0,0,0,3,40,0,7
00-0041027,Jeremiyah Love,RB,ARI,SF,2026,3,0,0,90,0,5,19,1,21.9
00-0032392,Austin Hooper,TE,ATL,GB,2026,3,0,0,0,0,2,11,1,9.1
00-0035208,Olamide Zaccheaus,WR,ATL,GB,2026,3,0,0,0,0,2,9,0,2.9
00-0036463,Chris Blair,WR,ATL,GB,2026,3,0,0,0,0,0,0,0,2
00-0036970,Kyle Pitts,TE,ATL,GB,2026,3,0,0,0,0,1,5,0,1.5
00-0037238,Drake London,WR,ATL,GB,2026,3,0,0,0,0,9,194,0,28.4
00-0037317,Nick Muse,TE,ATL,GB,2026,3,0,0,0,0,0,0,0,0
00-0037741,Jahan Dotson,WR,ATL,GB,2026,3,0,0,0,0,1,11,0,2.1
00-0037746,Brian Robinson,RB,ATL,GB,2026,3,0,0,50,1,0,0,0,11
00-0038542,Bijan Robinson,RB,ATL,GB,2026,3,0,0,194,2,2,19,0,35.3
00-0039917,Michael Penix Jr.,QB,ATL,GB,2026,3,256,1,-2,0,0,0,0,14
00-0041044,Zachariah Branch,WR,ATL,GB,2026,3,0,0,0,0,1,7,0,1.7
00-0032398,Chris Moore,WR,BAL,DAL,2026,3,0,0,0,0,1,4,1,7.4
00-0032764,Derrick Henry,RB,BAL,DAL,2026,3,0,0,89,2,1,0,0,21.9
00-0034753,Mark Andrews,TE,BAL,DAL,2026,3,0,0,0,0,3,24,0,5.4
00-0034796,Lamar Jackson,QB,BAL,DAL,2026,3,186,2,50,0,0,0,0,20.4
00-0034975,Justice Hill,RB,BAL,DAL,2026,3,0,0,33,0,0,0,0,3.3
00-0036550,Rashod Bateman,WR,BAL,DAL,2026,3,0,0,0,0,2,37,0,5.7
00-0039064,Zay Flowers,WR,BAL,DAL,2026,3,0,0,20,0,5,84,0,15.4
00-0039792,Devontez Walker,WR,BAL,DAL,2026,3,0,0,0,0,0,0,0,0
00-0039796,Rasheen Ali,RB,BAL,DAL,2026,3,0,0,0,0,0,0,0,0
00-0040075,LaJohntay Wester,WR,BAL,DAL,2026,3,0,0,0,0,0,0,0,0
00-0040879,Matthew Hibner,TE,BAL,DAL,2026,3,0,0,0,0,2,23,1,10.3
00-0040887,Josh Cuevas,TE,BAL,DAL,2026,3,0,0,0,0,1,14,0,2.4
00-0034827,DJ Moore,WR,BUF,LAC,2026,3,0,0,0,0,6,67,0,12.7
00-0034857,Josh Allen,QB,BUF,LAC,2026,3,204,0,22,2,1,1,0,17.5
00-0035500,Greg Dortch,WR,BUF,LAC,2026,3,0,0,0,0,0,0,0,0
00-0035537,Ty Johnson,RB,BUF,LAC,2026,3,0,0,0,0,4,50,0,9
00-0035689,Dawson Knox,TE,BUF,LAC,2026,3,0,0,0,0,1,5,0,1.5
00-0037248,James Cook,RB,BUF,LAC,2026,3,0,0,154,1,0,0,0,19.4
00-0037261,Khalil Shakir,WR,BUF,LAC,2026,3,0,0,0,0,1,6,0,1.6
00-0038933,Dalton Kincaid,TE,BUF,LAC,2026,3,0,0,0,0,2,38,0,3.8
00-0039901,Keon Coleman,WR,BUF,LAC,2026,3,0,0,0,0,1,37,0,4.7
00-0040194,Jackson Hawes,TE,BUF,LAC,2026,3,0,0,0,0,0,0,0,0
00-0031610,Darren Waller,TE,CAR,CLE,2026,3,0,0,0,0,5,51,0,10.1
00-0033589,David Moore,WR,CAR,CLE,2026,3,0,0,0,0,0,0,0,0
00-0036265,AJ Dillon,RB,CAR,CLE,2026,3,0,0,16,0,1,-2,0,2.4
00-0036555,Chuba Hubbard,RB,CAR,CLE,2026,3,0,0,82,0,4,28,0,15
00-0036825,Feleipe Franks,TE,CAR,CLE,2026,3,0,0,0,0,0,0,0,0
00-0037005,Tommy Tremble,TE,CAR,CLE,2026,3,0,0,0,0,3,41,0,7.1
00-0037614,John Metchie III,WR,CAR,CLE,2026,3,0,0,0,0,2,19,1,9.9
00-0038840,Brycen Tremayne,WR,CAR,CLE,2026,3,0,0,0,0,4,83,0,12.3
00-0039150,Bryce Young,QB,CAR,CLE,2026,3,291,1,0,0,0,0,0,13.6
00-0039491,Jalen Coker,WR,CAR,CLE,2026,3,0,0,0,0,2,18,0,3.8
00-0040124,Tetairoa McMillan,WR,CAR,CLE,2026,3,0,0,0,0,2,17,0,3.7
00-0040187,Mitchell Evans,TE,CAR,CLE,2026,3,0,0,0,0,3,36,0,6.6
00-0040394,Anthony Tyus III,RB,CAR,CLE,2026,3,0,0,0,0,0,0,0,0
00-0028986,Case Keenum,QB,CHI,PHI,2026,3,247,2,6,1,0,0,0,24.5
00-0032464,Kalif Raymond,WR,CHI,PHI,2026,3,0,0,0,0,6,90,1,21
00-0036275,D'Andre Swift,RB,CHI,PHI,2026,3,0,0,84,0,2,4,0,10.8
00-0036290,Cole Kmet,TE,CHI,PHI,2026,3,0,0,0,0,0,0,0,0
00-0039919,Rome Odunze,WR,CHI,PHI,2026,3,0,0,0,0,3,44,0,7.4
00-0040126,Colston Loveland,TE,CHI,PHI,2026,3,0,0,0,0,4,31,0,7.1
00-0040236,Kyle Monangai,RB,CHI,PHI,2026,3,0,0,31,0,0,0,0,3.1
00-0040735,Luther Burden III,WR,CHI,PHI,2026,3,0,0,7,0,7,61,1,19.8
00-0041051,Zavion Thomas,WR,CHI,PHI,2026,3,0,0,0,0,1,1,0,1.1
00-0041558,Sam Roush,TE,CHI,PHI,2026,3,0,0,0,0,1,16,0,2.6
00-0033526,Samaje Perine,RB,CIN,PIT,2026,3,0,0,9,0,1,5,0,2.4
00-0034613,Tanner Hudson,TE,CIN,PIT,2026,3,0,0,0,0,2,13,0,3.3
00-0034829,Mike Gesicki,TE,CIN,PIT,2026,3,0,0,0,0,3,37,1,12.7
00-0035631,Drew Sample,TE,CIN,PIT,2026,3,0,0,0,0,1,0,0,1
00-0036410,Tee Higgins,WR,CIN,PIT,2026,3,0,0,0,0,6,90,1,21
00-0036442,Joe Burrow,QB,CIN,PIT,2026,3,282,3,13,0,0,0,0,22.6
00-0036900,Ja'Marr Chase,WR,CIN,PIT,2026,3,0,0,0,0,9,98,1,24.8
00-0038597,Chase Brown,RB,CIN,PIT,2026,3,0,0,61,0,2,8,0,8.9
00-0040208,Tahj Brooks,RB,CIN,PIT,2026,3,0,0,0,0,0,0,0,0
00-0040534,Ke'Shawn Williams,WR,CIN,PIT,2026,3,0,0,0,0,0,0,0,0
00-0040785,Dohnte Meyers,WR,CIN,PIT,2026,3,0,0,0,0,3,29,0,5.9
00-0041069,Colbie Young,WR,CIN,PIT,2026,3,0,0,0,0,1,2,0,1.2
00-0033537,Deshaun Watson,QB,CLE,CAR,2026,3,144,2,45,0,0,0,0,20.3
00-0036630,Tylan Wallace,WR,CLE,CAR,2026,3,0,0,0,0,0,0,0,0
00-0039920,Malachi Corley,WR,CLE,CAR,2026,3,0,0,0,0,0,0,0,0
00-0040466,Raheim Sanders,RB,CLE,CAR,2026,3,0,0,17,0,4,34,0,9.1
00-0040663,Harold Fannin Jr.,TE,CLE,CAR,2026,3,0,0,0,0,7,51,2,24.1
00-0040668,Shedeur Sanders,QB,CLE,CAR,2026,3,0,0,0,0,0,0,0,0
00-0040784,Quinshon Judkins,RB,CLE,CAR,2026,3,0,0,70,0,2,9,0,9.9
00-0041037,Denzel Boston,WR,CLE,CAR,2026,3,0,0,0,0,2,41,0,8.1
00-0041131,Carsen Ryan,TE,CLE,CAR,2026,3,0,0,0,0,0,0,0,0
00-0041547,KC Concepcion,WR,CLE,CAR,2026,3,0,0,0,0,2,9,0,2.9
00-0033077,Dak Prescott,QB,DAL,BAL,2026,3,276,1,19,0,0,0,0,18.9
00-0036358,CeeDee Lamb,WR,DAL,BAL,2026,3,0,0,0,0,7,112,0,20.2
00-0036997,Javonte Williams,RB,DAL,BAL,2026,3,0,0,98,1,2,5,0,18.3
00-0037120,Tyler Goodson,RB,DAL,BAL,2026,3,0,0,22,0,1,-5,0,2.7
00-0037247,George Pickens,WR,DAL,BAL,2026,3,0,0,0,0,7,82,0,15.2
00-0037801,KaVontae Turpin,WR,DAL,BAL,2026,3,0,0,9,1,1,9,0,8.8
00-0038041,Jake Ferguson,TE,DAL,BAL,2026,3,0,0,0,0,3,23,1,9.3
00-0038547,Luke Schoonmaker,TE,DAL,BAL,2026,3,0,0,0,0,1,9,0,1.9
00-0039410,Ryan Flournoy,WR,DAL,BAL,2026,3,0,0,0,0,2,22,0,4.2
00-0039530,Brevyn Spann-Ford,TE,DAL,BAL,2026,3,0,0,0,0,1,19,0,2.9
00-0033881,Evan Engram,TE,DEN,LA,2026,3,0,0,0,0,0,0,0,0
00-0034348,Courtland Sutton,WR,DEN,LA,2026,3,0,0,0,0,3,46,0,7.6
00-0036158,J.K. Dobbins,RB,DEN,LA,2026,3,0,0,49,0,1,4,0,6.3
00-0036613,Jaylen Waddle,WR,DEN,LA,2026,3,0,0,14,0,2,10,0,6.4
00-0037085,Tyler Badie,RB,DEN,LA,2026,3,0,0,2,0,1,12,0,2.4
00-0038783,Nate Adkins,TE,DEN,LA,2026,3,0,0,0,0,1,8,1,7.8
00-0039732,Bo Nix,QB,DEN,LA,2026,3,186,2,7,1,0,0,0,24.1
00-0039868,Troy Franklin,WR,DEN,LA,2026,3,0,0,0,0,1,21,0,3.1
00-0040134,Pat Bryant,WR,DEN,LA,2026,3,0,0,0,0,2,44,1,14.4
00-0040730,RJ Harvey,RB,DEN,LA,2026,3,0,0,6,0,6,41,0,10.7
00-0041292,Kolbe Katsis,WR,DEN,LA,2026,3,0,0,0,0,0,0,0,0
00-0033106,Jared Goff,QB,DET,NYJ,2026,3,269,2,6,0,0,0,0,19.4
00-0035544,Tom Kennedy,WR,DET,NYJ,2026,3,0,0,0,0,0,0,0,0
00-0036754,Brock Wright,TE,DET,NYJ,2026,3,0,0,0,0,2,7,0,2.7
00-0036963,Amon-Ra St. Brown,WR,DET,NYJ,2026,3,0,0,0,0,4,19,1,11.9
00-0037240,Jameson Williams,WR,DET,NYJ,2026,3,0,0,0,0,4,49,0,8.9
00-0038896,Jacob Saylors,RB,DET,NYJ,2026,3,0,0,0,0,0,0,0,0
00-0039065,Sam LaPorta,TE,DET,NYJ,2026,3,0,0,0,0,3,44,0,7.4
00-0039139,Jahmyr Gibbs,RB,DET,NYJ,2026,3,0,0,99,2,7,65,1,41.4
00-0039364,Sione Vaki,RB,DET,NYJ,2026,3,0,0,26,0,1,11,0,4.7
00-0040390,Jackson Meeks,WR,DET,NYJ,2026,3,0,0,0,0,1,8,0,1.8
00-0040669,Isaac TeSlaa,WR,DET,NYJ,2026,3,0,0,0,0,3,66,0,9.6
00-0033858,Jonnu Smith,TE,GB,ATL,2026,3,0,0,0,0,2,16,0,3.6
00-0036264,Jordan Love,QB,GB,ATL,2026,3,312,2,0,0,0,0,0,18.5
00-0037091,Bo Melton,WR,GB,ATL,2026,3,0,0,0,0,0,0,0,0
00-0038090,Skyy Moore,WR,GB,ATL,2026,3,0,0,0,0,3,31,0,6.1
00-0038124,Christian Watson,WR,GB,ATL,2026,3,0,0,0,0,7,96,1,22.6
00-0038685,Chris Brooks,RB,GB,ATL,2026,3,0,0,0,0,1,4,0,1.4
00-0038996,Tucker Kraft,TE,GB,ATL,2026,3,0,0,0,0,4,26,0,6.6
00-0039811,MarShawn Lloyd,RB,GB,ATL,2026,3,0,0,11,0,2,7,0,3.8
00-0040142,Kaleb Johnson,RB,GB,ATL,2026,3,0,0,6,0,1,10,0,2.6
00-0040667,Matthew Golden,WR,GB,ATL,2026,3,0,0,0,0,5,100,1,21
00-0040948,J. Michael Sturdivant,WR,GB,ATL,2026,3,0,0,0,0,3,22,0,5.2
00-0034383,Dalton Schultz,TE,HOU,IND,2026,3,0,0,0,0,3,30,0,6
00-0034981,Foster Moreau,TE,HOU,IND,2026,3,0,0,0,0,2,7,1,8.7
00-0035685,David Montgomery,RB,HOU,IND,2026,3,0,0,33,0,2,15,0,6.8
00-0038608,Kayshon Boutte,WR,HOU,IND,2026,3,0,0,0,0,2,21,0,4.1
00-0038618,Xavier Hutchinson,WR,HOU,IND,2026,3,0,0,4,0,3,51,0,8.5
00-0038728,Jared Wayne,WR,HOU,IND,2026,3,0,0,0,0,1,20,0,3
00-0039163,C.J. Stroud,QB,HOU,IND,2026,3,167,1,10,0,0,0,0,11.7
00-0040138,Jaylin Noel,WR,HOU,IND,2026,3,0,0,8,0,2,17,0,4.5
00-0040583,Woody Marks,RB,HOU,IND,2026,3,0,0,15,1,1,6,0,9.1
00-0041467,Lewis Bond,WR,HOU,IND,2026,3,0,0,0,0,0,0,0,0
00-0030279,Keenan Allen,WR,IND,HOU,2026,3,0,0,0,0,6,63,1,18.3
00-0032951,Laquon Treadwell,WR,IND,HOU,2026,3,0,0,0,0,1,20,0,3
00-0033217,Mo Alie-Cox,TE,IND,HOU,2026,3,0,0,0,0,1,16,0,2.6
00-0035710,Daniel Jones,QB,IND,HOU,2026,3,235,1,5,0,0,0,0,7.9
00-0036223,Jonathan Taylor,RB,IND,HOU,2026,3,0,0,68,0,2,4,0,9.2
00-0038997,Josh Downs,WR,IND,HOU,2026,3,0,0,0,0,5,77,0,12.7
00-0039816,Anthony Gould,WR,IND,HOU,2026,3,0,0,0,0,0,0,0,0
00-0040128,Tyler Warren,TE,IND,HOU,2026,3,0,0,2,0,9,55,0,14.7
00-0041125,Seth McGowan,RB,IND,HOU,2026,3,0,0,14,0,0,0,0,1.4
00-0032104,Ameer Abdullah,RB,JAX,NE,2026,3,0,0,2,0,0,0,0,0.2
00-0034960,Jakobi Meyers,WR,JAX,NE,2026,3,0,0,0,0,7,64,1,19.4
00-0036971,Trevor Lawrence,QB,JAX,NE,2026,3,182,3,25,0,0,0,0,19.8
00-0038606,Parker Washington,WR,JAX,NE,2026,3,0,0,0,0,3,40,1,13
00-0038611,Chris Rodriguez Jr.,RB,JAX,NE,2026,3,0,0,37,1,0,0,0,9.7
00-0038935,Brenton Strange,TE,JAX,NE,2026,3,0,0,0,0,3,32,0,6.2
00-0039893,Brian Thomas Jr.,WR,JAX,NE,2026,3,0,0,0,0,1,8,0,1.8
00-0040238,LeQuint Allen Jr.,RB,JAX,NE,2026,3,0,0,0,0,2,9,0,2.9
00-0040719,Bhayshul Tuten,RB,JAX,NE,2026,3,0,0,73,1,2,17,0,17
00-0041100,Josh Cameron,WR,JAX,NE,2026,3,0,0,0,0,1,12,1,8.2
00-0041503,Nate Boerkircher,TE,JAX,NE,2026,3,0,0,0,0,0,0,0,0
00-0030506,Travis Kelce,TE,KC,MIA,2026,3,0,0,0,0,2,59,1,13.9
00-0033873,Patrick Mahomes,QB,KC,MIA,2026,3,246,2,1,0,0,0,0,15.9
00-0036637,Noah Gray,TE,KC,MIA,2026,3,0,0,0,0,3,39,0,6.9
00-0038104,Tyquan Thornton,WR,KC,MIA,2026,3,0,0,0,0,2,22,0,4.2
00-0038134,Kenneth Walker III,RB,KC,MIA,2026,3,0,0,70,1,2,3,1,21.3
00-0038489,Ben VanSumeren,RB,KC,MIA,2026,3,0,0,0,0,0,0,0,0
00-0038519,Nikko Remigio,WR,KC,MIA,2026,3,0,0,0,0,0,0,0,0
00-0039067,Rashee Rice,WR,KC,MIA,2026,3,0,0,0,0,7,88,0,15.8
00-0039894,Xavier Worthy,WR,KC,MIA,2026,3,0,0,0,0,2,20,0,4
00-0040078,Brashard Smith,RB,KC,MIA,2026,3,0,0,0,0,1,4,0,1.4
00-0040081,Jake Briningstool,TE,KC,MIA,2026,3,0,0,0,0,0,0,0,0
00-0040646,Jalen Royals,WR,KC,MIA,2026,3,0,0,0,0,1,11,0,2.1
00-0041013,Emmett Johnson,RB,KC,MIA,2026,3,0,0,17,0,0,0,0,1.7
00-0026498,Matthew Stafford,QB,LA,DEN,2026,3,390,2,13,0,0,0,0,20.9
00-0031381,Davante Adams,WR,LA,DEN,2026,3,0,0,0,0,7,137,0,20.7
00-0033110,Tyler Higbee,TE,LA,DEN,2026,3,0,0,0,0,8,62,1,20.2
00-0036244,Colby Parkinson,TE,LA,DEN,2026,3,0,0,0,0,0,0,0,0
00-0037840,Kyren Williams,RB,LA,DEN,2026,3,0,0,88,0,6,70,0,21.8
00-0038359,Xavier Smith,WR,LA,DEN,2026,3,0,0,0,0,0,0,0,0
00-0039074,Davis Allen,TE,LA,DEN,2026,3,0,0,0,0,2,19,0,3.9
00-0039738,Blake Corum,RB,LA,DEN,2026,3,0,0,15,0,2,0,0,3.5
00-0040590,Konata Mumpfield,WR,LA,DEN,2026,3,0,0,0,0,4,93,1,19.3
00-0040737,Terrance Ferguson,TE,LA,DEN,2026,3,0,0,0,0,1,9,0,1.9
00-0041415,Dean Connors,RB,LA,DEN,2026,3,0,0,0,0,0,0,0,0
00-0034272,Marquez Valdes-Scantling,WR,LAC,BUF,2026,3,0,0,0,0,0,0,0,0
00-0036355,Justin Herbert,QB,LAC,BUF,2026,3,226,1,17,0,0,0,0,12.7
00-0038454,Keaton Mitchell,RB,LAC,BUF,2026,3,0,0,52,0,3,-5,1,13.7
00-0038544,Quentin Johnston,WR,LAC,BUF,2026,3,0,0,0,0,3,40,0,7
00-0038573,Derius Davis,WR,LAC,BUF,2026,3,0,0,0,0,0,0,0,0
00-0039391,Kimani Vidal,RB,LAC,BUF,2026,3,0,0,6,0,1,14,0,3
00-0039489,Hayden Rucci,TE,LAC,BUF,2026,3,0,0,0,0,0,0,0,0
00-0039915,Ladd McConkey,WR,LAC,BUF,2026,3,0,0,0,0,4,66,0,10.6
00-0040189,Oronde Gadsden II,TE,LAC,BUF,2026,3,0,0,0,0,0,0,0,0
00-0040666,Omarion Hampton,RB,LAC,BUF,2026,3,0,0,56,0,0,0,0,5.6
00-0040727,Tre Harris,WR,LAC,BUF,2026,3,0,0,0,0,6,76,0,13.6
00-0029604,Kirk Cousins,QB,LV,NO,2026,3,248,3,3,0,0,0,0,22.2
00-0035891,Cody White,WR,LV,NO,2026,3,0,0,0,0,1,4,1,7.4
00-0037093,Dareke Young,WR,LV,NO,2026,3,0,0,0,0,0,0,0,0
00-0037291,Jalen Nailor,WR,LV,NO,2026,3,0,0,0,0,1,16,0,2.6
00-0038563,Tre Tucker,WR,LV,NO,2026,3,0,0,0,0,4,43,0,8.3
00-0039066,Michael Mayer,TE,LV,NO,2026,3,0,0,0,0,3,32,1,12.2
00-0039338,Brock Bowers,TE,LV,NO,2026,3,0,0,0,0,10,116,1,27.6
00-0039407,Dylan Laube,RB,LV,NO,2026,3,0,0,0,0,0,0,0,0
00-0040122,Ashton Jeanty,RB,LV,NO,2026,3,0,0,56,0,3,37,0,12.3
00-0040878,Mike Washington Jr.,RB,LV,NO,2026,3,0,0,54,1,0,0,0,11.4
00-0040894,Malik Benson,WR,LV,NO,2026,3,0,0,0,0,0,0,0,0
00-0037252,Greg Dulcich,TE,MIA,KC,2026,3,0,0,0,0,5,55,0,10.5
00-0038128,Malik Willis,QB,MIA,KC,2026,3,210,0,56,0,0,0,0,10
00-0038824,Ryan Miller,WR,MIA,KC,2026,3,0,0,0,0,2,15,0,3.5
00-0039040,De'Von Achane,RB,MIA,KC,2026,3,0,0,17,0,0,0,0,1.7
00-0039880,Malik Washington,WR,MIA,KC,2026,3,0,0,5,0,5,56,0,11.1
00-0040198,Ollie Gordon II,RB,MIA,KC,2026,3,0,0,41,1,3,14,0,14.5
00-0041436,DJ Herman,RB,MIA,KC,2026,3,0,0,0,0,0,0,0,0
00-0041524,Will Kacmarek,TE,MIA,KC,2026,3,0,0,0,0,0,0,0,0
00-0041525,Chris Bell,WR,MIA,KC,2026,3,0,0,0,0,4,67,0,10.7
00-0041529,Kevin Coleman Jr.,WR,MIA,KC,2026,3,0,0,0,0,1,3,0,1.3
00-0033293,Aaron Jones,RB,MIN,TB,2026,3,0,0,58,0,5,34,0,14.2
00-0035228,Kyler Murray,QB,MIN,TB,2026,3,168,1,17,0,0,0,0,10.4
00-0035229,T.J. Hockenson,TE,MIN,TB,2026,3,0,0,0,0,2,11,0,3.1
00-0035249,Josh Oliver,TE,MIN,TB,2026,3,0,0,0,0,0,0,0,0
00-0036259,Jauan Jennings,WR,MIN,TB,2026,3,0,0,0,0,1,1,0,1.1
00-0036322,Justin Jefferson,WR,MIN,TB,2026,3,0,0,0,0,2,32,0,5.2
00-0036425,DeeJay Dallas,RB,MIN,TB,2026,3,0,0,2,0,0,0,0,0.2
00-0038994,Jordan Addison,WR,MIN,TB,2026,3,0,0,0,0,5,90,1,20
00-0040154,Tai Felton,WR,MIN,TB,2026,3,0,0,0,0,0,0,0,0
00-0040506,Myles Price,WR,MIN,TB,2026,3,0,0,0,0,0,0,0,6
00-0041081,Max Bredeson,RB,MIN,TB,2026,3,0,0,0,0,0,0,0,0
00-0041104,Demond Claiborne,RB,MIN,TB,2026,3,0,0,1,0,0,0,0,0.1
00-0033090,Hunter Henry,TE,NE,JAX,2026,3,0,0,0,0,1,5,0,1.5
00-0033555,Mack Hollins,WR,NE,JAX,2026,3,0,0,0,0,6,87,0,14.7
00-0036875,Rhamondre Stevenson,RB,NE,JAX,2026,3,0,0,22,0,3,16,0,6.8
00-0037816,Romeo Doubs,WR,NE,JAX,2026,3,0,0,0,0,3,49,0,7.9
00-0038476,Tommy DeVito,QB,NE,JAX,2026,3,30,0,2,0,0,0,0,1.4
00-0038564,Cameron Latu,TE,NE,JAX,2026,3,0,0,0,0,0,0,0,0
00-0038621,DeMario Douglas,WR,NE,JAX,2026,3,0,0,0,0,1,38,0,4.8
00-0039851,Drake Maye,QB,NE,JAX,2026,3,199,0,18,0,0,0,0,3.8
00-0040131,Kyle Williams,WR,NE,JAX,2026,3,0,0,0,0,1,34,0,4.4
00-0040556,Corey Kiner,RB,NE,JAX,2026,3,0,0,18,0,1,9,0,3.7
00-0040563,Efton Chism III,WR,NE,JAX,2026,3,16,0,0,0,1,1,0,1.7
00-0040734,TreVeyon Henderson,RB,NE,JAX,2026,3,0,0,23,0,1,6,0,3.9
00-0033906,Alvin Kamara,RB,NO,LV,2026,3,0,0,36,0,1,5,0,5.1
00-0035644,Noah Fant,TE,NO,LV,2026,3,0,0,0,0,4,33,2,19.3
00-0036040,Juwan Johnson,TE,NO,LV,2026,3,0,0,0,0,8,53,2,23.3
00-0036973,Travis Etienne,RB,NO,LV,2026,3,0,0,57,0,2,13,0,9
00-0037239,Chris Olave,WR,NO,LV,2026,3,0,0,0,0,9,107,0,19.7
00-0038551,Kendre Miller,RB,NO,LV,2026,3,0,0,14,0,2,5,0,3.9
00-0038740,Jalen Cropper,WR,NO,LV,2026,3,0,0,0,0,0,0,0,0
00-0039424,Devaughn Vele,WR,NO,LV,2026,3,0,0,0,0,3,39,0,6.9
00-0040743,Tyler Shough,QB,NO,LV,2026,3,255,4,36,0,0,0,0,23.8
00-0041067,Bryce Lance,WR,NO,LV,2026,3,0,0,0,0,0,0,0,0
00-0041326,CJ Donaldson,RB,NO,LV,2026,3,0,0,5,0,0,0,0,0.5
00-0031235,Odell Beckham Jr.,WR,NYG,TEN,2026,3,0,0,0,0,0,0,0,0
00-0031503,Jameis Winston,QB,NYG,TEN,2026,3,118,0,14,0,0,0,0,6.1
00-0034419,Braxton Berrios,WR,NYG,TEN,2026,3,0,0,0,0,0,0,0,0
00-0036309,Darnell Mooney,WR,NYG,TEN,2026,3,0,0,9,0,2,20,0,4.9
00-0036893,Najee Harris,RB,NYG,TEN,2026,3,0,0,52,0,0,0,0,5.2
00-0037838,Isaiah Likely,TE,NYG,TEN,2026,3,0,0,0,0,2,13,0,3.3
00-0039337,Malik Nabers,WR,NYG,TEN,2026,3,0,0,0,0,5,26,0,7.6
00-0039384,Tyrone Tracy Jr.,RB,NYG,TEN,2026,3,0,0,3,0,0,0,0,0.3
00-0040715,Cam Skattebo,RB,NYG,TEN,2026,3,0,0,60,0,3,40,0,13
00-0041042,Malachi Fields,WR,NYG,TEN,2026,3,0,0,0,0,2,19,0,3.9
00-0030565,Geno Smith,QB,NYJ,DET,2026,3,321,3,12,0,0,0,0,26
00-0032385,Sterling Shepard,WR,NYJ,DET,2026,3,0,0,0,0,1,3,0,3.3
00-0037740,Garrett Wilson,WR,NYJ,DET,2026,3,0,0,0,0,10,107,1,26.7
00-0037755,Jelani Woods,TE,NYJ,DET,2026,3,0,0,0,0,1,20,0,3
00-0037805,Jeremy Ruckert,TE,NYJ,DET,2026,3,0,0,0,0,5,39,1,14.9
00-0038120,Breece Hall,RB,NYJ,DET,2026,3,0,0,32,0,3,23,0,8.5
00-0039451,Isaiah Williams,WR,NYJ,DET,2026,3,0,0,0,0,1,21,0,3.1
00-0039794,Braelon Allen,RB,NYJ,DET,2026,3,0,0,14,0,3,3,0,4.7
00-0039798,Isaiah Davis,RB,NYJ,DET,2026,3,0,0,0,0,0,0,0,0
00-0040405,Jamaal Pritchett,WR,NYJ,DET,2026,3,0,0,0,0,0,0,0,0
00-0041032,Kenyon Sadiq,TE,NYJ,DET,2026,3,0,0,0,0,7,105,1,23.5
00-0041267,Malik McClain,WR,NYJ,DET,2026,3,0,0,0,0,0,0,0,0
00-0027973,Andy Dalton,QB,PHI,CHI,2026,3,0,0,0,0,0,0,0,-2
00-0030061,Zach Ertz,TE,PHI,CHI,2026,3,0,0,0,0,1,9,0,1.9
00-0033246,Johnny Mundt,TE,PHI,CHI,2026,3,0,0,0,0,1,4,0,1.4
00-0034844,Saquon Barkley,RB,PHI,CHI,2026,3,0,0,82,0,1,-2,0,9
00-0036389,Jalen Hurts,QB,PHI,CHI,2026,3,153,0,25,1,0,0,0,12.6
00-0036912,DeVonta Smith,WR,PHI,CHI,2026,3,0,0,0,0,6,65,0,12.5
00-0037132,Britain Covey,WR,PHI,CHI,2026,3,0,0,0,0,0,0,0,0
00-0038393,Dontayvion Wicks,WR,PHI,CHI,2026,3,0,0,0,0,2,32,0,5.2
00-0038498,E.J. Jenkins,TE,PHI,CHI,2026,3,0,0,0,0,0,0,0,0
00-0038555,Tank Bigsby,RB,PHI,CHI,2026,3,0,0,0,0,1,5,0,-0.5
00-0039746,Will Shipley,RB,PHI,CHI,2026,3,0,0,0,0,1,11,0,2.1
00-0040024,Darius Cooper,WR,PHI,CHI,2026,3,0,0,0,0,0,0,0,0
00-0040867,Makai Lemon,WR,PHI,CHI,2026,3,0,0,0,0,3,29,0,5.9
00-0023459,Aaron Rodgers,QB,PIT,CIN,2026,3,292,3,10,0,0,0,0,22.7
00-0033757,Robert Tonyan,TE,PIT,CIN,2026,3,0,0,0,0,1,2,0,1.2
00-0035594,Travis Homer,RB,PIT,CIN,2026,3,0,0,0,0,0,0,0,0
00-0035640,DK Metcalf,WR,PIT,CIN,2026,3,0,0,0,0,3,31,1,12.1
00-0036252,Michael Pittman,WR,PIT,CIN,2026,3,0,0,0,0,2,16,0,3.6
00-0036862,Ben Skowronek,WR,PIT,CIN,2026,3,0,0,0,0,1,23,1,9.3
00-0036894,Pat Freiermuth,TE,PIT,CIN,2026,3,0,0,1,0,2,30,0,5.1
00-0037228,Jaylen Warren,RB,PIT,CIN,2026,3,0,0,127,0,3,49,0,20.6
00-0038409,Lew Nichols III,RB,PIT,CIN,2026,3,0,0,0,0,0,0,0,0
00-0038558,Darnell Washington,TE,PIT,CIN,2026,3,0,0,0,0,3,67,0,9.7
00-0039739,Roman Wilson,WR,PIT,CIN,2026,3,0,0,0,0,3,60,1,15
00-0041397,Kaden Wetjen,WR,PIT,CIN,2026,3,0,0,0,0,0,0,0,0
00-0041489,Germie Bernard,WR,PIT,CIN,2026,3,0,0,0,0,1,14,0,2.4
00-0033576,Eric Saubert,TE,SEA,WAS,2026,3,0,0,0,0,1,13,1,8.3
00-0033908,Cooper Kupp,WR,SEA,WAS,2026,3,0,0,0,0,4,46,1,14.6
00-0034869,Sam Darnold,QB,SEA,WAS,2026,3,379,4,5,0,0,0,0,27.7
00-0037545,Rashid Shaheed,WR,SEA,WAS,2026,3,0,0,0,0,2,14,0,3.4
00-0038488,Brady Russell,RB,SEA,WAS,2026,3,0,0,0,0,1,20,0,3
00-0038543,Jaxon Smith-Njigba,WR,SEA,WAS,2026,3,14,0,0,0,10,128,2,35.4
00-0038797,Emanuel Wilson,RB,SEA,WAS,2026,3,0,0,14,0,0,0,0,1.4
00-0039299,George Holani,RB,SEA,WAS,2026,3,0,0,10,0,5,48,0,10.8
00-0039793,AJ Barner,TE,SEA,WAS,2026,3,0,0,0,0,5,69,0,11.9
00-0040648,Tory Horton,WR,SEA,WAS,2026,3,0,0,0,0,3,48,0,7.8
00-0041512,Jadarian Price,RB,SEA,WAS,2026,3,0,0,15,0,1,7,0,1.2
00-0031408,Mike Evans,WR,SF,ARI,2026,3,0,0,0,0,3,34,1,12.4
00-0033280,Christian McCaffrey,RB,SF,ARI,2026,3,0,0,75,1,4,41,0,21.6
00-0033288,George Kittle,TE,SF,ARI,2026,3,0,0,0,0,6,82,2,26.2
00-0034854,KhaDarel Hodge,WR,SF,ARI,2026,3,0,0,0,0,0,0,0,0
00-0035719,Deebo Samuel Sr.,WR,SF,ARI,2026,3,0,0,14,0,0,80,1,15.4
00-0036887,Luke Farrell,TE,SF,ARI,2026,3,0,0,0,0,0,0,0,0
00-0037834,Brock Purdy,QB,SF,ARI,2026,3,297,4,34,0,0,0,0,31.3
00-0038643,Brayden Willis,TE,SF,ARI,2026,3,0,0,0,0,0,0,0,0
00-0039365,Jacob Cowing,WR,SF,ARI,2026,3,0,0,0,0,0,0,0,0
00-0040172,Jordan Watkins,WR,SF,ARI,2026,3,0,0,0,0,2,60,0,8
00-0041052,Kaelon Black,RB,SF,ARI,2026,3,0,0,17,0,0,0,0,1.7
00-0033921,Chris Godwin Jr.,WR,TB,MIN,2026,3,0,0,0,0,3,25,0,5.5
00-0034855,Baker Mayfield,QB,TB,MIN,2026,3,217,1,6,0,0,0,0,11.3
00-0036919,Kenny Gainwell,RB,TB,MIN,2026,3,0,0,-4,0,2,14,0,3
00-0037311,Ko Kieft,TE,TB,MIN,2026,3,0,0,0,0,0,0,0,0
00-0038129,Cade Otton,TE,TB,MIN,2026,3,0,0,0,0,3,56,0,8.6
00-0039050,Payne Durham,TE,TB,MIN,2026,3,0,0,0,0,0,0,0,0
00-0039361,Bucky Irving,RB,TB,MIN,2026,3,0,0,46,0,2,12,0,7.8
00-0039589,Kameron Johnson,WR,TB,MIN,2026,3,0,0,0,0,0,0,0,0
00-0039855,Jalen McMillan,WR,TB,MIN,2026,3,0,0,0,0,0,0,0,0
00-0040129,Emeka Egbuka,WR,TB,MIN,2026,3,0,0,0,0,5,62,0,11.2
00-0040237,Tez Johnson,WR,TB,MIN,2026,3,0,0,0,0,1,8,0,1.8
00-0041048,Ted Hurst III,WR,TB,MIN,2026,3,0,0,0,0,1,40,1,11
00-0041094,Bauer Sharp,TE,TB,MIN,2026,3,0,0,0,0,0,0,0,0
00-0041251,Jalon Daniels,QB,TB,MIN,2026,3,0,0,9,0,0,0,0,-1.1
00-0034837,Calvin Ridley,WR,TEN,NYG,2026,3,0,0,0,0,0,0,0,0
00-0035261,Tony Pollard,RB,TEN,NYG,2026,3,0,0,74,0,4,22,0,13.6
00-0037594,Julius Chestnut,RB,TEN,NYG,2026,3,0,0,0,0,0,0,0,0
00-0038115,Daniel Bellinger,TE,TEN,NYG,2026,3,0,0,0,0,2,16,0,3.6
00-0038117,Wan'Dale Robinson,WR,TEN,NYG,2026,3,0,0,0,0,7,57,1,18.7
00-0039032,Tyjae Spears,RB,TEN,NYG,2026,3,0,0,5,0,0,0,0,0.5
00-0040170,Elic Ayomanor,WR,TEN,NYG,2026,3,0,0,0,0,1,11,0,2.1
00-0040584,Gunnar Helm,TE,TEN,NYG,2026,3,0,0,0,0,2,14,0,3.4
00-0040676,Cam Ward,QB,TEN,NYG,2026,3,181,1,2,0,0,0,0,9.4
00-0040705,Chimere Dike,WR,TEN,NYG,2026,3,0,0,0,0,1,3,0,1.3
00-0041438,Carnell Tate,WR,TEN,NYG,2026,3,0,0,0,0,6,58,0,11.8
00-0031588,Stefon Diggs,WR,WAS,SEA,2026,3,0,0,0,0,4,33,0,7.3
00-0032268,Marcus Mariota,QB,WAS,SEA,2026,3,183,3,11,0,0,0,0,20.4
00-0035659,Terry McLaurin,WR,WAS,SEA,2026,3,0,0,0,0,6,77,1,19.7
00-0036626,Dyami Brown,WR,WAS,SEA,2026,3,0,0,0,0,0,0,0,0
00-0036628,John Bates,TE,WAS,SEA,2026,3,0,0,0,0,1,9,0,1.9
00-0037256,Rachaad White,RB,WAS,SEA,2026,3,0,0,35,0,1,6,1,11.1
00-0037742,Treylon Burks,WR,WAS,SEA,2026,3,0,0,0,0,2,13,1,9.3
00-0039355,Luke McCaffrey,WR,WAS,SEA,2026,3,0,0,0,0,0,0,0,0
00-0039686,Colson Yankoff,TE,WAS,SEA,2026,3,0,0,0,0,1,2,0,1.2
00-0039912,Ben Sinnott,TE,WAS,SEA,2026,3,0,0,0,0,0,0,0,0
00-0040164,Jaylin Lane,WR,WAS,SEA,2026,3,0,0,0,0,1,21,0,3.1
00-0040242,Jacory Croskey-Merritt,RB,WAS,SEA,2026,3,0,0,36,0,1,7,0,5.3
00-0041040,Antonio Williams,WR,WAS,SEA,2026,3,0,0,0,0,2,15,0,3.5
00-0033119,Jacoby Brissett,QB,ARI,NYG,2026,4,166,2,18,0,0,0,0,10.4
00-0036331,Devin Duvernay,WR,ARI,NYG,2026,4,0,0,0,0,0,0,0,0
00-0036646,Simi Fehoko,WR,ARI,NYG,2026,4,0,0,0,0,0,0,0,0
00-0037004,Hunter Long,TE,ARI,NYG,2026,4,0,0,0,0,1,10,0,2
00-0037263,Tyler Allgeier,RB,ARI,NYG,2026,4,0,0,42,1,2,7,0,12.9
00-0037744,Trey McBride,TE,ARI,NYG,2026,4,0,0,0,0,7,31,0,10.1
00-0038559,Michael Wilson,WR,ARI,NYG,2026,4,0,0,0,0,7,95,0,16.5
00-0038640,Jalen Brooks,WR,ARI,NYG,2026,4,0,0,0,0,0,0,0,0
00-0039041,Elijah Higgins,TE,ARI,NYG,2026,4,0,0,0,0,2,19,1,9.9
00-0039849,Marvin Harrison Jr.,WR,ARI,NYG,2026,4,0,0,0,0,1,12,1,8.2
00-0041027,Jeremiyah Love,RB,ARI,NYG,2026,4,0,0,63,0,1,-8,0,6.5
00-0032392,Austin Hooper,TE,ATL,NO,2026,4,0,0,0,0,1,9,0,1.9
00-0035208,Olamide Zaccheaus,WR,ATL,NO,2026,4,0,0,0,0,0,0,0,0
00-0036429,Charlie Woerner,TE,ATL,NO,2026,4,0,0,0,0,0,0,0,0
00-0036463,Chris Blair,WR,ATL,NO,2026,4,0,0,0,0,0,0,0,0
00-0036970,Kyle Pitts,TE,ATL,NO,2026,4,0,0,0,0,3,47,0,7.7
00-0037238,Drake London,WR,ATL,NO,2026,4,0,0,0,0,5,96,0,14.6
00-0037741,Jahan Dotson,WR,ATL,NO,2026,4,0,0,0,0,2,54,1,13.4
00-0037746,Brian Robinson,RB,ATL,NO,2026,4,0,0,62,3,1,5,0,25.7
00-0038542,Bijan Robinson,RB,ATL,NO,2026,4,0,0,145,2,1,2,0,27.7
00-0039917,Michael Penix Jr.,QB,ATL,NO,2026,4,223,1,-2,0,0,0,0,12.7
00-0041044,Zachariah Branch,WR,ATL,NO,2026,4,0,0,0,0,2,10,0,3
00-0032764,Derrick Henry,RB,BAL,TEN,2026,4,0,0,73,1,2,6,0,15.9
00-0034753,Mark Andrews,TE,BAL,TEN,2026,4,0,0,0,0,5,27,1,13.7
00-0034796,Lamar Jackson,QB,BAL,TEN,2026,4,222,2,20,0,0,0,0,18.9
00-0034798,Durham Smythe,TE,BAL,TEN,2026,4,0,0,0,0,0,0,0,0
00-0034975,Justice Hill,RB,BAL,TEN,2026,4,0,0,3,0,2,22,0,4.5
00-0035993,Tyler Huntley,QB,BAL,TEN,2026,4,63,0,16,0,0,0,0,4.1
00-0036550,Rashod Bateman,WR,BAL,TEN,2026,4,0,0,0,0,2,46,0,6.6
00-0039064,Zay Flowers,WR,BAL,TEN,2026,4,0,0,0,0,8,118,1,25.8
00-0039792,Devontez Walker,WR,BAL,TEN,2026,4,0,0,0,0,1,19,0,2.9
00-0040075,LaJohntay Wester,WR,BAL,TEN,2026,4,0,0,0,0,0,0,0,0
00-0040876,Elijah Sarratt,WR,BAL,TEN,2026,4,0,0,0,0,1,13,0,2.3
00-0040879,Matthew Hibner,TE,BAL,TEN,2026,4,0,0,0,0,2,34,0,5.4
00-0040887,Josh Cuevas,TE,BAL,TEN,2026,4,0,0,0,0,0,0,0,0
00-0034827,DJ Moore,WR,BUF,NE,2026,4,0,0,6,0,1,11,0,2.7
00-0034857,Josh Allen,QB,BUF,NE,2026,4,253,1,4,1,0,0,0,18.5
00-0035500,Greg Dortch,WR,BUF,NE,2026,4,0,0,0,0,0,0,0,0
00-0035537,Ty Johnson,RB,BUF,NE,2026,4,0,0,3,0,2,9,0,3.2
00-0035689,Dawson Knox,TE,BUF,NE,2026,4,0,0,0,0,2,13,0,3.3
00-0036988,Josh Palmer,WR,BUF,NE,2026,4,0,0,0,0,1,3,0,1.3
00-0037248,James Cook,RB,BUF,NE,2026,4,0,0,75,1,2,8,0,16.3
00-0037261,Khalil Shakir,WR,BUF,NE,2026,4,0,0,0,0,7,82,0,13.2
00-0038933,Dalton Kincaid,TE,BUF,NE,2026,4,0,0,0,0,1,7,0,1.7
00-0039875,Ray Davis,RB,BUF,NE,2026,4,0,0,3,0,1,4,0,1.7
00-0039901,Keon Coleman,WR,BUF,NE,2026,4,0,0,0,0,6,116,1,23.6
00-0040363,Keleki Latu,TE,BUF,NE,2026,4,0,0,0,0,0,0,0,0
00-0031610,Darren Waller,TE,CAR,DET,2026,4,0,0,0,0,3,36,0,6.6
00-0033589,David Moore,WR,CAR,DET,2026,4,0,0,0,0,0,0,0,0
00-0036265,AJ Dillon,RB,CAR,DET,2026,4,0,0,2,0,1,5,0,1.7
00-0036555,Chuba Hubbard,RB,CAR,DET,2026,4,0,0,122,2,1,7,0,25.9
00-0036825,Feleipe Franks,TE,CAR,DET,2026,4,0,0,0,0,0,0,0,0
00-0037005,Tommy Tremble,TE,CAR,DET,2026,4,0,0,0,0,4,12,0,5.2
00-0037614,John Metchie III,WR,CAR,DET,2026,4,0,0,0,0,3,37,0,6.7
00-0038840,Brycen Tremayne,WR,CAR,DET,2026,4,0,0,0,0,2,32,0,5.2
00-0039150,Bryce Young,QB,CAR,DET,2026,4,329,2,3,0,0,0,0,21.5
00-0040124,Tetairoa McMillan,WR,CAR,DET,2026,4,0,0,0,0,14,192,2,45.2
00-0040187,Mitchell Evans,TE,CAR,DET,2026,4,0,0,0,0,1,8,0,1.8
00-0040265,Ja'Seem Reed,WR,CAR,DET,2026,4,0,0,0,0,0,0,0,0
00-0040394,Anthony Tyus III,RB,CAR,DET,2026,4,0,0,0,0,0,0,0,0
00-0032464,Kalif Raymond,WR,CHI,NYJ,2026,4,0,0,0,0,2,6,0,2.6
00-0036275,D'Andre Swift,RB,CHI,NYJ,2026,4,0,0,58,0,2,16,0,7.4
00-0036290,Cole Kmet,TE,CHI,NYJ,2026,4,0,0,0,0,2,13,0,3.3
00-0038416,Tyson Bagent,QB,CHI,NYJ,2026,4,268,0,1,0,0,0,0,8.8
00-0039021,Roschon Johnson,RB,CHI,NYJ,2026,4,0,0,16,0,1,7,0,3.3
00-0039919,Rome Odunze,WR,CHI,NYJ,2026,4,0,0,0,0,6,94,0,15.4
00-0040126,Colston Loveland,TE,CHI,NYJ,2026,4,0,0,0,0,6,57,0,11.7
00-0040236,Kyle Monangai,RB,CHI,NYJ,2026,4,0,0,146,2,1,4,0,28
00-0040735,Luther Burden III,WR,CHI,NYJ,2026,4,0,0,11,0,4,63,0,11.4
00-0041051,Zavion Thomas,WR,CHI,NYJ,2026,4,0,0,0,0,0,0,0,0
00-0041558,Sam Roush,TE,CHI,NYJ,2026,4,0,0,0,0,1,8,0,1.8
00-0033526,Samaje Perine,RB,CIN,JAX,2026,4,0,0,7,0,0,0,0,0.7
00-0034613,Tanner Hudson,TE,CIN,JAX,2026,4,0,0,0,0,1,2,0,1.2
00-0034829,Mike Gesicki,TE,CIN,JAX,2026,4,0,0,0,0,3,40,1,13
00-0036410,Tee Higgins,WR,CIN,JAX,2026,4,0,0,0,0,11,157,0,26.7
00-0036442,Joe Burrow,QB,CIN,JAX,2026,4,428,1,6,1,0,0,0,23.7
00-0036900,Ja'Marr Chase,WR,CIN,JAX,2026,4,0,0,0,0,3,27,0,5.7
00-0038597,Chase Brown,RB,CIN,JAX,2026,4,0,0,10,0,11,71,0,19.1
00-0038839,Mitchell Tinsley,WR,CIN,JAX,2026,4,0,0,0,0,3,49,0,7.9
00-0040785,Dohnte Meyers,WR,CIN,JAX,2026,4,0,0,0,0,7,82,0,15.2
00-0033537,Deshaun Watson,QB,CLE,PIT,2026,4,268,1,22,0,0,0,0,12.9
00-0036407,Jerry Jeudy,WR,CLE,PIT,2026,4,0,0,0,0,3,36,0,6.6
00-0038710,Blake Whiteheart,TE,CLE,PIT,2026,4,0,0,0,0,0,0,0,0
00-0038794,Jaleel McLaughlin,RB,CLE,PIT,2026,4,0,0,28,1,0,0,0,8.8
00-0039920,Malachi Corley,WR,CLE,PIT,2026,4,0,0,0,0,0,0,0,0
00-0040466,Raheim Sanders,RB,CLE,PIT,2026,4,0,0,9,0,2,7,0,3.6
00-0040663,Harold Fannin Jr.,TE,CLE,PIT,2026,4,0,0,0,0,3,27,1,11.7
00-0040782,Isaiah Bond,WR,CLE,PIT,2026,4,0,0,0,0,1,2,0,1.2
00-0040784,Quinshon Judkins,RB,CLE,PIT,2026,4,0,0,53,1,6,43,0,21.6
00-0041037,Denzel Boston,WR,CLE,PIT,2026,4,0,0,0,0,4,89,0,12.9
00-0041547,KC Concepcion,WR,CLE,PIT,2026,4,0,0,0,0,5,64,0,11.4
00-0033077,Dak Prescott,QB,DAL,HOU,2026,4,335,1,7,0,0,0,0,18.1
00-0036358,CeeDee Lamb,WR,DAL,HOU,2026,4,0,0,-6,0,17,189,1,41.3
00-0036997,Javonte Williams,RB,DAL,HOU,2026,4,0,0,62,3,5,21,0,31.3
00-0037120,Tyler Goodson,RB,DAL,HOU,2026,4,0,0,12,0,0,0,0,1.2
00-0037247,George Pickens,WR,DAL,HOU,2026,4,0,0,0,0,2,75,0,9.5
00-0037801,KaVontae Turpin,WR,DAL,HOU,2026,4,0,0,0,0,0,0,0,0
00-0038041,Jake Ferguson,TE,DAL,HOU,2026,4,0,0,0,0,3,11,0,4.1
00-0038738,Hunter Luepke,RB,DAL,HOU,2026,4,0,0,0,0,1,2,0,1.2
00-0039062,Jonathan Mingo,WR,DAL,HOU,2026,4,0,0,0,0,0,0,0,0
00-0039410,Ryan Flournoy,WR,DAL,HOU,2026,4,0,0,0,0,4,37,0,7.7
00-0039530,Brevyn Spann-Ford,TE,DAL,HOU,2026,4,0,0,0,0,0,0,0,0
00-0033881,Evan Engram,TE,DEN,SF,2026,4,0,0,0,0,1,6,0,1.6
00-0034348,Courtland Sutton,WR,DEN,SF,2026,4,0,0,0,0,1,4,0,1.4
00-0036158,J.K. Dobbins,RB,DEN,SF,2026,4,0,0,40,0,2,12,0,7.2
00-0036422,Adam Trautman,TE,DEN,SF,2026,4,0,0,0,0,0,0,0,0
00-0036613,Jaylen Waddle,WR,DEN,SF,2026,4,0,0,0,0,5,35,1,14.5
00-0037085,Tyler Badie,RB,DEN,SF,2026,4,0,0,7,0,2,32,0,7.9
00-0038976,Marvin Mims Jr.,WR,DEN,SF,2026,4,0,0,0,0,1,10,0,2
00-0039732,Bo Nix,QB,DEN,SF,2026,4,214,1,10,0,0,0,0,13.6
00-0040134,Pat Bryant,WR,DEN,SF,2026,4,0,0,0,0,3,47,0,7.7
00-0040730,RJ Harvey,RB,DEN,SF,2026,4,0,0,25,0,10,68,0,19.3
00-0033106,Jared Goff,QB,DET,CAR,2026,4,412,1,0,0,0,0,0,20.5
00-0035544,Tom Kennedy,WR,DET,CAR,2026,4,0,0,0,0,0,0,0,0
00-0036754,Brock Wright,TE,DET,CAR,2026,4,0,0,0,0,1,8,0,1.8
00-0036963,Amon-Ra St. Brown,WR,DET,CAR,2026,4,0,0,0,0,8,75,0,15.5
00-0037240,Jameson Williams,WR,DET,CAR,2026,4,0,0,0,0,6,102,0,16.2
00-0037524,Tay Martin,WR,DET,CAR,2026,4,0,0,0,0,0,0,0,0
00-0038896,Jacob Saylors,RB,DET,CAR,2026,4,0,0,0,0,0,0,0,0
00-0039065,Sam LaPorta,TE,DET,CAR,2026,4,0,0,0,0,8,84,1,22.4
00-0039139,Jahmyr Gibbs,RB,DET,CAR,2026,4,0,0,46,1,4,31,0,17.7
00-0039364,Sione Vaki,RB,DET,CAR,2026,4,0,0,0,0,1,17,0,2.7
00-0040669,Isaac TeSlaa,WR,DET,CAR,2026,4,0,0,0,0,4,95,0,13.5
00-0033858,Jonnu Smith,TE,GB,TB,2026,4,0,0,0,0,1,19,0,2.9
00-0036264,Jordan Love,QB,GB,TB,2026,4,197,2,-8,0,0,0,0,13.1
00-0037091,Bo Melton,WR,GB,TB,2026,4,0,0,0,0,0,0,0,0
00-0038090,Skyy Moore,WR,GB,TB,2026,4,0,0,0,0,1,-2,0,0.8
00-0038124,Christian Watson,WR,GB,TB,2026,4,0,0,0,0,3,47,0,7.7
00-0038685,Chris Brooks,RB,GB,TB,2026,4,0,0,30,0,1,5,0,4.5
00-0038996,Tucker Kraft,TE,GB,TB,2026,4,0,0,3,0,6,42,1,16.5
00-0039811,MarShawn Lloyd,RB,GB,TB,2026,4,0,0,13,0,5,36,0,9.9
00-0040142,Kaleb Johnson,RB,GB,TB,2026,4,0,0,42,0,0,0,0,2.2
00-0040598,Mark Redman,TE,GB,TB,2026,4,0,0,0,0,2,29,0,4.9
00-0040667,Matthew Golden,WR,GB,TB,2026,4,0,0,6,0,3,21,1,11.7
00-0040948,J. Michael Sturdivant,WR,GB,TB,2026,4,0,0,0,0,0,0,0,0
00-0034383,Dalton Schultz,TE,HOU,DAL,2026,4,0,0,0,0,2,9,0,2.9
00-0034981,Foster Moreau,TE,HOU,DAL,2026,4,0,0,0,0,1,1,0,1.1
00-0035685,David Montgomery,RB,HOU,DAL,2026,4,0,0,24,0,0,19,0,4.3
00-0036554,Nico Collins,WR,HOU,DAL,2026,4,0,0,0,0,7,118,2,30.8
00-0036556,Brevin Jordan,TE,HOU,DAL,2026,4,0,0,0,0,1,13,0,2.3
00-0038608,Kayshon Boutte,WR,HOU,DAL,2026,4,0,0,0,0,3,36,0,6.6
00-0038618,Xavier Hutchinson,WR,HOU,DAL,2026,4,0,0,0,0,3,46,0,7.6
00-0039163,C.J. Stroud,QB,HOU,DAL,2026,4,347,2,12,0,0,0,0,23.1
00-0039359,Cade Stover,TE,HOU,DAL,2026,4,0,0,0,0,1,20,0,3
00-0040138,Jaylin Noel,WR,HOU,DAL,2026,4,0,0,4,0,3,85,0,11.9
00-0040583,Woody Marks,RB,HOU,DAL,2026,4,0,0,22,1,0,0,0,8.2
00-0032951,Laquon Treadwell,WR,IND,WAS,2026,4,0,0,0,0,5,42,0,9.2
00-0035021,Ashton Dulin,WR,IND,WAS,2026,4,0,0,0,0,3,29,0,5.9
00-0035710,Daniel Jones,QB,IND,WAS,2026,4,143,0,2,1,0,0,0,7.9
00-0036182,Nick Westbrook-Ikhine,WR,IND,WAS,2026,4,0,0,0,0,0,0,0,0
00-0036223,Jonathan Taylor,RB,IND,WAS,2026,4,0,0,95,2,1,2,0,22.7
00-0037292,Andrew Ogletree,TE,IND,WAS,2026,4,0,0,0,0,0,0,0,0
00-0038997,Josh Downs,WR,IND,WAS,2026,4,0,0,0,0,3,16,0,4.6
00-0039816,Anthony Gould,WR,IND,WAS,2026,4,0,0,0,0,0,0,0,0
00-0040128,Tyler Warren,TE,IND,WAS,2026,4,0,0,0,0,5,41,0,9.1
00-0041125,Seth McGowan,RB,IND,WAS,2026,4,0,0,31,0,1,7,0,4.8
00-0041132,Deion Burks,WR,IND,WAS,2026,4,0,0,0,0,1,6,0,1.6
00-0032104,Ameer Abdullah,RB,JAX,CIN,2026,4,0,0,0,0,0,0,0,0
00-0034960,Jakobi Meyers,WR,JAX,CIN,2026,4,0,0,0,0,3,33,0,6.3
00-0036590,Quintin Morris,TE,JAX,CIN,2026,4,0,0,0,0,0,0,0,0
00-0036971,Trevor Lawrence,QB,JAX,CIN,2026,4,227,1,0,0,0,0,0,13.1
00-0038606,Parker Washington,WR,JAX,CIN,2026,4,0,0,3,0,1,7,0,2
00-0038611,Chris Rodriguez Jr.,RB,JAX,CIN,2026,4,0,0,35,1,0,0,0,9.5
00-0038935,Brenton Strange,TE,JAX,CIN,2026,4,0,0,0,0,7,95,0,16.5
00-0039893,Brian Thomas Jr.,WR,JAX,CIN,2026,4,0,0,0,0,2,17,1,9.7
00-0040238,LeQuint Allen Jr.,RB,JAX,CIN,2026,4,0,0,0,0,0,0,0,0
00-0040719,Bhayshul Tuten,RB,JAX,CIN,2026,4,0,0,73,0,2,18,0,11.1
00-0041100,Josh Cameron,WR,JAX,CIN,2026,4,0,0,0,0,2,42,0,6.2
00-0041503,Nate Boerkircher,TE,JAX,CIN,2026,4,0,0,0,0,1,15,0,2.5
00-0030506,Travis Kelce,TE,KC,LV,2026,4,0,0,0,0,2,15,0,3.5
00-0033873,Patrick Mahomes,QB,KC,LV,2026,4,225,2,0,0,0,0,0,17
00-0036637,Noah Gray,TE,KC,LV,2026,4,0,0,0,0,2,17,0,3.7
00-0038104,Tyquan Thornton,WR,KC,LV,2026,4,0,0,0,0,5,111,2,28.1
00-0038134,Kenneth Walker III,RB,KC,LV,2026,4,0,0,177,2,1,2,0,30.9
00-0038519,Nikko Remigio,WR,KC,LV,2026,4,0,0,0,0,0,0,0,0
00-0039894,Xavier Worthy,WR,KC,LV,2026,4,0,0,0,0,4,70,0,11
00-0040081,Jake Briningstool,TE,KC,LV,2026,4,0,0,0,0,0,0,0,0
00-0040646,Jalen Royals,WR,KC,LV,2026,4,0,0,0,0,0,0,0,0
00-0040890,Cyrus Allen,WR,KC,LV,2026,4,0,0,0,0,0,0,0,0
00-0041013,Emmett Johnson,RB,KC,LV,2026,4,0,0,0,0,1,10,0,2
00-0026498,Matthew Stafford,QB,LA,PHI,2026,4,317,0,10,0,0,0,0,9.7
00-0031381,Davante Adams,WR,LA,PHI,2026,4,0,0,0,0,4,32,0,7.2
00-0033110,Tyler Higbee,TE,LA,PHI,2026,4,0,0,0,0,5,67,0,11.7
00-0035602,Alex Bachman,WR,LA,PHI,2026,4,0,0,0,0,0,0,0,0
00-0036849,Tutu Atwell,WR,LA,PHI,2026,4,0,0,0,0,1,8,0,1.8
00-0037840,Kyren Williams,RB,LA,PHI,2026,4,0,0,80,2,10,67,0,36.7
00-0039074,Davis Allen,TE,LA,PHI,2026,4,0,0,0,0,0,0,0,0
00-0039075,Puka Nacua,WR,LA,PHI,2026,4,0,0,2,1,9,125,0,27.7
00-0039738,Blake Corum,RB,LA,PHI,2026,4,0,0,14,0,1,7,0,3.1
00-0039751,Jordan Whittington,WR,LA,PHI,2026,4,0,0,0,0,1,4,0,1.4
00-0040590,Konata Mumpfield,WR,LA,PHI,2026,4,0,0,0,0,1,7,0,1.7
00-0041415,Dean Connors,RB,LA,PHI,2026,4,0,0,0,0,0,0,0,0
00-0034272,Marquez Valdes-Scantling,WR,LAC,SEA,2026,4,0,0,0,0,0,0,0,0
00-0036355,Justin Herbert,QB,LAC,SEA,2026,4,189,1,40,0,0,0,0,9.6
00-0038454,Keaton Mitchell,RB,LAC,SEA,2026,4,0,0,39,0,5,24,0,11.3
00-0038544,Quentin Johnston,WR,LAC,SEA,2026,4,0,0,-4,0,1,44,0,5
00-0038573,Derius Davis,WR,LAC,SEA,2026,4,0,0,0,0,1,6,0,1.6
00-0039391,Kimani Vidal,RB,LAC,SEA,2026,4,0,0,25,0,2,11,1,11.6
00-0039915,Ladd McConkey,WR,LAC,SEA,2026,4,0,0,0,0,0,0,0,0
00-0040189,Oronde Gadsden II,TE,LAC,SEA,2026,4,0,0,2,0,5,36,0,8.8
00-0040331,Patrick Herbert,TE,LAC,SEA,2026,4,0,0,0,0,0,0,0,0
00-0040666,Omarion Hampton,RB,LAC,SEA,2026,4,0,0,45,1,2,8,0,13.3
00-0040727,Tre Harris,WR,LAC,SEA,2026,4,0,0,0,0,3,60,0,9
00-0029604,Kirk Cousins,QB,LV,KC,2026,4,365,2,0,0,0,0,0,22.6
00-0034365,Ian Thomas,TE,LV,KC,2026,4,0,0,0,0,2,32,1,11.2
00-0035891,Cody White,WR,LV,KC,2026,4,0,0,0,0,2,36,0,7.6
00-0037093,Dareke Young,WR,LV,KC,2026,4,0,0,0,0,1,9,0,1.9
00-0038563,Tre Tucker,WR,LV,KC,2026,4,0,0,0,0,4,44,0,8.4
00-0039066,Michael Mayer,TE,LV,KC,2026,4,0,0,0,0,8,82,0,16.2
00-0039338,Brock Bowers,TE,LV,KC,2026,4,0,0,0,0,6,86,1,20.6
00-0039407,Dylan Laube,RB,LV,KC,2026,4,0,0,0,0,0,0,0,0
00-0040122,Ashton Jeanty,RB,LV,KC,2026,4,0,0,58,0,6,68,0,18.6
00-0040878,Mike Washington Jr.,RB,LV,KC,2026,4,0,0,18,0,1,-1,0,2.7
00-0040894,Malik Benson,WR,LV,KC,2026,4,0,0,0,0,0,0,0,0
00-0037666,Jalen Tolbert,WR,MIA,MIN,2026,4,0,0,0,0,0,0,0,0
00-0038128,Malik Willis,QB,MIA,MIN,2026,4,85,0,11,0,0,0,0,2.5
00-0038824,Ryan Miller,WR,MIA,MIN,2026,4,0,0,0,0,0,0,0,0
00-0039874,Jaylen Wright,RB,MIA,MIN,2026,4,0,0,7,0,0,0,0,0.7
00-0039880,Malik Washington,WR,MIA,MIN,2026,4,0,0,3,0,5,67,0,12
00-0040198,Ollie Gordon II,RB,MIA,MIN,2026,4,0,0,100,1,2,0,0,18
00-0041524,Will Kacmarek,TE,MIA,MIN,2026,4,0,0,0,0,1,15,0,2.5
00-0041525,Chris Bell,WR,MIA,MIN,2026,4,0,0,0,0,0,0,0,0
00-0041529,Kevin Coleman Jr.,WR,MIA,MIN,2026,4,0,0,0,0,1,3,0,1.3
00-0033293,Aaron Jones,RB,MIN,MIA,2026,4,0,0,94,0,4,34,0,16.8
00-0035228,Kyler Murray,QB,MIN,MIA,2026,4,247,0,16,0,0,0,0,11.5
00-0035229,T.J. Hockenson,TE,MIN,MIA,2026,4,0,0,0,0,13,119,0,24.9
00-0036259,Jauan Jennings,WR,MIN,MIA,2026,4,0,0,0,0,1,8,0,1.8
00-0036425,DeeJay Dallas,RB,MIN,MIA,2026,4,0,0,0,0,1,10,0,2
00-0038994,Jordan Addison,WR,MIN,MIA,2026,4,0,0,-1,0,4,52,0,9.1
00-0039710,Jeshaun Jones,WR,MIN,MIA,2026,4,0,0,0,0,0,0,0,0
00-0040154,Tai Felton,WR,MIN,MIA,2026,4,0,0,0,0,1,14,0,2.4
00-0040215,Gavin Bartholomew,TE,MIN,MIA,2026,4,0,0,0,0,1,4,0,1.4
00-0040506,Myles Price,WR,MIN,MIA,2026,4,0,0,2,0,2,6,0,2.8
00-0041104,Demond Claiborne,RB,MIN,MIA,2026,4,0,0,12,0,0,0,0,1.2
00-0033090,Hunter Henry,TE,NE,BUF,2026,4,0,0,0,0,5,62,0,11.2
00-0033555,Mack Hollins,WR,NE,BUF,2026,4,0,0,0,0,3,53,0,8.3
00-0036875,Rhamondre Stevenson,RB,NE,BUF,2026,4,0,0,47,1,3,27,0,18.4
00-0037816,Romeo Doubs,WR,NE,BUF,2026,4,0,0,0,0,6,58,2,23.8
00-0038564,Cameron Latu,TE,NE,BUF,2026,4,0,0,0,0,0,0,0,0
00-0038621,DeMario Douglas,WR,NE,BUF,2026,4,0,0,0,0,2,15,0,3.5
00-0039851,Drake Maye,QB,NE,BUF,2026,4,269,3,54,0,0,0,0,26.2
00-0040131,Kyle Williams,WR,NE,BUF,2026,4,0,0,0,0,0,0,0,0
00-0040556,Corey Kiner,RB,NE,BUF,2026,4,0,0,0,0,0,0,0,0
00-0040563,Efton Chism III,WR,NE,BUF,2026,4,0,0,0,0,2,42,1,12.2
00-0040734,TreVeyon Henderson,RB,NE,BUF,2026,4,0,0,42,0,0,0,0,4.2
00-0041395,Eli Raridon,TE,NE,BUF,2026,4,0,0,0,0,1,12,0,2.2
00-0033906,Alvin Kamara,RB,NO,ATL,2026,4,0,0,23,2,5,35,0,22.8
00-0036040,Juwan Johnson,TE,NO,ATL,2026,4,0,0,0,0,6,59,0,11.9
00-0037239,Chris Olave,WR,NO,ATL,2026,4,0,0,0,0,8,116,0,19.6
00-0038551,Kendre Miller,RB,NO,ATL,2026,4,0,0,9,0,2,10,0,1.9
00-0039424,Devaughn Vele,WR,NO,ATL,2026,4,0,0,0,0,6,54,1,17.4
00-0039518,Treyton Welch,TE,NO,ATL,2026,4,0,0,0,0,0,0,0,0
00-0040743,Tyler Shough,QB,NO,ATL,2026,4,286,1,5,0,0,0,0,15.9
00-0041041,Oscar Delp,TE,NO,ATL,2026,4,0,0,0,0,0,0,0,0
00-0041067,Bryce Lance,WR,NO,ATL,2026,4,0,0,0,0,1,7,0,1.7
00-0041099,Barion Brown,WR,NO,ATL,2026,4,0,0,-5,0,0,0,0,-0.5
00-0041326,CJ Donaldson,RB,NO,ATL,2026,4,0,0,18,0,2,5,0,4.3
00-0031484,Chris Manhertz,TE,NYG,ARI,2026,4,0,0,0,0,0,0,0,0
00-0031503,Jameis Winston,QB,NYG,ARI,2026,4,250,3,0,0,0,0,0,18
00-0033376,Patrick Ricard,RB,NYG,ARI,2026,4,0,0,0,0,1,1,0,1.1
00-0034419,Braxton Berrios,WR,NYG,ARI,2026,4,0,0,0,0,0,0,0,0
00-0036309,Darnell Mooney,WR,NYG,ARI,2026,4,0,0,0,0,0,0,0,0
00-0036893,Najee Harris,RB,NYG,ARI,2026,4,0,0,30,0,0,0,0,3
00-0037838,Isaiah Likely,TE,NYG,ARI,2026,4,0,0,0,0,7,66,0,13.6
00-0038576,Charlie Jones,WR,NYG,ARI,2026,4,0,0,0,0,0,0,0,0
00-0039337,Malik Nabers,WR,NYG,ARI,2026,4,0,0,0,0,6,112,1,23.2
00-0039384,Tyrone Tracy Jr.,RB,NYG,ARI,2026,4,0,0,-1,0,0,0,0,-0.1
00-0039847,Theo Johnson,TE,NYG,ARI,2026,4,0,0,0,0,1,11,1,8.1
00-0040715,Cam Skattebo,RB,NYG,ARI,2026,4,0,0,58,0,1,8,0,7.6
00-0041042,Malachi Fields,WR,NYG,ARI,2026,4,0,0,0,0,2,52,1,13.2
00-0030565,Geno Smith,QB,NYJ,CHI,2026,4,119,1,0,0,0,0,0,8.8
00-0032385,Sterling Shepard,WR,NYJ,CHI,2026,4,0,0,0,0,0,0,0,0
00-0036842,Kene Nwangwu,RB,NYJ,CHI,2026,4,0,0,0,0,0,0,0,0
00-0037740,Garrett Wilson,WR,NYJ,CHI,2026,4,0,0,0,0,3,27,0,5.7
00-0037755,Jelani Woods,TE,NYJ,CHI,2026,4,0,0,0,0,1,11,0,2.1
00-0039451,Isaiah Williams,WR,NYJ,CHI,2026,4,0,0,0,0,2,73,1,15.3
00-0039794,Braelon Allen,RB,NYJ,CHI,2026,4,0,0,59,0,2,8,0,8.7
00-0039798,Isaiah Davis,RB,NYJ,CHI,2026,4,0,0,0,0,0,0,0,0
00-0041032,Kenyon Sadiq,TE,NYJ,CHI,2026,4,0,0,0,0,0,0,0,0
00-0030061,Zach Ertz,TE,PHI,LA,2026,4,0,0,0,0,2,13,0,3.3
00-0033246,Johnny Mundt,TE,PHI,LA,2026,4,0,0,0,0,0,0,0,0
00-0034844,Saquon Barkley,RB,PHI,LA,2026,4,0,0,8,0,1,2,0,2
00-0036389,Jalen Hurts,QB,PHI,LA,2026,4,93,2,18,0,0,0,0,13.5
00-0037132,Britain Covey,WR,PHI,LA,2026,4,0,0,0,0,0,0,0,0
00-0038393,Dontayvion Wicks,WR,PHI,LA,2026,4,0,0,0,0,3,18,0,4.8
00-0038498,E.J. Jenkins,TE,PHI,LA,2026,4,0,0,0,0,0,0,0,0
00-0038555,Tank Bigsby,RB,PHI,LA,2026,4,0,0,55,0,0,0,0,5.5
00-0039746,Will Shipley,RB,PHI,LA,2026,4,0,0,23,0,0,0,0,2.3
00-0040024,Darius Cooper,WR,PHI,LA,2026,4,0,0,0,0,3,33,2,18.3
00-0040867,Makai Lemon,WR,PHI,LA,2026,4,0,0,0,0,3,27,0,5.7
00-0023459,Aaron Rodgers,QB,PIT,CLE,2026,4,299,3,0,0,0,0,0,22
00-0035594,Travis Homer,RB,PIT,CLE,2026,4,0,0,-1,0,0,0,0,-0.1
00-0035640,DK Metcalf,WR,PIT,CLE,2026,4,0,0,0,0,5,115,0,16.5
00-0036252,Michael Pittman,WR,PIT,CLE,2026,4,0,0,0,0,2,15,0,3.5
00-0036862,Ben Skowronek,WR,PIT,CLE,2026,4,0,0,0,0,1,7,0,1.7
00-0036894,Pat Freiermuth,TE,PIT,CLE,2026,4,0,0,0,0,3,17,1,10.7
00-0037228,Jaylen Warren,RB,PIT,CLE,2026,4,0,0,93,0,3,33,0,15.6
00-0038409,Lew Nichols III,RB,PIT,CLE,2026,4,0,0,0,0,0,0,0,0
00-0038558,Darnell Washington,TE,PIT,CLE,2026,4,0,0,0,0,3,27,1,11.7
00-0039739,Roman Wilson,WR,PIT,CLE,2026,4,0,0,0,0,3,74,1,16.4
00-0041397,Kaden Wetjen,WR,PIT,CLE,2026,4,0,0,0,0,0,0,0,0
00-0041489,Germie Bernard,WR,PIT,CLE,2026,4,0,0,0,0,2,11,0,3.1
00-0033576,Eric Saubert,TE,SEA,LAC,2026,4,0,0,0,0,0,0,0,0
00-0033908,Cooper Kupp,WR,SEA,LAC,2026,4,0,0,0,0,1,13,0,2.3
00-0034869,Sam Darnold,QB,SEA,LAC,2026,4,168,2,6,0,0,0,0,13.3
00-0037545,Rashid Shaheed,WR,SEA,LAC,2026,4,0,0,33,1,1,20,0,12.3
00-0038488,Brady Russell,RB,SEA,LAC,2026,4,0,0,0,0,0,0,0,0
00-0038543,Jaxon Smith-Njigba,WR,SEA,LAC,2026,4,0,0,0,0,5,76,0,12.6
00-0038797,Emanuel Wilson,RB,SEA,LAC,2026,4,0,0,81,1,3,39,1,27
00-0039299,George Holani,RB,SEA,LAC,2026,4,0,0,18,0,1,2,0,3
00-0039793,AJ Barner,TE,SEA,LAC,2026,4,0,0,0,0,1,12,0,2.2
00-0040648,Tory Horton,WR,SEA,LAC,2026,4,0,0,0,0,1,6,1,7.6
00-0031236,Brandin Cooks,WR,SF,DEN,2026,4,0,0,0,0,0,0,0,0
00-0031408,Mike Evans,WR,SF,DEN,2026,4,0,0,0,0,5,76,0,12.6
00-0033280,Christian McCaffrey,RB,SF,DEN,2026,4,0,0,52,1,3,18,0,16
00-0033288,George Kittle,TE,SF,DEN,2026,4,0,0,0,0,4,70,1,17
00-0035719,Deebo Samuel Sr.,WR,SF,DEN,2026,4,0,0,44,0,5,26,1,18
00-0036887,Luke Farrell,TE,SF,DEN,2026,4,0,0,0,0,0,0,0,0
00-0037834,Brock Purdy,QB,SF,DEN,2026,4,218,2,29,0,0,0,0,19.6
00-0038643,Brayden Willis,TE,SF,DEN,2026,4,0,0,0,0,0,0,0,0
00-0039365,Jacob Cowing,WR,SF,DEN,2026,4,0,0,2,0,0,0,0,0.2
00-0041052,Kaelon Black,RB,SF,DEN,2026,4,0,0,13,0,0,0,0,1.3
00-0033921,Chris Godwin Jr.,WR,TB,GB,2026,4,0,0,0,0,6,31,0,9.1
00-0036919,Kenny Gainwell,RB,TB,GB,2026,4,0,0,5,0,2,22,1,10.7
00-0038129,Cade Otton,TE,TB,GB,2026,4,0,0,0,0,4,37,0,7.7
00-0038951,Sean Tucker,RB,TB,GB,2026,4,0,0,10,1,0,0,0,7
00-0039361,Bucky Irving,RB,TB,GB,2026,4,0,0,61,0,0,0,0,6.1
00-0039589,Kameron Johnson,WR,TB,GB,2026,4,0,0,0,0,1,3,0,1.3
00-0040129,Emeka Egbuka,WR,TB,GB,2026,4,0,0,0,0,2,13,0,3.3
00-0040237,Tez Johnson,WR,TB,GB,2026,4,0,0,10,0,2,17,0,4.7
00-0041048,Ted Hurst III,WR,TB,GB,2026,4,0,0,0,0,2,25,0,4.5
00-0041094,Bauer Sharp,TE,TB,GB,2026,4,0,0,0,0,0,0,0,0
00-0041251,Jalon Daniels,QB,TB,GB,2026,4,148,1,55,0,0,0,0,11.4
00-0034837,Calvin Ridley,WR,TEN,BAL,2026,4,0,0,0,0,1,13,0,2.3
00-0035261,Tony Pollard,RB,TEN,BAL,2026,4,0,0,48,1,2,2,0,13
00-0037594,Julius Chestnut,RB,TEN,BAL,2026,4,0,0,0,0,0,0,0,0
00-0038115,Daniel Bellinger,TE,TEN,BAL,2026,4,0,0,0,0,1,2,0,1.2
00-0038117,Wan'Dale Robinson,WR,TEN,BAL,2026,4,0,0,1,0,3,19,1,11
00-0039032,Tyjae Spears,RB,TEN,BAL,2026,4,0,0,7,0,1,-1,0,1.6
00-0040170,Elic Ayomanor,WR,TEN,BAL,2026,4,0,0,0,0,1,22,0,3.2
00-0040584,Gunnar Helm,TE,TEN,BAL,2026,4,0,0,0,0,1,5,0,3.5
00-0040676,Cam Ward,QB,TEN,BAL,2026,4,222,1,27,0,0,0,0,15.6
00-0040705,Chimere Dike,WR,TEN,BAL,2026,4,0,0,0,0,1,15,0,2.5
00-0040886,Nicholas Singleton,RB,TEN,BAL,2026,4,0,0,2,0,0,0,0,0.2
00-0041438,Carnell Tate,WR,TEN,BAL,2026,4,0,0,0,0,9,145,0,21.5
00-0031588,Stefon Diggs,WR,WAS,IND,2026,4,0,0,0,0,5,35,0,8.5
00-0032268,Marcus Mariota,QB,WAS,IND,2026,4,46,0,35,0,0,0,0,5.3
00-0033699,Austin Ekeler,RB,WAS,IND,2026,4,0,0,29,0,1,11,0,5
00-0035567,Craig Reynolds,RB,WAS,IND,2026,4,0,0,4,0,0,0,0,0.4
00-0036626,Dyami Brown,WR,WAS,IND,2026,4,0,0,0,0,3,65,0,9.5
00-0037742,Treylon Burks,WR,WAS,IND,2026,4,0,0,0,0,1,47,1,11.7
00-0037809,Chig Okonkwo,TE,WAS,IND,2026,4,0,0,0,0,2,5,0,2.5
00-0039686,Colson Yankoff,TE,WAS,IND,2026,4,0,0,0,0,0,0,0,0
00-0040164,Jaylin Lane,WR,WAS,IND,2026,4,0,0,0,0,0,0,0,0
00-0040242,Jacory Croskey-Merritt,RB,WAS,IND,2026,4,0,0,15,0,2,35,0,7
00-0041040,Antonio Williams,WR,WAS,IND,2026,4,0,0,0,0,3,21,0,5.1
00-0041096,Kaytron Allen,RB,WAS,IND,2026,4,0,0,1,0,0,0,0,0.1
00-0041117,Athan Kaliakmanis,QB,WAS,IND,2026,4,186,1,16,0,0,0,0,11
