player,team,position,season,games,points
Jahmyr Gibbs,DET,RB,2026,4,116
Josh Allen,BUF,QB,2026,4,112.5
CeeDee Lamb,DAL,WR,2026,4,112.2
Bijan Robinson,ATL,RB,2026,4,105.4
Amon-Ra St. Brown,DET,WR,2026,4,91.3
Derrick Henry,BAL,RB,2026,4,90.8
Patrick Mahomes,KC,QB,2026,4,83.6
Lamar Jackson,BAL,QB,2026,4,79.1
Christian McCaffrey,SF,RB,2026,4,74
Davante Adams,LA,WR,2026,4,73
Jalen Hurts,PHI,QB,2026,4,67
George Kittle,SF,TE,2026,4,64.4
Ja'Marr Chase,CIN,WR,2026,4,60.2
Sam LaPorta,DET,TE,2026,4,56.8
Travis Kelce,KC,TE,2026,4,52.6
Justin Jefferson,MIN,WR,2026,3,44.9
Puka Nacua,LA,WR,2026,2,40.1
Saquon Barkley,PHI,RB,2026,4,23
A.J. Brown,NE,WR,2026,1,5.6
Christian McCaffrey,SF,RB,2025,17,416.6
Puka Nacua,LA,WR,2025,16,375
Bijan Robinson,ATL,RB,2025,17,370.8
Jahmyr Gibbs,DET,RB,2025,17,366.9
Josh Allen,BUF,QB,2025,16,364.5
Amon-Ra St. Brown,DET,WR,2025,17,324
Ja'Marr Chase,CIN,WR,2025,16,313.6
Jalen Hurts,PHI,QB,2025,16,301
Patrick Mahomes,KC,QB,2025,14,285.7
Derrick Henry,BAL,RB,2025,17,279.5
Saquon Barkley,PHI,RB,2025,16,232.3
Davante Adams,LA,WR,2025,14,222.9
A.J. Brown,PHI,WR,2025,15,220.3
Lamar Jackson,BAL,QB,2025,13,214.8
Justin Jefferson,MIN,WR,2025,17,201.5
CeeDee Lamb,DAL,WR,2025,13,200.9
Travis Kelce,KC,TE,2025,17,193.2
George Kittle,SF,TE,2025,11,161.5
Sam LaPorta,DET,TE,2025,9,106.9
Tyreek Hill,MIA,WR,2025,4,53.5
Lamar Jackson,BAL,QB,2024,17,430.4
Ja'Marr Chase,CIN,WR,2024,17,403
Josh Allen,BUF,QB,2024,16,379.1
Jahmyr Gibbs,DET,RB,2024,17,362.9
Saquon Barkley,PHI,RB,2024,16,355.3
Bijan Robinson,ATL,RB,2024,17,341.7
Derrick Henry,BAL,RB,2024,17,336.4
Justin Jefferson,MIN,WR,2024,17,317.5
Amon-Ra St. Brown,DET,WR,2024,17,316.2
Jalen Hurts,PHI,QB,2024,15,315
Patrick Mahomes,KC,QB,2024,16,282.9
CeeDee Lamb,DAL,WR,2024,15,263.4
Davante Adams,NYJ,WR,2024,14,241.3
George Kittle,SF,TE,2024,15,236.6
Tyreek Hill,MIA,WR,2024,17,218.2
A.J. Brown,PHI,WR,2024,13,216.9
Puka Nacua,LA,WR,2024,11,206.6
Travis Kelce,KC,TE,2024,16,195.4
Sam LaPorta,DET,TE,2024,16,174.6
Christian McCaffrey,SF,RB,2024,4,47.8
CeeDee Lamb,DAL,WR,2023,17,403.2
Josh Allen,BUF,QB,2023,17,392.9
Christian McCaffrey,SF,RB,2023,16,391.3
Tyreek Hill,MIA,WR,2023,16,376.4
Jalen Hurts,PHI,QB,2023,17,356.9
Lamar Jackson,BAL,QB,2023,16,331.2
Amon-Ra St. Brown,DET,WR,2023,16,330.9
Puka Nacua,LA,WR,2023,17,298.5
A.J. Brown,PHI,WR,2023,17,289.6
Patrick Mahomes,KC,QB,2023,16,280.1
Davante Adams,LV,WR,2023,17,265.4
Ja'Marr Chase,CIN,WR,2023,16,262.7
Derrick Henry,TEN,RB,2023,17,246.7
Bijan Robinson,ATL,RB,2023,17,246.3
Jahmyr Gibbs,DET,RB,2023,15,242.1
Sam LaPorta,DET,TE,2023,17,239.3
Saquon Barkley,NYG,RB,2023,14,223.2
Travis Kelce,KC,TE,2023,15,219.4
George Kittle,SF,TE,2023,16,203.2
Justin Jefferson,MIN,WR,2023,10,202.2
Patrick Mahomes,KC,QB,2022,17,417.4
Josh Allen,BUF,QB,2022,16,395.7
Jalen Hurts,PHI,QB,2022,15,378.1
Justin Jefferson,MIN,WR,2022,17,368.6
Christian McCaffrey,SF,RB,2022,17,356.4
Tyreek Hill,MIA,WR,2022,17,341.2
Davante Adams,LV,WR,2022,17,335.5
Travis Kelce,KC,TE,2022,17,316.3
Derrick Henry,TEN,RB,2022,16,302.8
CeeDee Lamb,DAL,WR,2022,17,301.6
A.J. Brown,PHI,WR,2022,17,299.6
Saquon Barkley,NYG,RB,2022,16,284
Amon-Ra St. Brown,DET,WR,2022,16,267.6
Ja'Marr Chase,CIN,WR,2022,12,242.4
Lamar Jackson,BAL,QB,2022,12,236.1
George Kittle,SF,TE,2022,15,200.5
