player,team,position,season,week,fantasy_pts
Justin Jefferson,MIN,WR,2022,1,39.4
Patrick Mahomes,KC,QB,2022,1,34.9
Saquon Barkley,NYG,RB,2022,1,33.4
Josh Allen,BUF,QB,2022,1,31.5
Davante Adams,LV,WR,2022,1,30.1
Ja'Marr Chase,CIN,WR,2022,1,28.9
Travis Kelce,KC,TE,2022,1,26.1
A.J. Brown,PHI,WR,2022,1,25.5
Jalen Hurts,PHI,QB,2022,1,24.7
Amon-Ra St. Brown,DET,WR,2022,1,20.4
Lamar Jackson,BAL,QB,2022,1,20.2
Tyreek Hill,MIA,WR,2022,1,18
Christian McCaffrey,CAR,RB,2022,1,15.7
Derrick Henry,TEN,RB,2022,1,8.2
CeeDee Lamb,DAL,WR,2022,1,4.9
Lamar Jackson,BAL,QB,2022,2,42.6
Tyreek Hill,MIA,WR,2022,2,42
Amon-Ra St. Brown,DET,WR,2022,2,39.4
Jalen Hurts,PHI,QB,2022,2,33
Josh Allen,BUF,QB,2022,2,29.7
Patrick Mahomes,KC,QB,2022,2,17.3
Christian McCaffrey,CAR,RB,2022,2,16.8
CeeDee Lamb,DAL,WR,2022,2,15.1
A.J. Brown,PHI,WR,2022,2,11.9
Saquon Barkley,NYG,RB,2022,2,11.8
Ja'Marr Chase,CIN,WR,2022,2,10.8
Justin Jefferson,MIN,WR,2022,2,10.8
Travis Kelce,KC,TE,2022,2,10.1
Davante Adams,LV,WR,2022,2,9.2
Derrick Henry,TEN,RB,2022,2,8.5
Lamar Jackson,BAL,QB,2022,3,39.4
Jalen Hurts,PHI,QB,2022,3,27.6
Josh Allen,BUF,QB,2022,3,26.7
Derrick Henry,TEN,RB,2022,3,25.3
CeeDee Lamb,DAL,WR,2022,3,22.7
Saquon Barkley,NYG,RB,2022,3,22.6
A.J. Brown,PHI,WR,2022,3,19.5
Travis Kelce,KC,TE,2022,3,17.9
Patrick Mahomes,KC,QB,2022,3,17.1
Davante Adams,LV,WR,2022,3,14.2
Christian McCaffrey,CAR,RB,2022,3,13.5
Amon-Ra St. Brown,DET,WR,2022,3,13.3
Ja'Marr Chase,CIN,WR,2022,3,12.7
George Kittle,SF,TE,2022,3,6.8
Tyreek Hill,MIA,WR,2022,3,5.3
Justin Jefferson,MIN,WR,2022,3,4.4
Justin Jefferson,MIN,WR,2022,4,31
Tyreek Hill,MIA,WR,2022,4,25.9
Christian McCaffrey,CAR,RB,2022,4,25.8
Travis Kelce,KC,TE,2022,4,24.2
Derrick Henry,TEN,RB,2022,4,23.7
Josh Allen,BUF,QB,2022,4,23.5
Patrick Mahomes,KC,QB,2022,4,23.4
CeeDee Lamb,DAL,WR,2022,4,21.7
Davante Adams,LV,WR,2022,4,19.5
Saquon Barkley,NYG,RB,2022,4,18.2
Jalen Hurts,PHI,QB,2022,4,16
A.J. Brown,PHI,WR,2022,4,14.5
Lamar Jackson,BAL,QB,2022,4,13.1
Ja'Marr Chase,CIN,WR,2022,4,12.1
George Kittle,SF,TE,2022,4,4.4
Josh Allen,BUF,QB,2022,5,35.2
Travis Kelce,KC,TE,2022,5,33.5
Patrick Mahomes,KC,QB,2022,5,30.5
Justin Jefferson,MIN,WR,2022,5,30.3
Jalen Hurts,PHI,QB,2022,5,27.7
Davante Adams,LV,WR,2022,5,27.4
Derrick Henry,TEN,RB,2022,5,27.2
Christian McCaffrey,CAR,RB,2022,5,23.4
Saquon Barkley,NYG,RB,2022,5,19.6
Lamar Jackson,BAL,QB,2022,5,14.8
Tyreek Hill,MIA,WR,2022,5,13
Ja'Marr Chase,CIN,WR,2022,5,12
CeeDee Lamb,DAL,WR,2022,5,10.3
George Kittle,SF,TE,2022,5,7.7
A.J. Brown,PHI,WR,2022,5,6.2
Amon-Ra St. Brown,DET,WR,2022,5,5.8
Ja'Marr Chase,CIN,WR,2022,6,32.2
Tyreek Hill,MIA,WR,2022,6,29.7
Josh Allen,BUF,QB,2022,6,26.4
Christian McCaffrey,CAR,RB,2022,6,22.8
Patrick Mahomes,KC,QB,2022,6,19.6
Travis Kelce,KC,TE,2022,6,19.2
Saquon Barkley,NYG,RB,2022,6,18.5
A.J. Brown,PHI,WR,2022,6,17.7
Jalen Hurts,PHI,QB,2022,6,16.9
Justin Jefferson,MIN,WR,2022,6,16.7
George Kittle,SF,TE,2022,6,16.3
Lamar Jackson,BAL,QB,2022,6,16.1
CeeDee Lamb,DAL,WR,2022,6,12.7
Ja'Marr Chase,CIN,WR,2022,7,33
Patrick Mahomes,KC,QB,2022,7,26.9
George Kittle,SF,TE,2022,7,21.8
Davante Adams,LV,WR,2022,7,17.5
Saquon Barkley,NYG,RB,2022,7,17.5
Derrick Henry,TEN,RB,2022,7,16.8
Travis Kelce,KC,TE,2022,7,15.8
Tyreek Hill,MIA,WR,2022,7,14.2
Lamar Jackson,BAL,QB,2022,7,10.7
CeeDee Lamb,DAL,WR,2022,7,10.6
Christian McCaffrey,SF,RB,2022,7,8.2
Amon-Ra St. Brown,DET,WR,2022,7,1.4
Christian McCaffrey,SF,RB,2022,8,40.3
A.J. Brown,PHI,WR,2022,8,39.6
Derrick Henry,TEN,RB,2022,8,35.8
Tyreek Hill,MIA,WR,2022,8,31.5
Jalen Hurts,PHI,QB,2022,8,28.4
Lamar Jackson,BAL,QB,2022,8,21.8
CeeDee Lamb,DAL,WR,2022,8,18.8
Josh Allen,BUF,QB,2022,8,17.6
Justin Jefferson,MIN,WR,2022,8,15.8
Saquon Barkley,NYG,RB,2022,8,15.2
Amon-Ra St. Brown,DET,WR,2022,8,13.9
George Kittle,SF,TE,2022,8,12.9
Davante Adams,LV,WR,2022,8,1.2
Davante Adams,LV,WR,2022,9,36.6
Patrick Mahomes,KC,QB,2022,9,34.1
Tyreek Hill,MIA,WR,2022,9,27.3
Justin Jefferson,MIN,WR,2022,9,25.5
Josh Allen,BUF,QB,2022,9,24.8
Derrick Henry,TEN,RB,2022,9,23.5
Travis Kelce,KC,TE,2022,9,20.6
Jalen Hurts,PHI,QB,2022,9,20
Lamar Jackson,BAL,QB,2022,9,17.5
A.J. Brown,PHI,WR,2022,9,15.9
Amon-Ra St. Brown,DET,WR,2022,9,9.5
CeeDee Lamb,DAL,WR,2022,10,38
Justin Jefferson,MIN,WR,2022,10,35.3
Patrick Mahomes,KC,QB,2022,10,31.1
Davante Adams,LV,WR,2022,10,27.6
Saquon Barkley,NYG,RB,2022,10,23
Amon-Ra St. Brown,DET,WR,2022,10,22.1
Jalen Hurts,PHI,QB,2022,10,21.8
Travis Kelce,KC,TE,2022,10,20.1
Josh Allen,BUF,QB,2022,10,19.6
Christian McCaffrey,SF,RB,2022,10,17.7
Tyreek Hill,MIA,WR,2022,10,15.4
Derrick Henry,TEN,RB,2022,10,8.7
George Kittle,SF,TE,2022,10,3.1
A.J. Brown,PHI,WR,2022,10,1.7
Travis Kelce,KC,TE,2022,11,35.5
Davante Adams,LV,WR,2022,11,33.1
Patrick Mahomes,KC,QB,2022,11,27.5
Derrick Henry,TEN,RB,2022,11,25.4
George Kittle,SF,TE,2022,11,24.4
Jalen Hurts,PHI,QB,2022,11,24.2
Christian McCaffrey,SF,RB,2022,11,17.6
Lamar Jackson,BAL,QB,2022,11,15.5
Amon-Ra St. Brown,DET,WR,2022,11,15
Josh Allen,BUF,QB,2022,11,12.6
CeeDee Lamb,DAL,WR,2022,11,9.5
A.J. Brown,PHI,WR,2022,11,9
Justin Jefferson,MIN,WR,2022,11,6.3
Saquon Barkley,NYG,RB,2022,11,5.5
Josh Allen,BUF,QB,2022,12,29.9
Jalen Hurts,PHI,QB,2022,12,29.8
Justin Jefferson,MIN,WR,2022,12,29.3
Amon-Ra St. Brown,DET,WR,2022,12,27.9
Lamar Jackson,BAL,QB,2022,12,23.1
Patrick Mahomes,KC,QB,2022,12,18.4
CeeDee Lamb,DAL,WR,2022,12,17.7
Travis Kelce,KC,TE,2022,12,15.7
Saquon Barkley,NYG,RB,2022,12,15.2
Tyreek Hill,MIA,WR,2022,12,15
Derrick Henry,TEN,RB,2022,12,14.7
Davante Adams,LV,WR,2022,12,14.4
A.J. Brown,PHI,WR,2022,12,12.6
Christian McCaffrey,SF,RB,2022,12,8.9
George Kittle,SF,TE,2022,12,5.6
Davante Adams,LV,WR,2022,13,37.7
Amon-Ra St. Brown,DET,WR,2022,13,34.6
Jalen Hurts,PHI,QB,2022,13,34.4
A.J. Brown,PHI,WR,2022,13,31.9
Tyreek Hill,MIA,WR,2022,13,29.6
Christian McCaffrey,SF,RB,2022,13,28.6
CeeDee Lamb,DAL,WR,2022,13,20.4
Patrick Mahomes,KC,QB,2022,13,19.8
Saquon Barkley,NYG,RB,2022,13,19.1
Justin Jefferson,MIN,WR,2022,13,18.6
Josh Allen,BUF,QB,2022,13,16.9
Ja'Marr Chase,CIN,WR,2022,13,16.7
Travis Kelce,KC,TE,2022,13,7.6
Derrick Henry,TEN,RB,2022,13,5.8
George Kittle,SF,TE,2022,13,4.2
Lamar Jackson,BAL,QB,2022,13,1.3
Justin Jefferson,MIN,WR,2022,14,33.3
Jalen Hurts,PHI,QB,2022,14,30.4
Christian McCaffrey,SF,RB,2022,14,29.3
Ja'Marr Chase,CIN,WR,2022,14,28.5
Josh Allen,BUF,QB,2022,14,20.6
Derrick Henry,TEN,RB,2022,14,20.5
Patrick Mahomes,KC,QB,2022,14,19.8
Tyreek Hill,MIA,WR,2022,14,18.1
A.J. Brown,PHI,WR,2022,14,17
Amon-Ra St. Brown,DET,WR,2022,14,13.4
Travis Kelce,KC,TE,2022,14,11.1
Davante Adams,LV,WR,2022,14,10.1
CeeDee Lamb,DAL,WR,2022,14,8.3
George Kittle,SF,TE,2022,14,6.8
Saquon Barkley,NYG,RB,2022,14,6.8
Josh Allen,BUF,QB,2022,15,35.9
Jalen Hurts,PHI,QB,2022,15,34.7
Patrick Mahomes,KC,QB,2022,15,32.7
Justin Jefferson,MIN,WR,2022,15,30.3
A.J. Brown,PHI,WR,2022,15,27.1
Derrick Henry,TEN,RB,2022,15,26.3
Christian McCaffrey,SF,RB,2022,15,25.8
George Kittle,SF,TE,2022,15,25.3
Saquon Barkley,NYG,RB,2022,15,23
Tyreek Hill,MIA,WR,2022,15,21.9
Travis Kelce,KC,TE,2022,15,20.5
CeeDee Lamb,DAL,WR,2022,15,19.7
Ja'Marr Chase,CIN,WR,2022,15,19
Amon-Ra St. Brown,DET,WR,2022,15,15.2
Davante Adams,LV,WR,2022,15,6.8
CeeDee Lamb,DAL,WR,2022,16,34
Justin Jefferson,MIN,WR,2022,16,31.3
George Kittle,SF,TE,2022,16,30
Saquon Barkley,NYG,RB,2022,16,27.3
Patrick Mahomes,KC,QB,2022,16,23.8
Josh Allen,BUF,QB,2022,16,23
Derrick Henry,TEN,RB,2022,16,18.6
Travis Kelce,KC,TE,2022,16,17.3
A.J. Brown,PHI,WR,2022,16,16.3
Amon-Ra St. Brown,DET,WR,2022,16,14.6
Tyreek Hill,MIA,WR,2022,16,14.3
Ja'Marr Chase,CIN,WR,2022,16,13.9
Christian McCaffrey,SF,RB,2022,16,13.8
Davante Adams,LV,WR,2022,16,3.5
Davante Adams,LV,WR,2022,17,34.3
Christian McCaffrey,SF,RB,2022,17,31.3
Patrick Mahomes,KC,QB,2022,17,25.5
CeeDee Lamb,DAL,WR,2022,17,21
A.J. Brown,PHI,WR,2022,17,19.7
Tyreek Hill,MIA,WR,2022,17,15.7
George Kittle,SF,TE,2022,17,12.3
Travis Kelce,KC,TE,2022,17,11.3
Amon-Ra St. Brown,DET,WR,2022,17,10.2
Saquon Barkley,NYG,RB,2022,17,7.3
Justin Jefferson,MIN,WR,2022,17,2.5
Ja'Marr Chase,CIN,WR,2022,18,22.6
Josh Allen,BUF,QB,2022,18,21.8
George Kittle,SF,TE,2022,18,18.9
Christian McCaffrey,SF,RB,2022,18,16.9
CeeDee Lamb,DAL,WR,2022,18,16.2
Patrick Mahomes,KC,QB,2022,18,15
Derrick Henry,TEN,RB,2022,18,13.8
A.J. Brown,PHI,WR,2022,18,13.5
Davante Adams,LV,WR,2022,18,12.3
Amon-Ra St. Brown,DET,WR,2022,18,10.9
Travis Kelce,KC,TE,2022,18,9.8
Jalen Hurts,PHI,QB,2022,18,8.5
Justin Jefferson,MIN,WR,2022,18,7.8
Tyreek Hill,MIA,WR,2022,18,4.3
Tyreek Hill,MIA,WR,2023,1,44.5
Christian McCaffrey,SF,RB,2023,1,25.9
Justin Jefferson,MIN,WR,2023,1,24
Puka Nacua,LA,WR,2023,1,21.9
Bijan Robinson,ATL,RB,2023,1,20.3
Patrick Mahomes,KC,QB,2023,1,19.5
Amon-Ra St. Brown,DET,WR,2023,1,19.1
A.J. Brown,PHI,WR,2023,1,14.9
Derrick Henry,TEN,RB,2023,1,13.9
Davante Adams,LV,WR,2023,1,12.6
Jalen Hurts,PHI,QB,2023,1,12.5
CeeDee Lamb,DAL,WR,2023,1,11.7
Saquon Barkley,NYG,RB,2023,1,9.3
Ja'Marr Chase,CIN,WR,2023,1,9.1
Josh Allen,BUF,QB,2023,1,9
Sam LaPorta,DET,TE,2023,1,8.9
Jahmyr Gibbs,DET,RB,2023,1,8
Lamar Jackson,BAL,QB,2023,1,6.6
George Kittle,SF,TE,2023,1,4.9
Puka Nacua,LA,WR,2023,2,30.1
Saquon Barkley,NYG,RB,2023,2,27.2
CeeDee Lamb,DAL,WR,2023,2,25.3
Jalen Hurts,PHI,QB,2023,2,25.2
Justin Jefferson,MIN,WR,2023,2,24.9
Josh Allen,BUF,QB,2023,2,23.7
Lamar Jackson,BAL,QB,2023,2,22.9
Christian McCaffrey,SF,RB,2023,2,22.5
Bijan Robinson,ATL,RB,2023,2,21.2
Patrick Mahomes,KC,QB,2023,2,21.2
Davante Adams,LV,WR,2023,2,20.4
Derrick Henry,TEN,RB,2023,2,18.5
Tyreek Hill,MIA,WR,2023,2,15
Amon-Ra St. Brown,DET,WR,2023,2,14.2
Jahmyr Gibbs,DET,RB,2023,2,12.6
Travis Kelce,KC,TE,2023,2,12.6
Sam LaPorta,DET,TE,2023,2,11.3
Ja'Marr Chase,CIN,WR,2023,2,8.1
A.J. Brown,PHI,WR,2023,2,6.9
George Kittle,SF,TE,2023,2,6
Davante Adams,LV,WR,2023,3,42.2
Tyreek Hill,MIA,WR,2023,3,30.7
Lamar Jackson,BAL,QB,2023,3,28.2
Justin Jefferson,MIN,WR,2023,3,27.9
Ja'Marr Chase,CIN,WR,2023,3,26.1
Patrick Mahomes,KC,QB,2023,3,25.7
Christian McCaffrey,SF,RB,2023,3,22.9
Sam LaPorta,DET,TE,2023,3,22.4
A.J. Brown,PHI,WR,2023,3,22.1
Josh Allen,BUF,QB,2023,3,21.3
Jalen Hurts,PHI,QB,2023,3,19.9
Travis Kelce,KC,TE,2023,3,19.9
Amon-Ra St. Brown,DET,WR,2023,3,19.6
George Kittle,SF,TE,2023,3,16
Puka Nacua,LA,WR,2023,3,12.2
CeeDee Lamb,DAL,WR,2023,3,10.2
Bijan Robinson,ATL,RB,2023,3,10
Jahmyr Gibbs,DET,RB,2023,3,9.2
Derrick Henry,TEN,RB,2023,3,2
Christian McCaffrey,SF,RB,2023,4,48.7
A.J. Brown,PHI,WR,2023,4,38.5
Josh Allen,BUF,QB,2023,4,36.5
Puka Nacua,LA,WR,2023,4,31.3
Lamar Jackson,BAL,QB,2023,4,28.1
Justin Jefferson,MIN,WR,2023,4,26.5
Derrick Henry,TEN,RB,2023,4,24.4
Jalen Hurts,PHI,QB,2023,4,24.2
Bijan Robinson,ATL,RB,2023,4,18.7
Amon-Ra St. Brown,DET,WR,2023,4,16.6
Davante Adams,LV,WR,2023,4,15.5
CeeDee Lamb,DAL,WR,2023,4,14.8
Ja'Marr Chase,CIN,WR,2023,4,14.3
Patrick Mahomes,KC,QB,2023,4,13.2
Travis Kelce,KC,TE,2023,4,12
Tyreek Hill,MIA,WR,2023,4,10.2
Sam LaPorta,DET,TE,2023,4,9.6
Jahmyr Gibbs,DET,RB,2023,4,9.1
George Kittle,SF,TE,2023,4,1.9
Ja'Marr Chase,CIN,WR,2023,5,52.2
Tyreek Hill,MIA,WR,2023,5,32.1
Josh Allen,BUF,QB,2023,5,27.8
George Kittle,SF,TE,2023,5,27.7
Jalen Hurts,PHI,QB,2023,5,27.3
Travis Kelce,KC,TE,2023,5,22.7
Puka Nacua,LA,WR,2023,5,20.1
Sam LaPorta,DET,TE,2023,5,19.7
Patrick Mahomes,KC,QB,2023,5,19.2
A.J. Brown,PHI,WR,2023,5,18.7
Christian McCaffrey,SF,RB,2023,5,13.8
Bijan Robinson,ATL,RB,2023,5,11.8
Lamar Jackson,BAL,QB,2023,5,9.9
Derrick Henry,TEN,RB,2023,5,9.2
CeeDee Lamb,DAL,WR,2023,5,8.9
Davante Adams,LV,WR,2023,5,8.5
Justin Jefferson,MIN,WR,2023,5,5.8
Amon-Ra St. Brown,DET,WR,2023,6,30.4
Tyreek Hill,MIA,WR,2023,6,28.3
Travis Kelce,KC,TE,2023,6,21.4
A.J. Brown,PHI,WR,2023,6,20.1
Jalen Hurts,PHI,QB,2023,6,19.9
Derrick Henry,TEN,RB,2023,6,19.3
CeeDee Lamb,DAL,WR,2023,6,18.7
Patrick Mahomes,KC,QB,2023,6,17.3
Lamar Jackson,BAL,QB,2023,6,17.1
Christian McCaffrey,SF,RB,2023,6,14.2
Ja'Marr Chase,CIN,WR,2023,6,14
Josh Allen,BUF,QB,2023,6,13.9
Saquon Barkley,NYG,RB,2023,6,13.8
Bijan Robinson,ATL,RB,2023,6,13
Sam LaPorta,DET,TE,2023,6,7.6
Puka Nacua,LA,WR,2023,6,6.6
Davante Adams,LV,WR,2023,6,4.9
George Kittle,SF,TE,2023,6,1.1
Travis Kelce,KC,TE,2023,7,35.9
Lamar Jackson,BAL,QB,2023,7,33.9
Patrick Mahomes,KC,QB,2023,7,33.9
A.J. Brown,PHI,WR,2023,7,29.7
Jahmyr Gibbs,DET,RB,2023,7,27.6
Tyreek Hill,MIA,WR,2023,7,25.8
Josh Allen,BUF,QB,2023,7,24.3
Puka Nacua,LA,WR,2023,7,23.4
Jalen Hurts,PHI,QB,2023,7,23.3
Amon-Ra St. Brown,DET,WR,2023,7,23.2
Christian McCaffrey,SF,RB,2023,7,22.6
Saquon Barkley,NYG,RB,2023,7,18.8
George Kittle,SF,TE,2023,7,13
Davante Adams,LV,WR,2023,7,12.7
Sam LaPorta,DET,TE,2023,7,11.2
Bijan Robinson,ATL,RB,2023,7,0.3
CeeDee Lamb,DAL,WR,2023,8,41
A.J. Brown,PHI,WR,2023,8,33
Jahmyr Gibbs,DET,RB,2023,8,29.9
Christian McCaffrey,SF,RB,2023,8,29.8
Josh Allen,BUF,QB,2023,8,29.1
Jalen Hurts,PHI,QB,2023,8,27.4
Ja'Marr Chase,CIN,WR,2023,8,25.2
Tyreek Hill,MIA,WR,2023,8,25.2
George Kittle,SF,TE,2023,8,23.9
Sam LaPorta,DET,TE,2023,8,19.7
Amon-Ra St. Brown,DET,WR,2023,8,16.8
Derrick Henry,TEN,RB,2023,8,16.2
Saquon Barkley,NYG,RB,2023,8,15.8
Bijan Robinson,ATL,RB,2023,8,12.2
Lamar Jackson,BAL,QB,2023,8,12
Travis Kelce,KC,TE,2023,8,11.8
Puka Nacua,LA,WR,2023,8,7.3
Patrick Mahomes,KC,QB,2023,8,5.6
Davante Adams,LV,WR,2023,8,2.1
CeeDee Lamb,DAL,WR,2023,9,28.1
Jalen Hurts,PHI,QB,2023,9,25.9
Josh Allen,BUF,QB,2023,9,24.7
A.J. Brown,PHI,WR,2023,9,19.6
Derrick Henry,TEN,RB,2023,9,19.2
Patrick Mahomes,KC,QB,2023,9,15.8
Saquon Barkley,NYG,RB,2023,9,14.3
Tyreek Hill,MIA,WR,2023,9,12.5
Lamar Jackson,BAL,QB,2023,9,11.5
Ja'Marr Chase,CIN,WR,2023,9,8.1
Davante Adams,LV,WR,2023,9,7.4
Puka Nacua,LA,WR,2023,9,6.2
Bijan Robinson,ATL,RB,2023,9,5.9
Travis Kelce,KC,TE,2023,9,4.4
CeeDee Lamb,DAL,WR,2023,10,39.5
Amon-Ra St. Brown,DET,WR,2023,10,30.5
Jahmyr Gibbs,DET,RB,2023,10,26.2
Ja'Marr Chase,CIN,WR,2023,10,23.4
George Kittle,SF,TE,2023,10,20.6
Christian McCaffrey,SF,RB,2023,10,20.2
Bijan Robinson,ATL,RB,2023,10,17.6
Davante Adams,LV,WR,2023,10,14.6
Josh Allen,BUF,QB,2023,10,14.4
Lamar Jackson,BAL,QB,2023,10,13
Sam LaPorta,DET,TE,2023,10,8
Saquon Barkley,NYG,RB,2023,10,7.1
Derrick Henry,TEN,RB,2023,10,3
Tyreek Hill,MIA,WR,2023,11,30.6
Saquon Barkley,NYG,RB,2023,11,30
Lamar Jackson,BAL,QB,2023,11,24
George Kittle,SF,TE,2023,11,22.9
Josh Allen,BUF,QB,2023,11,22.5
Amon-Ra St. Brown,DET,WR,2023,11,21.7
Jahmyr Gibbs,DET,RB,2023,11,21.5
Christian McCaffrey,SF,RB,2023,11,21.3
Davante Adams,LV,WR,2023,11,21.2
Jalen Hurts,PHI,QB,2023,11,18.9
Puka Nacua,LA,WR,2023,11,18.7
Patrick Mahomes,KC,QB,2023,11,16.9
CeeDee Lamb,DAL,WR,2023,11,16.5
Travis Kelce,KC,TE,2023,11,15.4
Ja'Marr Chase,CIN,WR,2023,11,9.2
Sam LaPorta,DET,TE,2023,11,6.8
Derrick Henry,TEN,RB,2023,11,5.4
A.J. Brown,PHI,WR,2023,11,1.8
Josh Allen,BUF,QB,2023,12,39.7
Jalen Hurts,PHI,QB,2023,12,34.5
Christian McCaffrey,SF,RB,2023,12,30.9
Bijan Robinson,ATL,RB,2023,12,27.3
Tyreek Hill,MIA,WR,2023,12,25.4
Patrick Mahomes,KC,QB,2023,12,20.8
Derrick Henry,TEN,RB,2023,12,20.6
Amon-Ra St. Brown,DET,WR,2023,12,18.5
Sam LaPorta,DET,TE,2023,12,17.7
CeeDee Lamb,DAL,WR,2023,12,17.3
Travis Kelce,KC,TE,2023,12,15.1
Lamar Jackson,BAL,QB,2023,12,15
A.J. Brown,PHI,WR,2023,12,14.7
Davante Adams,LV,WR,2023,12,12.3
Ja'Marr Chase,CIN,WR,2023,12,12.1
Jahmyr Gibbs,DET,RB,2023,12,11.3
Puka Nacua,LA,WR,2023,12,6.7
Saquon Barkley,NYG,RB,2023,12,6.2
George Kittle,SF,TE,2023,12,4.9
CeeDee Lamb,DAL,WR,2023,13,32.6
Tyreek Hill,MIA,WR,2023,13,32.3
Ja'Marr Chase,CIN,WR,2023,13,31.6
Sam LaPorta,DET,TE,2023,13,29
Derrick Henry,TEN,RB,2023,13,25
Jalen Hurts,PHI,QB,2023,13,23.9
Puka Nacua,LA,WR,2023,13,23.9
Christian McCaffrey,SF,RB,2023,13,22.3
A.J. Brown,PHI,WR,2023,13,19.4
Patrick Mahomes,KC,QB,2023,13,13
Amon-Ra St. Brown,DET,WR,2023,13,12.9
Travis Kelce,KC,TE,2023,13,12.1
Bijan Robinson,ATL,RB,2023,13,10.9
George Kittle,SF,TE,2023,13,10.8
Jahmyr Gibbs,DET,RB,2023,13,6.4
Lamar Jackson,BAL,QB,2023,14,31.6
Saquon Barkley,NYG,RB,2023,14,23.1
Josh Allen,BUF,QB,2023,14,20.5
Bijan Robinson,ATL,RB,2023,14,19.8
CeeDee Lamb,DAL,WR,2023,14,19.1
Derrick Henry,TEN,RB,2023,14,18.1
Jahmyr Gibbs,DET,RB,2023,14,17.2
George Kittle,SF,TE,2023,14,16.6
A.J. Brown,PHI,WR,2023,14,16.4
Christian McCaffrey,SF,RB,2023,14,16.3
Travis Kelce,KC,TE,2023,14,14.3
Puka Nacua,LA,WR,2023,14,14
Patrick Mahomes,KC,QB,2023,14,13.6
Davante Adams,LV,WR,2023,14,12.3
Tyreek Hill,MIA,WR,2023,14,10.1
Jalen Hurts,PHI,QB,2023,14,8.9
Ja'Marr Chase,CIN,WR,2023,14,5.9
Amon-Ra St. Brown,DET,WR,2023,14,5.1
Justin Jefferson,MIN,WR,2023,14,4.7
Sam LaPorta,DET,TE,2023,14,4.7
Christian McCaffrey,SF,RB,2023,15,41.7
Sam LaPorta,DET,TE,2023,15,28.6
Jahmyr Gibbs,DET,RB,2023,15,24.8
Amon-Ra St. Brown,DET,WR,2023,15,24.2
Davante Adams,LV,WR,2023,15,24.1
Jalen Hurts,PHI,QB,2023,15,21.9
CeeDee Lamb,DAL,WR,2023,15,18.6
Lamar Jackson,BAL,QB,2023,15,18.5
Josh Allen,BUF,QB,2023,15,16.2
Patrick Mahomes,KC,QB,2023,15,15.7
Justin Jefferson,MIN,WR,2023,15,15.4
A.J. Brown,PHI,WR,2023,15,10.6
Ja'Marr Chase,CIN,WR,2023,15,10.4
Puka Nacua,LA,WR,2023,15,10.3
Travis Kelce,KC,TE,2023,15,7.8
George Kittle,SF,TE,2023,15,7.4
Saquon Barkley,NYG,RB,2023,15,5.7
Derrick Henry,TEN,RB,2023,15,5
Bijan Robinson,ATL,RB,2023,15,0.4
Puka Nacua,LA,WR,2023,16,33
Amon-Ra St. Brown,DET,WR,2023,16,28.6
Justin Jefferson,MIN,WR,2023,16,26.1
CeeDee Lamb,DAL,WR,2023,16,25.2
Christian McCaffrey,SF,RB,2023,16,25.1
Josh Allen,BUF,QB,2023,16,25
Jahmyr Gibbs,DET,RB,2023,16,24
Jalen Hurts,PHI,QB,2023,16,23.4
Lamar Jackson,BAL,QB,2023,16,22.6
Derrick Henry,TEN,RB,2023,16,21.4
George Kittle,SF,TE,2023,16,19.6
Saquon Barkley,NYG,RB,2023,16,19.4
Bijan Robinson,ATL,RB,2023,16,19.2
Tyreek Hill,MIA,WR,2023,16,18.9
Patrick Mahomes,KC,QB,2023,16,16.7
A.J. Brown,PHI,WR,2023,16,14
Travis Kelce,KC,TE,2023,16,9.4
Sam LaPorta,DET,TE,2023,16,4.8
Davante Adams,LV,WR,2023,16,1.4
CeeDee Lamb,DAL,WR,2023,17,40.2
Davante Adams,LV,WR,2023,17,37.6
Lamar Jackson,BAL,QB,2023,17,36.3
Amon-Ra St. Brown,DET,WR,2023,17,22.1
Josh Allen,BUF,QB,2023,17,21.2
Jalen Hurts,PHI,QB,2023,17,19.2
Puka Nacua,LA,WR,2023,17,18.7
Sam LaPorta,DET,TE,2023,17,15.4
Tyreek Hill,MIA,WR,2023,17,13.6
Christian McCaffrey,SF,RB,2023,17,13.1
Patrick Mahomes,KC,QB,2023,17,12
Bijan Robinson,ATL,RB,2023,17,11.6
Justin Jefferson,MIN,WR,2023,17,10.9
A.J. Brown,PHI,WR,2023,17,9.3
Saquon Barkley,NYG,RB,2023,17,8.8
Ja'Marr Chase,CIN,WR,2023,17,7.1
George Kittle,SF,TE,2023,17,5.9
Jahmyr Gibbs,DET,RB,2023,17,5.3
Travis Kelce,KC,TE,2023,17,4.6
Derrick Henry,TEN,RB,2023,17,4.2
Justin Jefferson,MIN,WR,2023,18,36
CeeDee Lamb,DAL,WR,2023,18,35.5
Amon-Ra St. Brown,DET,WR,2023,18,27.4
Bijan Robinson,ATL,RB,2023,18,26.1
Saquon Barkley,NYG,RB,2023,18,23.7
Josh Allen,BUF,QB,2023,18,23.1
Derrick Henry,TEN,RB,2023,18,21.3
Tyreek Hill,MIA,WR,2023,18,21.2
Davante Adams,LV,WR,2023,18,15.6
Puka Nacua,LA,WR,2023,18,14.1
Sam LaPorta,DET,TE,2023,18,13.9
Jahmyr Gibbs,DET,RB,2023,18,9
Ja'Marr Chase,CIN,WR,2023,18,5.9
Jalen Hurts,PHI,QB,2023,18,0.6
A.J. Brown,PHI,WR,2023,18,-0.1
Saquon Barkley,PHI,RB,2024,1,33.2
Josh Allen,BUF,QB,2024,1,31.2
Tyreek Hill,MIA,WR,2024,1,26
Lamar Jackson,BAL,QB,2024,1,25.1
A.J. Brown,PHI,WR,2024,1,22.9
Jahmyr Gibbs,DET,RB,2024,1,17.4
Jalen Hurts,PHI,QB,2024,1,16.4
Bijan Robinson,ATL,RB,2024,1,16.1
Justin Jefferson,MIN,WR,2024,1,15.9
Patrick Mahomes,KC,QB,2024,1,15.1
CeeDee Lamb,DAL,WR,2024,1,13.6
Ja'Marr Chase,CIN,WR,2024,1,12.2
Davante Adams,LV,WR,2024,1,10.9
Derrick Henry,BAL,RB,2024,1,10.6
Sam LaPorta,DET,TE,2024,1,8.5
Puka Nacua,LA,WR,2024,1,8.2
George Kittle,SF,TE,2024,1,8
Travis Kelce,KC,TE,2024,1,6.4
Amon-Ra St. Brown,DET,WR,2024,1,4.3
Davante Adams,LV,WR,2024,2,26
Jalen Hurts,PHI,QB,2024,2,23.8
Justin Jefferson,MIN,WR,2024,2,23.3
Amon-Ra St. Brown,DET,WR,2024,2,22.9
George Kittle,SF,TE,2024,2,20.6
CeeDee Lamb,DAL,WR,2024,2,19
Jahmyr Gibbs,DET,RB,2024,2,17.6
Saquon Barkley,PHI,RB,2024,2,17.6
Derrick Henry,BAL,RB,2024,2,16.6
Lamar Jackson,BAL,QB,2024,2,16.4
Bijan Robinson,ATL,RB,2024,2,16.2
Patrick Mahomes,KC,QB,2024,2,12.9
Josh Allen,BUF,QB,2024,2,9.8
Ja'Marr Chase,CIN,WR,2024,2,7.5
Tyreek Hill,MIA,WR,2024,2,6.6
Sam LaPorta,DET,TE,2024,2,3.3
Travis Kelce,KC,TE,2024,2,1.6
Saquon Barkley,PHI,RB,2024,3,33.6
Josh Allen,BUF,QB,2024,3,30.9
Derrick Henry,BAL,RB,2024,3,30.4
Ja'Marr Chase,CIN,WR,2024,3,29.8
Lamar Jackson,BAL,QB,2024,3,26
Amon-Ra St. Brown,DET,WR,2024,3,20.5
Justin Jefferson,MIN,WR,2024,3,20.1
Patrick Mahomes,KC,QB,2024,3,16.4
Jahmyr Gibbs,DET,RB,2024,3,16.3
Bijan Robinson,ATL,RB,2024,3,13.2
Jalen Hurts,PHI,QB,2024,3,10.9
CeeDee Lamb,DAL,WR,2024,3,8.7
Davante Adams,LV,WR,2024,3,8
Travis Kelce,KC,TE,2024,3,7
Tyreek Hill,MIA,WR,2024,3,7
Sam LaPorta,DET,TE,2024,3,5.6
Derrick Henry,BAL,RB,2024,4,35.9
CeeDee Lamb,DAL,WR,2024,4,23.6
Lamar Jackson,BAL,QB,2024,4,23.6
Amon-Ra St. Brown,DET,WR,2024,4,20.8
Justin Jefferson,MIN,WR,2024,4,20.5
Jahmyr Gibbs,DET,RB,2024,4,19.8
Ja'Marr Chase,CIN,WR,2024,4,17.5
Jalen Hurts,PHI,QB,2024,4,16.3
Travis Kelce,KC,TE,2024,4,15.9
George Kittle,SF,TE,2024,4,14.5
Saquon Barkley,PHI,RB,2024,4,13.6
Patrick Mahomes,KC,QB,2024,4,13
Bijan Robinson,ATL,RB,2024,4,11.4
Sam LaPorta,DET,TE,2024,4,9.3
Tyreek Hill,MIA,WR,2024,4,8.2
Josh Allen,BUF,QB,2024,4,7.3
Ja'Marr Chase,CIN,WR,2024,5,41.3
Lamar Jackson,BAL,QB,2024,5,33.4
George Kittle,SF,TE,2024,5,20.4
Derrick Henry,BAL,RB,2024,5,16.6
Travis Kelce,KC,TE,2024,5,16
Justin Jefferson,MIN,WR,2024,5,15.2
Josh Allen,BUF,QB,2024,5,14.6
Patrick Mahomes,KC,QB,2024,5,13.4
Tyreek Hill,MIA,WR,2024,5,12.9
CeeDee Lamb,DAL,WR,2024,5,11.4
Bijan Robinson,ATL,RB,2024,5,10.7
Bijan Robinson,ATL,RB,2024,6,25.5
Derrick Henry,BAL,RB,2024,6,25.2
Josh Allen,BUF,QB,2024,6,24.4
A.J. Brown,PHI,WR,2024,6,23.6
George Kittle,SF,TE,2024,6,22.8
Jalen Hurts,PHI,QB,2024,6,21.9
Lamar Jackson,BAL,QB,2024,6,18.9
CeeDee Lamb,DAL,WR,2024,6,16.1
Amon-Ra St. Brown,DET,WR,2024,6,13.7
Ja'Marr Chase,CIN,WR,2024,6,12.2
Sam LaPorta,DET,TE,2024,6,12.2
Jahmyr Gibbs,DET,RB,2024,6,12.1
Saquon Barkley,PHI,RB,2024,6,7.4
Lamar Jackson,BAL,QB,2024,7,34.4
Jahmyr Gibbs,DET,RB,2024,7,32
Saquon Barkley,PHI,RB,2024,7,26.7
Amon-Ra St. Brown,DET,WR,2024,7,25.2
Derrick Henry,BAL,RB,2024,7,25.2
Bijan Robinson,ATL,RB,2024,7,23.3
Jalen Hurts,PHI,QB,2024,7,22.8
Justin Jefferson,MIN,WR,2024,7,21.4
Josh Allen,BUF,QB,2024,7,21
A.J. Brown,PHI,WR,2024,7,19.9
Ja'Marr Chase,CIN,WR,2024,7,17.6
George Kittle,SF,TE,2024,7,15.2
Patrick Mahomes,KC,QB,2024,7,12.1
Davante Adams,NYJ,WR,2024,7,6
Travis Kelce,KC,TE,2024,7,5.7
Sam LaPorta,DET,TE,2024,7,3.5
Tyreek Hill,MIA,WR,2024,7,2.3
CeeDee Lamb,DAL,WR,2024,8,39.6
Jalen Hurts,PHI,QB,2024,8,35.1
Travis Kelce,KC,TE,2024,8,25
George Kittle,SF,TE,2024,8,24.8
Lamar Jackson,BAL,QB,2024,8,24.2
Bijan Robinson,ATL,RB,2024,8,23.6
Ja'Marr Chase,CIN,WR,2024,8,20.4
Jahmyr Gibbs,DET,RB,2024,8,20.3
Josh Allen,BUF,QB,2024,8,19.8
Justin Jefferson,MIN,WR,2024,8,19.5
Patrick Mahomes,KC,QB,2024,8,18.2
Puka Nacua,LA,WR,2024,8,18.1
Sam LaPorta,DET,TE,2024,8,16.8
Derrick Henry,BAL,RB,2024,8,14.7
A.J. Brown,PHI,WR,2024,8,13.4
Tyreek Hill,MIA,WR,2024,8,13.2
Saquon Barkley,PHI,RB,2024,8,12.1
Davante Adams,NYJ,WR,2024,8,9.4
Amon-Ra St. Brown,DET,WR,2024,8,8.7
Saquon Barkley,PHI,RB,2024,9,32.9
Jalen Hurts,PHI,QB,2024,9,29.9
Derrick Henry,BAL,RB,2024,9,26.3
Patrick Mahomes,KC,QB,2024,9,24.5
Lamar Jackson,BAL,QB,2024,9,23.6
Davante Adams,NYJ,WR,2024,9,22.1
Josh Allen,BUF,QB,2024,9,22.1
Travis Kelce,KC,TE,2024,9,22
Justin Jefferson,MIN,WR,2024,9,21.6
Bijan Robinson,ATL,RB,2024,9,21.5
Amon-Ra St. Brown,DET,WR,2024,9,18.6
CeeDee Lamb,DAL,WR,2024,9,16.2
Jahmyr Gibbs,DET,RB,2024,9,14.6
Tyreek Hill,MIA,WR,2024,9,12
Ja'Marr Chase,CIN,WR,2024,9,11.3
A.J. Brown,PHI,WR,2024,9,5.6
Sam LaPorta,DET,TE,2024,9,4.8
Puka Nacua,LA,WR,2024,9,2.1
Ja'Marr Chase,CIN,WR,2024,10,55.4
Lamar Jackson,BAL,QB,2024,10,32.9
Jalen Hurts,PHI,QB,2024,10,29.7
Bijan Robinson,ATL,RB,2024,10,29.4
Travis Kelce,KC,TE,2024,10,20.4
Puka Nacua,LA,WR,2024,10,18.8
Josh Allen,BUF,QB,2024,10,18.2
Amon-Ra St. Brown,DET,WR,2024,10,18
Christian McCaffrey,SF,RB,2024,10,16.7
Patrick Mahomes,KC,QB,2024,10,16.5
A.J. Brown,PHI,WR,2024,10,15.9
Sam LaPorta,DET,TE,2024,10,15.6
George Kittle,SF,TE,2024,10,14.7
Derrick Henry,BAL,RB,2024,10,14.1
Jahmyr Gibbs,DET,RB,2024,10,12.8
Tyreek Hill,MIA,WR,2024,10,11.7
Justin Jefferson,MIN,WR,2024,10,9.8
Davante Adams,NYJ,WR,2024,10,9.1
Saquon Barkley,PHI,RB,2024,10,8.8
CeeDee Lamb,DAL,WR,2024,10,8.4
Amon-Ra St. Brown,DET,WR,2024,11,38.7
Saquon Barkley,PHI,RB,2024,11,33.8
Ja'Marr Chase,CIN,WR,2024,11,26.5
Puka Nacua,LA,WR,2024,11,25.3
Josh Allen,BUF,QB,2024,11,24
Jahmyr Gibbs,DET,RB,2024,11,19.3
Tyreek Hill,MIA,WR,2024,11,19.1
Jalen Hurts,PHI,QB,2024,11,18.7
CeeDee Lamb,DAL,WR,2024,11,18.6
Patrick Mahomes,KC,QB,2024,11,15.8
Lamar Jackson,BAL,QB,2024,11,14.9
Christian McCaffrey,SF,RB,2024,11,14.6
Justin Jefferson,MIN,WR,2024,11,14.1
Davante Adams,NYJ,WR,2024,11,13.2
A.J. Brown,PHI,WR,2024,11,11.5
Derrick Henry,BAL,RB,2024,11,10.5
Bijan Robinson,ATL,RB,2024,11,10.3
Travis Kelce,KC,TE,2024,11,2.8
Saquon Barkley,PHI,RB,2024,12,46.2
Patrick Mahomes,KC,QB,2024,12,28.8
Jahmyr Gibbs,DET,RB,2024,12,24.9
A.J. Brown,PHI,WR,2024,12,22.9
Lamar Jackson,BAL,QB,2024,12,22.6
Puka Nacua,LA,WR,2024,12,20.7
George Kittle,SF,TE,2024,12,20.2
CeeDee Lamb,DAL,WR,2024,12,16.8
Jalen Hurts,PHI,QB,2024,12,15.1
Derrick Henry,BAL,RB,2024,12,14
Amon-Ra St. Brown,DET,WR,2024,12,12.2
Travis Kelce,KC,TE,2024,12,12.2
Tyreek Hill,MIA,WR,2024,12,9.8
Christian McCaffrey,SF,RB,2024,12,7.8
Sam LaPorta,DET,TE,2024,12,4.9
Justin Jefferson,MIN,WR,2024,12,4.7
Josh Allen,BUF,QB,2024,13,28.4
Bijan Robinson,ATL,RB,2024,13,25.5
Lamar Jackson,BAL,QB,2024,13,25.4
Ja'Marr Chase,CIN,WR,2024,13,20.6
Tyreek Hill,MIA,WR,2024,13,20.3
Saquon Barkley,PHI,RB,2024,13,19.7
Davante Adams,NYJ,WR,2024,13,17.6
Jalen Hurts,PHI,QB,2024,13,17.6
Puka Nacua,LA,WR,2024,13,17.3
Justin Jefferson,MIN,WR,2024,13,16.9
Patrick Mahomes,KC,QB,2024,13,16.6
Sam LaPorta,DET,TE,2024,13,15.6
Derrick Henry,BAL,RB,2024,13,14.1
Travis Kelce,KC,TE,2024,13,13.8
Amon-Ra St. Brown,DET,WR,2024,13,12.3
A.J. Brown,PHI,WR,2024,13,11.6
Jahmyr Gibbs,DET,RB,2024,13,10.4
Christian McCaffrey,SF,RB,2024,13,8.7
CeeDee Lamb,DAL,WR,2024,13,5.9
George Kittle,SF,TE,2024,13,1.7
Josh Allen,BUF,QB,2024,14,51.9
Ja'Marr Chase,CIN,WR,2024,14,45.1
Puka Nacua,LA,WR,2024,14,41.8
Justin Jefferson,MIN,WR,2024,14,32.2
Tyreek Hill,MIA,WR,2024,14,28.1
Davante Adams,NYJ,WR,2024,14,25.9
Jalen Hurts,PHI,QB,2024,14,24.2
CeeDee Lamb,DAL,WR,2024,14,21.4
George Kittle,SF,TE,2024,14,21.1
Bijan Robinson,ATL,RB,2024,14,20.1
Jahmyr Gibbs,DET,RB,2024,14,19.3
Saquon Barkley,PHI,RB,2024,14,14.4
Patrick Mahomes,KC,QB,2024,14,14.1
Sam LaPorta,DET,TE,2024,14,10.4
Amon-Ra St. Brown,DET,WR,2024,14,10.3
Travis Kelce,KC,TE,2024,14,9.5
A.J. Brown,PHI,WR,2024,14,8.3
Davante Adams,NYJ,WR,2024,15,42.8
Josh Allen,BUF,QB,2024,15,41.3
Amon-Ra St. Brown,DET,WR,2024,15,37.3
Lamar Jackson,BAL,QB,2024,15,36.1
Jahmyr Gibbs,DET,RB,2024,15,28.4
Jalen Hurts,PHI,QB,2024,15,28.1
CeeDee Lamb,DAL,WR,2024,15,26.6
A.J. Brown,PHI,WR,2024,15,25
Justin Jefferson,MIN,WR,2024,15,20.3
Ja'Marr Chase,CIN,WR,2024,15,18.4
Sam LaPorta,DET,TE,2024,15,18.1
Puka Nacua,LA,WR,2024,15,17.8
Patrick Mahomes,KC,QB,2024,15,15.8
Bijan Robinson,ATL,RB,2024,15,14.5
George Kittle,SF,TE,2024,15,10.1
Saquon Barkley,PHI,RB,2024,15,9.4
Derrick Henry,BAL,RB,2024,15,6.7
Travis Kelce,KC,TE,2024,15,6.7
Tyreek Hill,MIA,WR,2024,15,5.6
Justin Jefferson,MIN,WR,2024,16,36.4
Saquon Barkley,PHI,RB,2024,16,27
Jahmyr Gibbs,DET,RB,2024,16,25.4
Bijan Robinson,ATL,RB,2024,16,24.3
A.J. Brown,PHI,WR,2024,16,23.7
Patrick Mahomes,KC,QB,2024,16,23.7
Ja'Marr Chase,CIN,WR,2024,16,22.4
Derrick Henry,BAL,RB,2024,16,20.9
Lamar Jackson,BAL,QB,2024,16,20.5
Davante Adams,NYJ,WR,2024,16,19.8
Amon-Ra St. Brown,DET,WR,2024,16,19
George Kittle,SF,TE,2024,16,18.6
CeeDee Lamb,DAL,WR,2024,16,17.5
Sam LaPorta,DET,TE,2024,16,14.3
Puka Nacua,LA,WR,2024,16,13.6
Tyreek Hill,MIA,WR,2024,16,11.9
Josh Allen,BUF,QB,2024,16,11.2
Travis Kelce,KC,TE,2024,16,8
Jalen Hurts,PHI,QB,2024,16,4.5
Lamar Jackson,BAL,QB,2024,17,29.4
Jahmyr Gibbs,DET,RB,2024,17,26.3
Patrick Mahomes,KC,QB,2024,17,26
Bijan Robinson,ATL,RB,2024,17,24.8
Derrick Henry,BAL,RB,2024,17,24.5
Josh Allen,BUF,QB,2024,17,23
Puka Nacua,LA,WR,2024,17,22.9
Travis Kelce,KC,TE,2024,17,22.4
Amon-Ra St. Brown,DET,WR,2024,17,20
Tyreek Hill,MIA,WR,2024,17,19.5
George Kittle,SF,TE,2024,17,19.2
Ja'Marr Chase,CIN,WR,2024,17,19.2
Saquon Barkley,PHI,RB,2024,17,18.9
Sam LaPorta,DET,TE,2024,17,18.4
Justin Jefferson,MIN,WR,2024,17,17.2
A.J. Brown,PHI,WR,2024,17,12.6
Davante Adams,NYJ,WR,2024,17,9.7
Jahmyr Gibbs,DET,RB,2024,18,46
Bijan Robinson,ATL,RB,2024,18,31.3
Derrick Henry,BAL,RB,2024,18,30.1
Ja'Marr Chase,CIN,WR,2024,18,25.6
Lamar Jackson,BAL,QB,2024,18,23
Davante Adams,NYJ,WR,2024,18,20.8
Amon-Ra St. Brown,DET,WR,2024,18,13.7
Sam LaPorta,DET,TE,2024,18,13.3
Justin Jefferson,MIN,WR,2024,18,8.4
George Kittle,SF,TE,2024,18,4.7
Tyreek Hill,MIA,WR,2024,18,4
