user_id,plan,started,ended,monthly_price
6,pro,2025-09-11,,4.99
9,pro,2025-09-07,2025-10-03,4.99
26,pro,2025-11-04,,5.99
33,pro,2025-10-06,2025-10-31,5.99
92,pro,2025-11-05,,5.99
104,pro,2025-10-11,,5.99
105,pro,2025-10-05,,5.99
117,pro,2025-09-20,,4.99
126,pro,2025-09-15,,4.99
129,pro,2025-10-04,2025-10-24,5.99
136,pro,2025-09-07,2025-10-04,4.99
137,pro,2025-09-09,2025-10-27,4.99
147,pro,2025-09-25,,4.99
151,pro,2025-11-27,,5.99
178,pro,2025-09-21,2025-11-04,4.99
181,pro,2025-10-03,,5.99
186,pro,2025-12-19,,5.99
188,pro,2025-09-22,,4.99
195,pro,2025-09-29,2025-11-08,4.99
199,pro,2025-12-17,,5.99
202,pro,2025-11-21,,5.99
216,pro,2025-10-13,2025-11-09,5.99
237,pro,2025-09-11,,4.99
238,pro,2025-09-15,,4.99
246,pro,2025-08-31,2025-11-13,4.99
250,pro,2025-10-04,,5.99
253,pro,2025-09-21,,4.99
254,pro,2025-09-20,,4.99
255,pro,2025-09-24,,4.99
277,pro,2025-10-08,,5.99
281,pro,2025-10-03,,5.99
284,pro,2025-09-04,,4.99
285,pro,2025-10-30,,5.99
290,pro,2025-09-24,2025-12-01,4.99
293,pro,2025-09-20,,4.99
295,pro,2025-10-25,,5.99
306,pro,2025-09-30,,4.99
308,pro,2025-08-30,,4.99
323,pro,2025-09-30,,4.99
324,pro,2025-10-11,2025-11-28,5.99
337,pro,2025-10-13,,5.99
348,pro,2025-10-21,,5.99
353,pro,2025-10-06,,5.99
374,pro,2025-11-24,,5.99
379,pro,2025-09-20,,4.99
382,pro,2025-08-28,,4.99
385,pro,2025-10-18,,5.99
387,pro,2025-09-16,,4.99
390,pro,2025-09-23,,4.99
401,pro,2025-08-26,,4.99
405,pro,2025-10-05,2025-11-03,5.99
413,pro,2025-09-12,2025-12-01,4.99
416,pro,2025-09-21,,4.99
