user_id,signup_date,platform,channel
1,2025-09-01,ios,organic
2,2025-09-02,ios,referral
3,2025-08-31,ios,organic
4,2025-08-27,web,organic
5,2025-10-04,android,search
6,2025-08-11,ios,organic
7,2025-11-06,ios,organic
8,2025-08-13,ios,organic
9,2025-08-25,android,referral
10,2025-08-19,ios,search
11,2025-08-22,web,paid_social
12,2025-08-14,android,paid_social
13,2025-09-08,web,paid_social
14,2025-08-26,android,organic
15,2025-09-13,ios,organic
16,2025-09-18,ios,paid_social
17,2025-08-17,android,organic
18,2025-08-25,web,organic
19,2025-08-18,ios,organic
20,2025-08-30,ios,paid_social
21,2025-11-26,ios,search
22,2025-08-24,android,organic
23,2025-08-19,web,organic
24,2025-08-22,web,organic
25,2025-08-30,ios,search
26,2025-10-04,ios,search
27,2025-09-09,web,search
28,2025-08-21,android,organic
29,2025-10-02,ios,organic
30,2025-09-10,android,podcast
31,2025-08-01,android,organic
32,2025-09-02,android,organic
33,2025-09-02,ios,referral
34,2025-09-02,android,podcast
35,2025-08-26,android,organic
36,2025-08-27,web,podcast
37,2025-09-17,ios,paid_social
38,2025-09-30,android,organic
39,2025-08-22,ios,paid_social
40,2025-08-06,ios,organic
41,2025-09-09,web,paid_social
42,2025-08-05,android,search
43,2025-09-05,ios,paid_social
44,2025-08-29,ios,paid_social
45,2025-09-10,android,organic
46,2025-08-31,android,paid_social
47,2025-08-02,android,search
48,2025-10-09,ios,organic
49,2025-08-19,web,referral
50,2025-09-08,ios,search
51,2025-10-13,ios,organic
52,2025-11-21,web,paid_social
53,2025-10-14,android,referral
54,2025-09-06,web,organic
55,2025-08-30,ios,referral
56,2025-08-21,ios,organic
57,2025-09-06,android,paid_social
58,2025-08-23,android,paid_social
59,2025-08-21,ios,organic
60,2025-08-11,ios,referral
61,2025-08-27,ios,organic
62,2025-08-07,ios,organic
63,2025-08-22,web,referral
64,2025-09-07,web,referral
65,2025-08-19,android,organic
66,2025-09-05,ios,search
67,2025-09-26,web,organic
68,2025-08-11,ios,organic
69,2025-10-08,android,search
70,2025-10-23,ios,organic
71,2025-09-14,android,search
72,2025-09-06,android,organic
73,2025-08-04,web,paid_social
74,2025-08-16,ios,paid_social
75,2025-08-31,ios,organic
76,2025-11-14,android,search
77,2025-08-25,ios,organic
78,2025-08-17,ios,paid_social
79,2025-09-03,android,podcast
80,2025-08-20,android,organic
81,2025-08-31,ios,paid_social
82,2025-09-09,web,organic
83,2025-09-17,ios,organic
84,2025-10-25,android,referral
85,2025-08-30,ios,paid_social
86,2025-08-28,ios,search
87,2025-09-10,ios,organic
88,2025-08-22,ios,referral
89,2025-09-22,ios,referral
90,2025-09-28,ios,paid_social
91,2025-08-27,android,search
92,2025-10-25,ios,referral
93,2025-09-10,android,organic
94,2025-09-01,ios,podcast
95,2025-09-02,ios,search
96,2025-08-16,ios,search
97,2025-10-22,android,organic
98,2025-08-21,ios,organic
99,2025-11-01,ios,organic
100,2025-11-28,android,paid_social
101,2025-09-09,android,organic
102,2025-08-10,web,organic
103,2025-09-19,android,paid_social
104,2025-08-19,android,referral
105,2025-09-03,ios,paid_social
106,2025-11-09,ios,paid_social
107,2025-08-29,ios,organic
108,2025-08-20,android,organic
109,2025-10-03,android,search
110,2025-11-13,ios,organic
111,2025-08-08,android,referral
112,2025-08-02,android,search
113,2025-08-31,web,paid_social
114,2025-10-12,android,organic
115,2025-08-19,web,paid_social
116,2025-08-05,web,paid_social
117,2025-08-25,android,search
118,2025-09-16,ios,organic
119,2025-08-19,ios,organic
120,2025-09-04,android,paid_social
121,2025-08-18,ios,referral
122,2025-10-08,android,search
123,2025-10-13,android,organic
124,2025-09-09,web,organic
125,2025-09-01,ios,organic
126,2025-08-30,ios,search
127,2025-08-21,android,organic
128,2025-09-02,android,search
129,2025-09-06,ios,podcast
130,2025-08-29,web,referral
131,2025-10-03,ios,search
132,2025-11-19,ios,podcast
133,2025-08-27,android,podcast
134,2025-08-17,ios,search
135,2025-08-21,android,referral
136,2025-09-02,android,organic
137,2025-08-04,ios,organic
138,2025-10-28,android,organic
139,2025-08-28,android,organic
140,2025-08-13,ios,search
141,2025-08-17,web,referral
142,2025-08-13,android,referral
143,2025-08-01,ios,organic
144,2025-09-06,ios,paid_social
145,2025-09-07,ios,organic
146,2025-09-27,ios,organic
147,2025-08-28,ios,referral
148,2025-11-17,ios,referral
149,2025-11-19,ios,paid_social
150,2025-09-25,ios,paid_social
151,2025-10-14,ios,referral
152,2025-09-11,ios,referral
153,2025-08-31,ios,podcast
154,2025-08-14,android,organic
155,2025-09-10,android,search
156,2025-08-25,web,paid_social
157,2025-08-14,ios,organic
158,2025-11-10,ios,referral
159,2025-08-29,web,paid_social
160,2025-08-24,web,search
161,2025-09-02,ios,search
162,2025-09-08,android,organic
163,2025-11-11,ios,organic
164,2025-08-26,web,organic
165,2025-09-18,ios,paid_social
166,2025-08-19,ios,organic
167,2025-10-02,android,search
168,2025-11-08,ios,organic
169,2025-10-15,ios,search
170,2025-08-18,ios,paid_social
171,2025-09-29,ios,organic
172,2025-09-16,web,paid_social
173,2025-08-16,ios,search
174,2025-09-07,ios,search
175,2025-10-20,ios,search
176,2025-08-02,ios,organic
177,2025-09-09,ios,organic
178,2025-08-28,ios,referral
179,2025-09-05,ios,paid_social
180,2025-08-24,android,search
181,2025-09-08,ios,organic
182,2025-08-02,android,paid_social
183,2025-08-24,ios,paid_social
184,2025-08-05,android,podcast
185,2025-08-05,ios,paid_social
186,2025-11-14,ios,referral
187,2025-11-05,ios,paid_social
188,2025-08-28,android,organic
189,2025-08-05,android,referral
190,2025-09-12,ios,referral
191,2025-09-08,web,paid_social
192,2025-08-20,ios,referral
193,2025-08-16,ios,organic
194,2025-09-10,android,search
195,2025-09-04,web,search
196,2025-08-28,android,organic
197,2025-08-21,ios,podcast
198,2025-08-22,android,referral
199,2025-11-15,android,paid_social
200,2025-09-02,android,paid_social
201,2025-08-04,web,paid_social
202,2025-10-12,android,paid_social
203,2025-08-27,web,paid_social
204,2025-08-29,web,referral
205,2025-08-30,ios,referral
206,2025-11-03,android,paid_social
207,2025-08-21,android,paid_social
208,2025-09-05,ios,paid_social
209,2025-09-08,ios,paid_social
210,2025-08-15,ios,search
211,2025-08-05,ios,search
212,2025-10-31,ios,organic
213,2025-08-24,ios,organic
214,2025-09-06,android,referral
215,2025-08-11,ios,organic
216,2025-09-10,android,search
217,2025-08-16,ios,organic
218,2025-08-05,web,paid_social
219,2025-08-15,android,podcast
220,2025-10-04,android,paid_social
221,2025-08-29,web,paid_social
222,2025-08-04,web,organic
223,2025-09-30,ios,organic
224,2025-08-11,web,paid_social
225,2025-08-26,android,referral
226,2025-09-07,web,organic
227,2025-08-17,android,search
228,2025-10-15,android,paid_social
229,2025-11-14,android,search
230,2025-11-07,ios,podcast
231,2025-09-29,web,organic
232,2025-08-19,ios,organic
233,2025-09-01,ios,organic
234,2025-08-21,ios,organic
235,2025-10-08,ios,search
236,2025-09-22,ios,paid_social
237,2025-08-17,ios,search
238,2025-09-07,ios,paid_social
239,2025-09-05,android,organic
240,2025-09-06,web,organic
241,2025-09-07,ios,referral
242,2025-10-24,android,paid_social
243,2025-08-16,android,organic
244,2025-10-09,ios,search
245,2025-08-30,ios,organic
246,2025-08-28,android,search
247,2025-09-12,web,referral
248,2025-10-23,web,paid_social
249,2025-08-23,android,organic
250,2025-09-18,android,organic
251,2025-08-27,web,referral
252,2025-09-12,ios,organic
253,2025-08-28,ios,search
254,2025-09-02,ios,search
255,2025-09-03,ios,paid_social
256,2025-09-02,android,referral
257,2025-08-28,android,organic
258,2025-11-27,ios,podcast
259,2025-08-16,ios,podcast
260,2025-08-30,ios,paid_social
261,2025-09-01,web,paid_social
262,2025-08-20,ios,organic
263,2025-09-06,web,search
264,2025-08-08,android,paid_social
265,2025-08-28,ios,search
266,2025-10-23,ios,paid_social
267,2025-09-27,ios,search
268,2025-08-06,android,organic
269,2025-09-11,ios,search
270,2025-08-30,ios,search
271,2025-08-22,android,referral
272,2025-09-10,ios,paid_social
273,2025-08-03,android,paid_social
274,2025-09-10,ios,paid_social
275,2025-09-08,ios,search
276,2025-08-17,ios,organic
277,2025-09-08,android,paid_social
278,2025-08-16,ios,organic
279,2025-09-02,ios,organic
280,2025-09-10,android,referral
281,2025-08-19,ios,paid_social
282,2025-08-20,android,organic
283,2025-09-21,android,paid_social
284,2025-08-07,web,referral
285,2025-10-03,ios,organic
286,2025-08-16,ios,organic
287,2025-09-20,ios,paid_social
288,2025-09-08,android,organic
289,2025-10-17,web,organic
290,2025-09-02,android,search
291,2025-09-06,ios,search
292,2025-09-24,android,referral
293,2025-09-06,ios,referral
294,2025-09-24,android,organic
295,2025-09-28,ios,search
296,2025-08-24,android,referral
297,2025-09-08,ios,paid_social
298,2025-11-02,ios,organic
299,2025-08-26,ios,podcast
300,2025-08-11,android,organic
301,2025-08-17,ios,paid_social
302,2025-10-08,android,referral
303,2025-08-15,ios,search
304,2025-09-06,ios,referral
305,2025-11-25,ios,paid_social
306,2025-08-27,ios,search
307,2025-11-18,web,paid_social
308,2025-08-22,ios,referral
309,2025-11-07,web,paid_social
310,2025-08-20,ios,paid_social
311,2025-10-13,ios,organic
312,2025-09-12,android,search
313,2025-09-03,ios,organic
314,2025-10-14,android,search
315,2025-11-09,ios,paid_social
316,2025-10-09,web,organic
317,2025-09-06,android,organic
318,2025-09-03,android,referral
319,2025-08-21,android,organic
320,2025-08-26,ios,organic
321,2025-08-23,ios,organic
322,2025-09-04,web,organic
323,2025-08-26,android,paid_social
324,2025-09-03,ios,organic
325,2025-08-15,ios,organic
326,2025-08-19,web,paid_social
327,2025-08-26,ios,paid_social
328,2025-08-23,ios,paid_social
329,2025-08-22,web,search
330,2025-09-05,android,referral
331,2025-08-01,ios,search
332,2025-08-28,android,paid_social
333,2025-09-04,android,organic
334,2025-09-17,ios,search
335,2025-09-09,ios,search
336,2025-08-21,android,referral
337,2025-09-05,android,organic
338,2025-08-29,ios,referral
339,2025-08-30,android,paid_social
340,2025-10-03,android,referral
341,2025-08-28,ios,search
342,2025-09-01,android,organic
343,2025-08-29,ios,organic
344,2025-09-14,android,organic
345,2025-08-23,android,organic
346,2025-11-14,android,organic
347,2025-08-07,ios,paid_social
348,2025-09-10,web,referral
349,2025-09-03,ios,referral
350,2025-09-04,ios,search
351,2025-08-27,ios,organic
352,2025-09-04,android,organic
353,2025-08-30,ios,referral
354,2025-08-16,ios,podcast
355,2025-08-09,web,paid_social
356,2025-10-04,ios,paid_social
357,2025-09-08,ios,organic
358,2025-10-13,ios,paid_social
359,2025-08-08,web,paid_social
360,2025-08-22,web,paid_social
361,2025-10-13,android,paid_social
362,2025-08-26,web,podcast
363,2025-08-17,android,paid_social
364,2025-09-16,ios,organic
365,2025-08-19,ios,paid_social
366,2025-08-21,ios,paid_social
367,2025-11-07,android,paid_social
368,2025-08-11,android,paid_social
369,2025-09-21,ios,paid_social
370,2025-08-29,web,paid_social
371,2025-08-14,ios,organic
372,2025-09-06,android,paid_social
373,2025-08-29,ios,organic
374,2025-10-22,web,search
375,2025-08-24,ios,organic
376,2025-08-24,ios,search
377,2025-09-06,android,paid_social
378,2025-08-09,web,referral
379,2025-09-17,ios,organic
380,2025-11-24,ios,organic
381,2025-08-24,ios,referral
382,2025-08-12,ios,paid_social
383,2025-10-06,ios,organic
384,2025-11-07,web,search
385,2025-10-05,web,search
386,2025-11-20,ios,organic
387,2025-08-19,ios,paid_social
388,2025-08-31,web,search
389,2025-08-25,android,paid_social
390,2025-08-28,android,search
391,2025-08-02,android,organic
392,2025-11-29,ios,paid_social
393,2025-08-25,ios,organic
394,2025-09-04,web,podcast
395,2025-08-23,android,referral
396,2025-10-14,android,paid_social
397,2025-08-17,web,organic
398,2025-08-30,web,organic
399,2025-09-04,web,referral
400,2025-08-20,web,search
401,2025-08-24,web,search
402,2025-09-06,android,referral
403,2025-08-22,web,paid_social
404,2025-08-24,android,paid_social
405,2025-08-27,android,paid_social
406,2025-11-08,ios,referral
407,2025-09-05,ios,organic
408,2025-10-22,android,search
409,2025-11-08,ios,paid_social
410,2025-08-08,ios,search
411,2025-11-20,ios,organic
412,2025-08-20,ios,search
413,2025-08-28,ios,organic
414,2025-09-25,ios,paid_social
415,2025-08-20,android,search
416,2025-08-31,android,organic
417,2025-08-25,ios,search
418,2025-11-19,ios,referral
419,2025-09-11,ios,search
420,2025-09-07,ios,organic
