Company,Role,Source,Contact,Applied,Follow-up due,Stage,Range,Notes,Next step
Example Analytics Co,Data Analyst,Referral - Jordan P,Jordan P (jordan@example.com),2026-09-22,2026-09-29,Screen,"$70-85k (recruiter, confirmed)",Recruiter screen went well. Asked about window functions. Fumbled the one about handling missing weeks.,Send thank-you + better answer on missing data
Midtown Health,Reporting Analyst,LinkedIn post,,2026-09-24,2026-10-01,Applied,Not stated,Cold application. No contact yet - find someone on the data team.,Find a contact before following up
,,,,,,,,,
,,,,,,,,,
,,,,,,,,,
,,,,,,,,,
,,,,,,,,,
,,,,,,,,,
,,,,,,,,,
,,,,,,,,,
