customer_id,name,state,signup_date,favorite_team,referral
1,Elena Wilson,IL,2025-11-15,GB,
2,Rowan Parker,OH,2025-01-01,PHI,social
3,Iris Kim,CA,2024-06-28,PIT,search
4,Zoe Kim,GA,2025-06-16,KC,friend
5,Ivan Campbell,AZ,2024-12-21,DAL,search
6,Theo Martinez,TN,2025-01-12,DET,search
7,Jesse Scott,OH,2024-08-16,BUF,friend
8,Diego Hill,TN,2025-03-09,GB,search
9,Zoe Nelson,MO,2025-10-04,SF,social
10,Ivan Mitchell,FL,2024-11-06,PIT,search
11,Elena Wilson,VA,2025-03-17,MIN,
12,Morgan Evans,WA,2024-11-30,CIN,friend
13,Priya Martinez,FL,2024-07-08,MIN,social
14,Iris Wilson,NC,2025-05-04,MIN,
15,Mina Reyes,NC,2025-03-16,GB,search
16,Jesse Campbell,FL,2024-10-17,BUF,search
17,Omar Harris,IL,2024-09-08,KC,podcast
18,Rowan Garcia,CA,2025-09-28,SF,search
19,Alex Patel,TX,2025-09-11,PIT,podcast
20,Maria Reyes,CO,2025-08-16,MIN,friend
21,Felix Anderson,CA,2024-07-15,DET,social
22,Skyler Martin,CA,2025-04-02,,social
23,Drew Lewis,FL,2025-04-21,BUF,search
24,Elena Silva,GA,2025-06-30,DAL,social
25,Taylor Brown,NY,2024-07-15,,social
26,Aisha Parker,TX,2024-10-28,MIA,search
27,Jesse King,IL,2025-06-18,GB,search
28,Hana Martinez,NY,2024-08-16,SF,podcast
29,Rowan Wilson,FL,2024-04-14,GB,search
30,Rowan Lopez,WA,2025-04-04,,podcast
31,Alex Evans,MN,2025-02-28,DAL,search
32,Zoe Mitchell,NC,2025-11-25,CIN,social
33,Ken Brown,MA,2024-08-01,KC,social
34,Hana Hall,NJ,2025-07-22,CIN,podcast
35,Felix Turner,TX,2025-06-26,PIT,
36,Priya Garcia,MI,2025-08-02,,social
37,Jesse Baker,NY,2025-03-11,,friend
38,Diego Walker,NY,2024-10-25,MIN,social
39,Reese King,TX,2025-03-15,DAL,search
40,Reese Lewis,PA,2024-08-02,CIN,search
41,Drew Roberts,VA,2024-04-09,PIT,friend
42,Alex Martinez,CA,2025-11-29,,friend
43,Ken Green,MI,2024-08-05,KC,social
44,Ken King,GA,2025-07-27,,social
45,Tariq Nelson,FL,2025-06-30,MIA,search
46,Theo White,OH,2025-11-12,PHI,
47,Tariq Lopez,MI,2024-10-11,CIN,social
48,Ivan Evans,MN,2024-05-31,DET,
49,Drew Silva,FL,2025-08-11,DAL,
50,Alex Moore,FL,2024-09-01,DAL,friend
51,Avery Martinez,CA,2024-04-19,MIA,search
52,Nina Torres,FL,2024-11-16,MIA,search
53,Diego Nelson,NJ,2024-08-16,,search
54,Priya Walker,PA,2025-02-04,BAL,friend
55,Sam Lopez,MO,2025-09-18,PHI,social
56,Aisha Moore,TX,2025-01-20,SF,
57,Ivan Silva,,2025-07-26,MIN,social
58,Skyler King,CA,2025-09-02,PHI,friend
59,Rowan Walker,MA,2024-10-17,PHI,social
60,Reese Silva,NC,2024-11-07,MIN,search
61,Elena Martin,GA,2025-11-08,BUF,search
62,Diego Lopez,WA,2025-04-28,MIN,friend
63,Diego Patel,TX,2024-05-24,PIT,social
64,Riley Roberts,IL,2025-09-06,BUF,social
65,Theo Reyes,AZ,2025-03-23,KC,social
66,Drew Patel,CA,2025-07-08,PIT,
67,Theo Lopez,MO,2024-07-02,CIN,
68,Casey Harris,TX,2024-09-13,CIN,social
69,Iris Silva,AZ,2024-06-20,CIN,podcast
70,Lena Nguyen,FL,2024-06-15,PHI,social
71,Robin Hill,NY,2025-09-14,BAL,
72,Theo Davis,MO,2025-08-24,GB,social
73,Reese White,NY,2024-09-06,BAL,
74,Luis Nguyen,WI,2025-01-01,MIN,search
75,Ivan Scott,TX,2025-04-18,MIA,
76,Kai Smith,WA,2025-05-11,PIT,
77,Maria Roberts,NJ,2024-04-15,,podcast
78,Mina Wright,TX,2024-08-29,GB,
79,Tariq Campbell,AZ,2025-06-16,PIT,search
80,Rowan Patel,OH,2025-02-15,,search
81,Jesse Wilson,MN,2024-05-15,BUF,friend
82,Nina Patel,GA,2025-01-03,PIT,search
83,Ken Brown,MI,2024-11-21,,
84,Felix Martinez,IL,2024-08-21,PIT,friend
85,Devon Anderson,NJ,2024-08-17,,social
86,Morgan Mitchell,IL,2025-08-02,GB,social
87,Kai Collins,NY,2024-09-24,GB,social
88,Kai Reyes,AZ,2025-07-24,PIT,search
89,Hana Roberts,GA,2025-04-28,PHI,friend
90,Mateo Lee,NJ,2024-10-02,DAL,search
91,Kai Scott,NJ,2024-03-08,MIN,podcast
92,Jesse Martinez,NJ,2024-07-23,CIN,social
93,Nina Phillips,MI,2025-06-14,DET,friend
94,Rowan Lewis,OH,2025-11-11,PIT,podcast
95,Diego Smith,IL,2025-11-22,PIT,friend
96,Morgan Mitchell,TX,2024-09-22,PHI,social
97,Lena Parker,FL,2025-08-04,GB,search
98,Lena Brown,MA,2025-08-08,BAL,search
99,Jordan Nguyen,VA,2025-07-27,PHI,friend
100,Mateo Campbell,NJ,2025-07-14,,social
101,Theo Kim,IL,2025-02-22,SF,friend
102,Rowan Nguyen,NY,2025-05-17,PIT,search
103,Rowan White,,2025-05-15,KC,social
104,Robin Collins,MN,2024-10-19,PHI,podcast
105,Tariq Lee,TN,2024-09-21,DAL,friend
106,Tariq Garcia,OH,2025-08-31,BAL,social
107,Omar Anderson,CA,2024-12-09,KC,podcast
108,Tariq Silva,CO,2025-01-31,PHI,social
109,Mina Martinez,FL,2024-09-29,SF,podcast
110,Jordan Turner,FL,2024-04-02,MIA,search
111,Luis Hall,TN,2024-06-13,PIT,search
112,Omar Lewis,,2024-11-10,MIA,social
113,Jamie Moore,PA,2025-04-04,DAL,
114,Robin Torres,OH,2025-09-26,DET,social
115,Mina Lewis,FL,2025-06-23,CIN,
116,Zoe Silva,TX,2025-09-18,BUF,friend
117,Aisha Clark,TX,2025-08-22,DAL,friend
118,Morgan Roberts,NY,2025-01-25,BUF,search
119,Felix Anderson,CO,2025-02-13,CIN,friend
120,Tariq Torres,NY,2024-09-09,SF,search
121,Maria Wright,AZ,2024-10-08,,search
122,Felix Brown,NY,2024-08-10,MIA,friend
123,Alex Lee,TX,2024-08-10,BUF,search
124,Devon Anderson,,2024-09-05,MIN,social
125,Tariq Turner,MI,2025-08-30,BAL,social
126,Ivan Moore,FL,2025-09-21,,social
127,Jordan Reyes,MA,2025-04-12,MIN,social
128,Devon Reyes,MO,2024-09-02,PIT,search
129,Ruth Nelson,AZ,2025-10-20,CIN,search
130,Jordan Walker,TX,2024-09-23,BAL,friend
131,Aisha Nelson,OH,2024-11-25,BUF,social
132,Aisha Moore,CA,2025-05-26,,podcast
133,Lena Garcia,GA,2024-12-01,PHI,social
134,Ken Campbell,OH,2025-02-14,KC,social
135,Jamie Lopez,VA,2024-11-26,BUF,
136,Maria Brown,GA,2024-12-01,KC,
137,Taylor Lopez,CO,2025-08-15,PIT,
138,Tariq Nguyen,NY,2025-08-01,BAL,search
139,Jesse Anderson,TX,2025-08-16,DAL,search
140,Jordan Garcia,IL,2024-11-02,,search
141,Nina Kim,AZ,2025-11-09,CIN,search
142,Jesse Young,CA,2024-07-14,KC,friend
143,Alex Martinez,WI,2025-09-25,DET,social
144,Sam Baker,NC,2025-01-11,CIN,friend
145,Skyler Hall,CA,2024-03-23,CIN,friend
146,Reese White,FL,2024-11-19,,social
147,Reese Harris,TX,2025-10-02,BAL,
148,Diego Phillips,CA,2025-11-28,DET,friend
149,Jesse Moore,,2024-10-05,MIA,search
150,Hana Campbell,NJ,2024-03-05,SF,search
151,Mateo Anderson,CA,2025-10-24,GB,search
152,Owen Patel,OH,2025-06-12,CIN,
153,Maria Turner,OH,2024-04-12,SF,search
154,Jamie Hill,TX,2025-02-07,PHI,friend
155,Casey Garcia,FL,2024-03-07,CIN,search
156,Quinn Evans,TX,2025-08-27,KC,social
157,Quinn Martinez,FL,2024-08-06,DET,social
158,Nina Brown,WA,2024-05-19,MIA,friend
159,Avery Green,MA,2025-08-07,PIT,
160,Devon Mitchell,MA,2024-12-27,GB,podcast
161,Aisha Hall,IL,2025-01-04,BUF,social
162,Tariq Martin,IL,2025-05-04,,social
163,Jamie Nguyen,TX,2025-10-14,,search
164,Ivan Collins,FL,2024-08-13,BUF,friend
165,Mateo Hall,VA,2025-02-13,KC,search
166,Drew Collins,FL,2024-04-05,DAL,social
167,Mateo Wright,NC,2024-03-04,,search
168,Lena Reyes,NC,2025-10-04,,search
169,Kai Smith,VA,2025-04-14,BAL,friend
170,Aisha Baker,NJ,2025-02-01,KC,friend
171,Quinn Nguyen,WI,2025-09-23,PIT,social
172,Tariq Mitchell,WA,2025-01-29,BUF,podcast
173,Diego Scott,TX,2025-01-26,PIT,podcast
174,Devon Wilson,,2024-03-12,PHI,search
175,Owen Wright,GA,2024-06-26,,podcast
176,Ivan Evans,CO,2025-06-13,BAL,
177,Nina Silva,TX,2025-09-20,DET,
178,Skyler Smith,TX,2024-12-24,,podcast
179,Tariq Patel,GA,2025-02-06,PIT,
180,Maria Roberts,OH,2025-05-04,GB,social
181,Morgan Anderson,IL,2025-09-01,MIN,friend
182,Rowan King,MI,2024-09-29,DET,search
183,Skyler Collins,TX,2024-11-04,BAL,social
184,Devon Brown,TX,2025-01-05,MIN,friend
185,Alex Clark,WA,2024-07-08,,friend
186,Morgan Young,TX,2025-06-15,CIN,search
187,Alex Turner,FL,2024-08-18,PHI,social
188,Diego Walker,WA,2025-06-27,KC,social
189,Robin Brown,FL,2024-03-02,DET,
190,Zoe Silva,WI,2025-08-16,PHI,search
191,Aisha Campbell,,2024-03-12,GB,
192,Quinn Hill,PA,2024-12-12,PIT,friend
193,Robin Martinez,MO,2025-02-18,CIN,
194,Lena Nguyen,FL,2024-08-12,,search
195,Lena Young,TN,2025-09-13,BAL,social
196,Jesse Reyes,MA,2024-09-13,MIA,social
197,Drew Phillips,TN,2025-04-05,BUF,social
198,Iris Martinez,NJ,2025-05-31,DET,search
199,Iris Davis,PA,2024-08-30,GB,
200,Tariq White,AZ,2025-08-12,SF,podcast
201,Robin Roberts,TX,2025-08-18,MIN,podcast
202,Skyler Parker,IL,2025-11-22,CIN,podcast
203,Mateo Wright,CA,2024-06-24,MIA,social
204,Drew Anderson,MA,2024-11-21,,
205,Drew Silva,NY,2025-02-25,,social
206,Rowan Torres,MI,2025-09-28,DAL,search
207,Alex White,VA,2025-04-30,PHI,friend
208,Rowan Clark,TN,2025-01-16,PHI,friend
209,Jordan Roberts,GA,2025-09-19,,
210,Maria Garcia,WA,2024-12-04,DET,search
211,Lena Anderson,OH,2025-03-09,CIN,
212,Iris Young,MN,2025-11-06,KC,social
213,Zoe Okafor,NC,2025-03-05,CIN,podcast
214,Skyler Green,VA,2025-05-09,MIA,friend
215,Jesse Roberts,TX,2024-04-16,KC,friend
216,Lena Evans,TX,2025-03-19,GB,
217,Zoe Kim,MI,2025-09-27,,search
218,Omar Green,WI,2024-11-17,,search
219,Skyler Phillips,FL,2025-09-28,,search
220,Diego Okafor,TN,2024-11-29,,social
221,Nina Baker,CA,2024-07-22,,friend
222,Priya Davis,CA,2025-06-19,KC,search
223,Jamie Campbell,PA,2024-04-26,CIN,search
224,Priya Hall,NC,2025-02-06,BAL,search
225,Quinn White,PA,2025-01-28,DAL,social
226,Sam Nguyen,MO,2024-10-21,MIA,search
227,Ruth Wright,TX,2025-03-25,MIN,search
228,Zoe Lopez,CA,2025-08-28,BUF,social
229,Devon Parker,OH,2024-06-23,DAL,social
230,Kai White,PA,2024-05-11,DET,social
231,Diego Nguyen,IL,2024-08-01,,podcast
232,Lena Campbell,MN,2024-05-25,MIA,search
233,Lena Scott,TX,2025-11-30,MIN,social
234,Jamie Davis,CA,2025-09-26,PIT,social
235,Avery Garcia,NY,2025-09-03,,search
236,Ken Davis,FL,2025-09-06,,friend
237,Drew Young,CO,2024-10-05,DET,
238,Drew King,CA,2024-08-05,PHI,search
239,Drew Turner,TN,2025-11-09,SF,social
240,Robin Phillips,WI,2025-06-24,,social
241,Hana Patel,MI,2024-04-02,DET,friend
242,Grace Silva,TX,2025-08-24,DAL,search
243,Quinn Nguyen,MA,2025-03-26,PHI,social
244,Jamie Martinez,NC,2025-02-22,,search
245,Devon Garcia,VA,2025-09-18,BUF,friend
246,Theo Green,,2024-08-17,MIA,search
247,Nina Baker,FL,2025-05-24,,search
248,Riley Torres,NJ,2024-09-06,BUF,friend
249,Morgan White,,2024-07-23,KC,friend
250,Quinn Lewis,PA,2024-11-18,KC,social
251,Casey Lee,TX,2025-09-16,DET,social
252,Ruth King,GA,2025-08-16,PHI,search
253,Riley Lee,CA,2025-10-24,PIT,social
254,Morgan Silva,WI,2025-07-24,DAL,search
255,Ken Baker,MA,2024-04-02,CIN,search
256,Omar Torres,VA,2025-08-21,,search
257,Theo Moore,CA,2024-08-20,BUF,social
258,Luis Hall,TX,2025-11-05,KC,podcast
259,Morgan Torres,GA,2024-08-01,DET,search
260,Reese King,MI,2024-08-27,DET,search
261,Rowan Mitchell,CO,2024-05-14,SF,search
262,Morgan Lewis,MN,2024-07-05,DAL,search
263,Avery Hall,PA,2025-05-20,KC,search
264,Mina Roberts,NY,2025-02-16,SF,search
265,Priya Anderson,FL,2024-08-22,PIT,search
266,Jamie White,IL,2025-06-18,CIN,social
267,Luis Silva,CO,2024-03-05,BUF,search
268,Jordan Martin,,2025-07-07,GB,social
269,Ivan Davis,TX,2025-08-16,MIN,podcast
270,Drew Garcia,CA,2024-11-20,PIT,social
271,Kai Scott,FL,2024-09-26,GB,social
272,Ken Kim,VA,2024-04-02,DAL,podcast
273,Jamie White,TX,2024-05-04,,social
274,Casey Wilson,MI,2025-08-05,SF,
275,Diego Davis,NY,2025-07-19,DET,
276,Taylor Lewis,NY,2025-07-01,BAL,search
277,Jesse Phillips,CO,2025-01-01,PIT,friend
278,Elena Anderson,NY,2024-08-06,MIN,social
279,Omar White,AZ,2025-07-26,SF,search
280,Sam Hill,NY,2025-10-14,BUF,search
281,Lena Reyes,WI,2024-11-01,PIT,search
282,Jamie Silva,CA,2024-09-28,CIN,search
283,Felix Roberts,MI,2025-05-15,DAL,podcast
284,Felix Hall,CA,2024-07-06,DAL,social
285,Reese Lopez,NJ,2025-08-31,BUF,search
286,Luis Wright,CO,2025-09-05,MIA,social
287,Sam Garcia,MI,2024-08-07,SF,social
288,Mateo Wilson,NY,2025-09-09,DAL,social
289,Hana Silva,,2025-11-01,DET,podcast
290,Lena Green,IL,2024-04-27,CIN,social
291,Reese Smith,CA,2024-09-17,PHI,friend
292,Ken Clark,CA,2025-05-12,,search
293,Felix Evans,MI,2025-01-29,DAL,
294,Felix Turner,NY,2024-12-30,SF,
295,Luis Parker,CA,2025-07-11,,podcast
296,Alex White,NY,2025-03-16,CIN,podcast
297,Nina Martinez,FL,2025-07-09,SF,podcast
298,Felix Wilson,MN,2024-08-09,CIN,podcast
299,Avery Lee,,2024-10-29,MIN,search
300,Aisha Lewis,OH,2024-08-15,DAL,podcast
301,Devon Martinez,GA,2025-01-06,,podcast
302,Ruth Wright,CA,2025-01-10,KC,friend
303,Felix Young,MN,2025-10-16,GB,search
304,Jesse Hill,NC,2025-09-02,DET,social
305,Drew Davis,CA,2025-10-27,PHI,search
306,Mateo White,OH,2024-04-05,,
307,Diego Nelson,IL,2025-08-07,CIN,search
308,Hana Nguyen,CA,2025-07-28,,search
309,Omar Campbell,FL,2025-03-10,KC,search
310,Ivan Evans,OH,2025-11-15,SF,search
311,Priya Wright,FL,2025-09-14,BAL,social
312,Ruth Walker,WA,2024-06-10,BAL,friend
313,Elena Hall,,2024-07-15,BAL,
314,Iris Baker,CA,2024-09-26,KC,search
315,Casey Brown,FL,2025-10-01,CIN,social
316,Mina Nelson,VA,2024-08-14,PHI,social
317,Skyler Reyes,GA,2024-11-29,,social
318,Kai Evans,MN,2024-11-18,,search
319,Jordan Parker,CA,2024-08-15,DAL,friend
320,Morgan Garcia,IL,2025-10-09,KC,social
321,Lena Reyes,CA,2025-04-11,CIN,social
322,Reese Smith,IL,2024-08-10,,
323,Jordan Reyes,MA,2025-03-01,,podcast
324,Luis Reyes,FL,2024-06-24,GB,search
325,Alex Turner,MA,2025-01-07,PIT,search
326,Grace Patel,IL,2024-08-30,BUF,search
327,Theo Hall,OH,2025-03-15,SF,social
328,Taylor Mitchell,CA,2024-09-28,,friend
329,Robin Clark,CO,2025-02-07,DAL,social
330,Skyler Young,TX,2024-08-09,GB,friend
331,Theo Wright,WA,2024-07-16,KC,social
332,Mina Evans,NY,2025-08-18,DET,podcast
333,Nina Baker,NY,2024-03-13,MIA,social
334,Lena Lopez,MO,2025-05-31,DAL,podcast
335,Priya Lewis,FL,2025-11-10,GB,podcast
336,Devon Walker,TN,2024-06-07,GB,podcast
337,Mina Evans,NY,2025-08-17,MIN,search
338,Morgan Young,WI,2025-08-12,MIA,social
339,Zoe Nelson,MA,2024-12-13,CIN,search
340,Grace King,PA,2025-06-20,MIA,social
341,Riley Smith,TX,2024-05-14,DAL,search
342,Taylor Okafor,GA,2025-10-19,PHI,podcast
343,Aisha Young,IL,2024-03-29,PHI,friend
344,Elena Patel,TX,2025-09-08,MIA,friend
345,Taylor Smith,TX,2024-10-12,PHI,social
346,Maria Wright,NY,2025-08-08,DET,social
347,Jordan Torres,,2024-12-19,PIT,search
348,Mina Parker,AZ,2025-02-09,BUF,search
349,Grace Green,MA,2025-04-20,CIN,search
350,Skyler Brown,AZ,2025-02-16,,search
351,Zoe Young,TN,2024-11-04,DAL,friend
352,Devon Okafor,PA,2024-04-12,PIT,
353,Theo White,MN,2025-06-21,GB,search
354,Omar Scott,IL,2025-08-09,PHI,search
355,Robin Clark,IL,2024-05-23,PIT,social
356,Maria Scott,NJ,2025-10-18,MIA,social
357,Mina Campbell,MI,2025-11-04,SF,podcast
358,Nina Hill,PA,2025-08-11,PIT,podcast
359,Hana Harris,WI,2025-06-05,CIN,
360,Owen Campbell,FL,2025-06-30,,search
361,Casey Harris,WI,2024-09-01,MIA,podcast
362,Sam Torres,MI,2025-03-02,BUF,podcast
363,Felix Anderson,VA,2025-04-07,BAL,podcast
364,Avery Baker,CA,2024-08-10,DET,social
365,Zoe Anderson,NY,2024-08-18,BAL,friend
366,Sam Lopez,NY,2025-03-18,DAL,social
367,Reese Lee,WI,2025-09-16,DET,search
368,Ken Parker,CA,2024-04-12,KC,social
369,Taylor Lee,TX,2025-02-23,,search
370,Elena Phillips,MN,2025-09-03,KC,friend
371,Morgan Moore,MO,2024-11-20,PIT,social
372,Jordan Clark,VA,2024-07-23,SF,
373,Maria Moore,IL,2025-09-15,CIN,
374,Ruth Smith,TN,2024-09-07,,
375,Lena Wilson,NY,2024-05-28,MIA,social
376,Taylor Collins,OH,2024-07-28,MIN,search
377,Mateo Turner,,2025-04-16,DET,social
378,Elena White,TX,2024-05-09,MIN,friend
379,Sam Kim,CO,2024-03-30,BAL,
380,Hana White,VA,2025-08-06,DAL,search
381,Skyler Nelson,IL,2025-08-20,DAL,social
382,Felix Collins,CO,2025-08-14,CIN,podcast
383,Rowan Reyes,NC,2024-09-12,PHI,search
384,Drew Lopez,IL,2024-03-09,,podcast
385,Theo Hall,MA,2025-06-01,SF,social
386,Jesse Reyes,MO,2025-09-28,CIN,friend
387,Ken Collins,CA,2025-05-23,,search
388,Luis Lewis,NC,2025-01-28,DET,social
389,Robin Phillips,NY,2025-08-24,PHI,podcast
390,Ruth Clark,CA,2025-09-28,BUF,friend
391,Theo Torres,NY,2024-10-10,BUF,podcast
392,Alex Moore,NY,2024-11-20,DAL,social
393,Morgan Roberts,NC,2025-07-10,PHI,social
394,Robin Harris,OH,2024-07-10,BUF,social
395,Alex Lewis,MA,2025-07-27,DAL,social
396,Iris Hall,OH,2025-07-16,DET,
397,Hana Wright,CA,2024-05-30,GB,
398,Omar Torres,TX,2024-04-17,BUF,search
399,Robin Moore,MO,2025-04-20,MIA,social
400,Lena Baker,FL,2025-07-01,,social
401,Nina White,CO,2024-04-28,PIT,friend
402,Elena Smith,MO,2025-01-09,KC,social
403,Riley Silva,TN,2024-04-09,,search
404,Maria Nelson,PA,2025-03-22,SF,social
405,Reese Mitchell,GA,2024-08-05,PHI,social
406,Riley Reyes,NJ,2024-06-24,,search
407,Omar Moore,MN,2025-08-07,BAL,social
408,Diego Wright,WA,2025-11-25,MIN,search
409,Priya Kim,PA,2025-05-27,PIT,friend
410,Ruth King,GA,2025-01-25,BUF,social
411,Sam Parker,TX,2024-11-24,DET,friend
412,Taylor Harris,MN,2024-04-07,DET,social
413,Nina Phillips,FL,2024-09-27,KC,social
414,Priya Campbell,,2025-07-28,GB,search
415,Zoe Parker,VA,2025-09-22,,social
416,Omar Collins,CA,2025-10-25,,search
417,Aisha Hall,MO,2025-05-16,DET,search
418,Ruth Davis,NJ,2025-09-10,SF,social
419,Morgan Davis,PA,2024-08-08,PHI,podcast
420,Rowan Scott,MA,2025-10-05,KC,search
421,Reese Patel,VA,2025-08-29,CIN,friend
422,Lena Silva,FL,2024-06-01,PHI,search
423,Ruth White,,2024-07-24,,search
424,Grace Davis,CA,2024-04-01,MIA,
425,Tariq Okafor,AZ,2025-09-16,DET,friend
426,Iris Parker,FL,2024-07-05,BAL,search
427,Riley Davis,CA,2024-04-23,SF,friend
428,Mina Campbell,PA,2024-09-10,,search
429,Drew Davis,MA,2025-09-05,GB,
430,Tariq Lee,OH,2024-11-25,,friend
431,Riley Kim,CA,2024-04-25,KC,social
432,Tariq Anderson,GA,2024-04-18,DET,search
433,Kai Wright,NC,2024-04-12,,social
434,Casey Lewis,WI,2024-09-13,BUF,
435,Devon Baker,MA,2025-08-02,DET,social
436,Omar Silva,NC,2024-03-10,PIT,search
437,Lena Clark,WA,2024-07-16,GB,search
438,Luis Harris,TX,2025-09-01,BUF,search
439,Jamie Lopez,NJ,2025-09-27,PIT,friend
440,Rowan Hall,FL,2024-11-19,PHI,social
441,Tariq Hill,IL,2025-02-05,BUF,search
442,Hana Torres,FL,2025-07-11,CIN,social
443,Reese Kim,IL,2025-06-01,MIN,social
444,Elena Garcia,FL,2024-11-05,GB,search
445,Omar Lee,NY,2025-08-14,KC,friend
446,Devon Green,AZ,2025-01-15,PIT,search
447,Lena Hall,TX,2024-05-23,GB,search
448,Aisha Baker,NC,2024-03-12,DET,social
449,Mina Davis,TX,2025-06-05,,social
450,Robin Wilson,WA,2025-08-08,BUF,podcast
451,Taylor Campbell,TN,2025-01-29,BAL,search
452,Luis Clark,,2025-06-21,CIN,search
453,Drew Davis,TX,2024-05-28,,search
454,Riley Anderson,MI,2024-07-13,SF,podcast
455,Casey Okafor,,2025-01-23,MIA,social
456,Jamie Martin,OH,2024-11-18,MIN,podcast
457,Ruth Nelson,NY,2024-07-04,,social
458,Iris Lopez,NC,2024-08-15,MIN,search
459,Grace Brown,TX,2024-04-04,DET,search
460,Reese Nelson,TX,2024-08-30,,friend
461,Kai Garcia,MI,2025-04-01,BAL,friend
462,Skyler Hall,NC,2025-04-09,GB,friend
463,Omar Young,TX,2024-12-24,PHI,social
464,Iris Patel,FL,2024-03-03,DAL,podcast
465,Avery Reyes,,2024-08-12,PHI,social
466,Jamie Clark,NY,2025-06-17,CIN,podcast
467,Robin King,WA,2025-09-15,MIN,friend
468,Ken Lewis,CA,2025-03-04,BUF,friend
469,Rowan Campbell,TX,2025-09-13,BAL,social
470,Casey Lopez,MO,2024-12-21,BUF,search
471,Jesse Nelson,WA,2024-10-14,PIT,
472,Skyler Clark,CO,2025-07-05,PIT,friend
473,Drew Roberts,NY,2025-09-24,BAL,
474,Drew Torres,NC,2025-03-31,PHI,podcast
475,Diego Turner,WA,2024-06-21,MIN,search
476,Alex Roberts,MI,2025-03-25,BUF,podcast
477,Mateo Patel,NY,2025-08-21,MIN,social
478,Jamie Moore,MI,2024-10-27,,friend
479,Ivan Lee,TX,2024-08-19,PIT,podcast
480,Reese Hall,,2025-10-12,BUF,friend
481,Jordan Garcia,IL,2025-03-17,PHI,
482,Iris Wright,MI,2025-07-11,PHI,social
483,Sam Garcia,NC,2025-01-27,DET,podcast
484,Felix Harris,CA,2025-04-25,BUF,search
485,Ivan Green,PA,2025-02-22,,
486,Casey Torres,GA,2024-04-09,MIA,
487,Devon Young,NY,2025-09-06,SF,social
488,Iris Brown,NY,2025-05-06,MIA,social
489,Felix Roberts,MN,2024-09-26,MIA,search
490,Morgan Martinez,CO,2024-06-06,,social
491,Priya White,MA,2024-09-05,MIA,search
492,Iris Nelson,MI,2024-10-05,MIA,search
493,Lena Nelson,MN,2024-11-15,PHI,podcast
494,Morgan Reyes,IL,2025-06-30,DET,friend
495,Mina Baker,OH,2025-10-13,MIA,friend
496,Avery Lee,VA,2024-09-17,KC,social
497,Kai Collins,GA,2024-03-01,PIT,social
498,Hana Mitchell,GA,2024-08-08,KC,friend
499,Jesse Roberts,MN,2024-04-06,BUF,podcast
500,Casey Nguyen,CA,2025-02-05,BUF,search
501,Zoe Kim,FL,2025-02-15,,social
502,Zoe Harris,WA,2024-08-04,MIN,search
503,Quinn Parker,OH,2025-08-14,DET,social
504,Luis Wright,OH,2024-03-10,MIN,friend
505,Jamie Turner,,2024-10-24,KC,social
506,Robin Brown,NJ,2024-08-28,,
507,Skyler Evans,TX,2024-09-01,CIN,
508,Zoe Nelson,CA,2025-07-23,BUF,social
509,Ivan Brown,MN,2024-10-17,CIN,social
510,Iris Brown,NY,2024-05-10,MIA,search
511,Priya Reyes,FL,2024-07-14,GB,search
512,Felix Lopez,IL,2025-07-17,DET,search
513,Omar Hill,OH,2025-04-01,SF,search
514,Iris Wright,,2024-03-11,PIT,search
515,Nina Nguyen,MI,2025-11-25,,social
516,Kai Young,NJ,2025-11-29,MIN,search
517,Taylor Clark,GA,2025-08-29,DAL,social
518,Omar Kim,MN,2025-01-26,GB,
519,Diego Wilson,NY,2024-05-16,CIN,search
520,Ivan Silva,PA,2025-10-05,PIT,podcast
