order_id,customer_id,order_date,status,channel,discount_code,shipping
1001,378,2025-01-03,delivered,web,,6.99
1002,215,2025-01-04,delivered,app,,0
1003,196,2025-01-05,delivered,web,,6.99
1004,104,2025-01-07,delivered,web,,0
1005,146,2025-01-07,delivered,web,WELCOME5,6.99
1006,339,2025-01-07,delivered,web,,0
1007,424,2025-01-07,returned,web,,6.99
1008,16,2025-01-08,delivered,app,WELCOME5,6.99
1009,74,2025-01-09,cancelled,web,,0
1010,447,2025-01-09,returned,app,,0
1011,161,2025-01-10,delivered,app,WELCOME5,0
1012,203,2025-01-12,delivered,app,WELCOME5,6.99
1013,391,2025-01-13,delivered,app,,0
1014,336,2025-01-14,cancelled,web,,0
1015,145,2025-01-15,delivered,web,,0
1016,164,2025-01-15,delivered,web,,6.99
1017,326,2025-01-16,delivered,app,WELCOME5,0
1018,204,2025-01-17,delivered,app,,0
1019,21,2025-01-19,delivered,app,,6.99
1020,291,2025-01-19,delivered,web,,0
1021,220,2025-01-20,cancelled,web,,0
1022,426,2025-01-21,delivered,web,WELCOME5,0
1023,60,2025-01-22,delivered,app,,0
1024,53,2025-01-23,delivered,app,,6.99
1025,73,2025-01-23,delivered,app,,6.99
1026,265,2025-01-23,delivered,app,,0
1027,470,2025-01-23,delivered,app,,0
1028,104,2025-01-24,delivered,web,,0
1029,135,2025-01-24,delivered,app,,0
1030,6,2025-01-25,delivered,app,,6.99
1031,192,2025-01-25,delivered,app,,0
1032,183,2025-01-26,delivered,web,WELCOME5,6.99
1033,196,2025-01-27,delivered,app,,6.99
1034,255,2025-01-28,delivered,app,WELCOME5,0
1035,281,2025-01-28,delivered,web,,0
1036,365,2025-01-29,delivered,app,,6.99
1037,77,2025-01-31,delivered,web,WELCOME5,0
1038,166,2025-02-01,delivered,web,,6.99
1039,104,2025-02-02,cancelled,web,,0
1040,237,2025-02-02,delivered,web,,0
1041,505,2025-02-02,delivered,app,,0
1042,74,2025-02-03,delivered,web,,0
1043,301,2025-02-03,delivered,web,WELCOME5,0
1044,326,2025-02-03,delivered,app,,0
1045,506,2025-02-04,delivered,app,,0
1046,26,2025-02-05,delivered,web,WELCOME5,0
1047,25,2025-02-06,delivered,app,,0
1048,140,2025-02-06,delivered,app,,6.99
1049,326,2025-02-07,delivered,web,,6.99
1050,122,2025-02-08,delivered,web,,0
1051,178,2025-02-09,returned,app,,6.99
1052,85,2025-02-10,delivered,web,,0
1053,271,2025-02-10,delivered,web,WELCOME5,0
1054,221,2025-02-11,returned,app,,6.99
1055,21,2025-02-12,delivered,web,,0
1056,271,2025-02-12,delivered,web,,0
1057,331,2025-02-13,returned,web,,0
1058,53,2025-02-14,cancelled,web,,0
1059,105,2025-02-14,delivered,web,,0
1060,40,2025-02-15,delivered,app,,0
1061,465,2025-02-15,delivered,app,,0
1062,486,2025-02-15,delivered,app,,6.99
1063,53,2025-02-16,delivered,web,,6.99
1064,230,2025-02-16,delivered,app,,0
1065,371,2025-02-16,delivered,web,,0
1066,392,2025-02-16,delivered,app,,0
1067,394,2025-02-16,returned,app,,0
1068,172,2025-02-17,delivered,web,,0
1069,203,2025-02-17,delivered,web,,6.99
1070,48,2025-02-18,delivered,web,,0
1071,196,2025-02-18,delivered,web,,0
1072,78,2025-02-19,delivered,web,,6.99
1073,87,2025-02-20,returned,web,,0
1074,246,2025-02-20,delivered,web,,0
1075,301,2025-02-20,delivered,app,,0
1076,391,2025-02-20,delivered,app,,0
1077,220,2025-02-22,cancelled,app,,0
1078,73,2025-02-23,cancelled,web,,0
1079,463,2025-02-23,delivered,web,WELCOME5,0
1080,345,2025-02-24,delivered,web,,0
1081,485,2025-02-24,delivered,web,,0
1082,63,2025-02-25,delivered,web,,0
1083,149,2025-02-25,delivered,web,,6.99
1084,203,2025-02-25,delivered,web,,6.99
1085,336,2025-02-25,delivered,web,,0
1086,345,2025-02-25,delivered,app,,0
1087,426,2025-02-25,cancelled,web,,6.99
1088,13,2025-02-26,delivered,app,WELCOME5,0
1089,131,2025-02-26,delivered,web,WELCOME5,0
1090,220,2025-02-26,delivered,web,,6.99
1091,331,2025-02-26,delivered,app,,6.99
1092,348,2025-02-26,delivered,app,,6.99
1093,7,2025-02-27,delivered,web,WELCOME5,0
1094,146,2025-02-27,delivered,app,,0
1095,281,2025-02-27,delivered,web,,0
1096,322,2025-02-27,delivered,app,,0
1097,365,2025-02-27,delivered,app,,0
1098,391,2025-02-28,delivered,app,,0
1099,328,2025-03-01,delivered,web,,0
1100,231,2025-03-02,delivered,web,WELCOME5,6.99
1101,355,2025-03-03,delivered,app,,6.99
1102,213,2025-03-05,returned,web,,0
1103,511,2025-03-05,delivered,web,,0
1104,213,2025-03-06,delivered,web,,0
1105,312,2025-03-09,delivered,web,,0
1106,514,2025-03-09,delivered,app,,0
1107,454,2025-03-10,delivered,app,WELCOME5,6.99
1108,135,2025-03-11,delivered,web,,0
1109,402,2025-03-11,cancelled,web,,0
1110,485,2025-03-12,delivered,app,,0
1111,133,2025-03-13,delivered,web,,0
1112,255,2025-03-13,delivered,web,,6.99
1113,81,2025-03-14,cancelled,web,,6.99
1114,405,2025-03-18,delivered,app,,0
1115,68,2025-03-20,delivered,app,WELCOME5,0
1116,401,2025-03-20,delivered,web,WELCOME5,0
1117,291,2025-03-22,delivered,web,,0
1118,213,2025-03-23,delivered,web,,0
1119,478,2025-03-23,delivered,web,,0
1120,26,2025-03-24,delivered,web,,6.99
1121,196,2025-03-25,delivered,app,,6.99
1122,463,2025-03-25,delivered,web,,0
1123,296,2025-03-30,delivered,web,,6.99
1124,463,2025-03-30,delivered,app,,0
1125,476,2025-03-30,delivered,web,,0
1126,485,2025-03-30,delivered,web,,0
1127,518,2025-03-30,delivered,web,,0
1128,3,2025-04-01,delivered,web,,0
1129,325,2025-04-01,delivered,web,,0
1130,107,2025-04-02,delivered,app,,0
1131,110,2025-04-02,delivered,web,,6.99
1132,313,2025-04-04,returned,web,,6.99
1133,211,2025-04-05,delivered,app,,6.99
1134,331,2025-04-05,delivered,app,,6.99
1135,196,2025-04-07,delivered,web,,0
1136,405,2025-04-07,delivered,web,,0
1137,174,2025-04-08,delivered,web,,6.99
1138,329,2025-04-08,delivered,web,,0
1139,511,2025-04-08,delivered,web,,6.99
1140,223,2025-04-10,delivered,app,,0
1141,496,2025-04-11,delivered,web,,0
1142,261,2025-04-12,delivered,app,,6.99
1143,160,2025-04-13,delivered,web,,6.99
1144,3,2025-04-17,delivered,web,,0
1145,196,2025-04-17,delivered,app,,0
1146,5,2025-04-18,delivered,web,,6.99
1147,135,2025-04-18,delivered,web,,6.99
1148,306,2025-04-18,delivered,app,,0
1149,75,2025-04-19,delivered,app,,0
1150,345,2025-04-19,delivered,web,,0
1151,509,2025-04-20,delivered,app,,0
1152,91,2025-04-21,delivered,web,,6.99
1153,447,2025-04-21,delivered,web,,0
1154,511,2025-04-23,delivered,web,,6.99
1155,157,2025-04-24,delivered,web,,6.99
1156,21,2025-04-25,delivered,web,,0
1157,413,2025-04-25,returned,web,,0
1158,10,2025-04-26,delivered,app,,6.99
1159,10,2025-04-26,cancelled,app,,6.99
1160,241,2025-04-28,delivered,web,,6.99
1161,296,2025-04-29,delivered,web,,0
1162,185,2025-05-01,delivered,web,,0
1163,140,2025-05-03,returned,web,,6.99
1164,468,2025-05-03,delivered,web,,0
1165,178,2025-05-05,delivered,web,,6.99
1166,153,2025-05-06,delivered,web,,0
1167,419,2025-05-07,delivered,app,,6.99
1168,426,2025-05-07,delivered,web,,0
1169,458,2025-05-09,delivered,web,WELCOME5,0
1170,184,2025-05-10,delivered,web,,0
1171,348,2025-05-11,delivered,web,,0
1172,185,2025-05-12,returned,app,,6.99
1173,101,2025-05-13,delivered,app,,0
1174,48,2025-05-16,returned,web,,0
1175,220,2025-05-16,delivered,app,,0
1176,345,2025-05-16,delivered,app,,0
1177,402,2025-05-19,delivered,app,,6.99
1178,309,2025-05-20,returned,web,,0
1179,402,2025-05-21,delivered,web,,6.99
1180,457,2025-05-21,delivered,web,,6.99
1181,150,2025-05-22,delivered,app,,0
1182,493,2025-05-22,delivered,app,,0
1183,493,2025-05-23,cancelled,web,,0
1184,216,2025-05-27,delivered,web,,0
1185,401,2025-05-28,delivered,web,,6.99
1186,334,2025-05-31,delivered,app,,6.99
1187,165,2025-06-01,delivered,app,,0
1188,270,2025-06-01,delivered,web,,6.99
1189,15,2025-06-02,delivered,app,,6.99
1190,78,2025-06-02,delivered,web,,0
1191,123,2025-06-02,delivered,app,,0
1192,453,2025-06-02,delivered,web,,6.99
1193,273,2025-06-03,delivered,web,,0
1194,345,2025-06-06,delivered,web,,6.99
1195,499,2025-06-07,delivered,web,,0
1196,135,2025-06-11,delivered,web,,6.99
1197,270,2025-06-11,delivered,web,,0
1198,264,2025-06-12,delivered,app,,0
1199,90,2025-06-14,delivered,web,,0
1200,101,2025-06-18,delivered,web,,6.99
1201,437,2025-06-23,delivered,web,,0
1202,488,2025-06-24,delivered,app,WELCOME5,6.99
1203,500,2025-06-24,delivered,web,,6.99
1204,101,2025-06-25,cancelled,app,,0
1205,326,2025-06-25,delivered,web,,0
1206,448,2025-06-26,delivered,app,,0
1207,341,2025-06-27,delivered,app,,0
1208,506,2025-06-27,delivered,app,,0
1209,68,2025-06-28,delivered,app,,6.99
1210,30,2025-06-29,cancelled,web,WELCOME5,6.99
1211,391,2025-06-29,delivered,web,,0
1212,484,2025-06-29,delivered,web,,0
1213,326,2025-07-01,delivered,web,,6.99
1214,314,2025-07-02,delivered,app,,0
1215,505,2025-07-02,returned,web,,6.99
1216,16,2025-07-04,delivered,web,,6.99
1217,185,2025-07-04,delivered,app,,6.99
1218,78,2025-07-06,delivered,app,,0
1219,505,2025-07-06,delivered,app,,0
1220,28,2025-07-07,delivered,app,,0
1221,66,2025-07-08,delivered,web,,0
1222,102,2025-07-08,returned,app,WELCOME5,0
1223,349,2025-07-08,delivered,app,,6.99
1224,208,2025-07-09,delivered,app,,6.99
1225,224,2025-07-09,delivered,web,,0
1226,133,2025-07-10,delivered,app,,0
1227,456,2025-07-10,delivered,app,,0
1228,401,2025-07-11,delivered,app,,0
1229,461,2025-07-14,delivered,app,,0
1230,142,2025-07-15,delivered,web,,0
1231,271,2025-07-15,delivered,web,,6.99
1232,472,2025-07-15,delivered,web,,0
1233,496,2025-07-16,returned,app,,0
1234,84,2025-07-17,delivered,web,,0
1235,391,2025-07-17,delivered,web,,0
1236,197,2025-07-18,delivered,web,WELCOME5,6.99
1237,284,2025-07-18,delivered,web,,6.99
1238,460,2025-07-18,delivered,web,,0
1239,22,2025-07-19,delivered,web,,0
1240,100,2025-07-19,delivered,app,,0
1241,345,2025-07-19,delivered,web,,6.99
1242,22,2025-07-21,delivered,app,,0
1243,365,2025-07-22,delivered,web,,6.99
1244,213,2025-07-23,delivered,web,,0
1245,453,2025-07-26,delivered,web,,0
1246,35,2025-07-27,delivered,web,,0
1247,101,2025-07-27,delivered,web,,0
1248,350,2025-07-27,cancelled,app,,6.99
1249,391,2025-07-27,delivered,web,,0
1250,30,2025-07-28,delivered,app,,0
1251,65,2025-07-28,delivered,app,,6.99
1252,180,2025-07-28,delivered,app,,6.99
1253,321,2025-07-29,cancelled,app,,6.99
1254,443,2025-07-29,delivered,web,,0
1255,175,2025-07-30,delivered,web,WELCOME5,6.99
1256,449,2025-07-30,delivered,web,WELCOME5,6.99
1257,150,2025-07-31,delivered,app,,0
1258,414,2025-07-31,delivered,app,,0
1259,194,2025-08-01,returned,web,,0
1260,263,2025-08-01,delivered,web,,6.99
1261,478,2025-08-01,delivered,app,,0
1262,161,2025-08-02,delivered,web,,6.99
1263,462,2025-08-02,delivered,app,WELCOME5,0
1264,470,2025-08-02,delivered,app,,6.99
1265,508,2025-08-02,delivered,web,WELCOME5,6.99
1266,508,2025-08-02,delivered,web,,0
1267,376,2025-08-03,delivered,app,,6.99
1268,488,2025-08-03,delivered,app,,0
1269,211,2025-08-04,delivered,web,,0
1270,377,2025-08-04,delivered,app,,6.99
1271,419,2025-08-04,delivered,web,,6.99
1272,464,2025-08-04,delivered,web,,0
1273,40,2025-08-05,delivered,app,,0
1274,198,2025-08-05,delivered,web,,0
1275,361,2025-08-05,cancelled,web,WELCOME5,6.99
1276,146,2025-08-06,delivered,web,,0
1277,322,2025-08-06,delivered,web,,0
1278,329,2025-08-06,delivered,app,,6.99
1279,271,2025-08-07,delivered,web,,0
1280,484,2025-08-07,delivered,web,,6.99
1281,485,2025-08-07,delivered,web,,6.99
1282,229,2025-08-08,delivered,app,,6.99
1283,318,2025-08-08,delivered,web,,0
1284,273,2025-08-09,delivered,web,,6.99
1285,351,2025-08-09,delivered,web,,0
1286,485,2025-08-10,delivered,app,,0
1287,15,2025-08-11,delivered,app,,0
1288,16,2025-08-11,delivered,web,,0
1289,98,2025-08-11,delivered,web,WELCOME5,0
1290,281,2025-08-11,delivered,web,,0
1291,460,2025-08-11,delivered,web,,0
1292,211,2025-08-12,delivered,web,,0
1293,336,2025-08-12,delivered,web,,0
1294,413,2025-08-12,delivered,web,,6.99
1295,213,2025-08-13,delivered,app,,0
1296,441,2025-08-13,delivered,web,WELCOME5,0
1297,128,2025-08-14,delivered,web,,0
1298,140,2025-08-14,delivered,app,,0
1299,321,2025-08-14,delivered,web,,0
1300,366,2025-08-14,delivered,web,,0
1301,15,2025-08-15,delivered,web,,6.99
1302,99,2025-08-15,delivered,web,,0
1303,443,2025-08-15,delivered,web,,0
1304,28,2025-08-16,delivered,app,,0
1305,211,2025-08-16,delivered,web,,0
1306,273,2025-08-16,returned,web,,0
1307,387,2025-08-16,delivered,app,,0
1308,63,2025-08-17,delivered,web,,0
1309,79,2025-08-17,delivered,web,,6.99
1310,504,2025-08-17,delivered,app,,0
1311,22,2025-08-18,delivered,web,,0
1312,40,2025-08-18,delivered,web,,0
1313,104,2025-08-18,delivered,web,,0
1314,174,2025-08-18,delivered,web,,0
1315,174,2025-08-19,delivered,app,,6.99
1316,395,2025-08-19,delivered,web,,0
1317,395,2025-08-19,delivered,app,,0
1318,40,2025-08-20,delivered,web,,0
1319,297,2025-08-20,cancelled,web,,6.99
1320,497,2025-08-20,delivered,app,,6.99
1321,47,2025-08-21,cancelled,web,,0
1322,345,2025-08-21,delivered,web,,6.99
1323,402,2025-08-21,delivered,web,,6.99
1324,481,2025-08-21,delivered,app,WELCOME5,0
1325,146,2025-08-22,returned,web,,0
1326,185,2025-08-22,delivered,web,,6.99
1327,5,2025-08-23,delivered,web,,0
1328,201,2025-08-23,delivered,web,,0
1329,57,2025-08-24,delivered,web,,0
1330,190,2025-08-24,delivered,app,,0
1331,271,2025-08-24,delivered,web,,0
1332,321,2025-08-24,delivered,web,,0
1333,363,2025-08-24,delivered,web,WELCOME5,6.99
1334,237,2025-08-25,delivered,app,,6.99
1335,442,2025-08-25,delivered,web,,6.99
1336,450,2025-08-25,delivered,web,,6.99
1337,493,2025-08-25,delivered,web,,6.99
1338,59,2025-08-26,delivered,app,,6.99
1339,78,2025-08-26,delivered,web,,0
1340,91,2025-08-26,delivered,web,,0
1341,404,2025-08-26,delivered,web,WELCOME5,0
1342,88,2025-08-27,delivered,web,,0
1343,137,2025-08-27,delivered,web,WELCOME5,0
1344,178,2025-08-27,delivered,app,,6.99
1345,432,2025-08-27,returned,web,,6.99
1346,54,2025-08-28,delivered,web,,0
1347,270,2025-08-28,delivered,app,,6.99
1348,100,2025-08-30,delivered,web,,6.99
1349,160,2025-08-30,delivered,web,,0
1350,283,2025-08-30,delivered,web,,0
1351,28,2025-08-31,delivered,web,,0
1352,299,2025-08-31,delivered,app,,6.99
1353,450,2025-08-31,delivered,app,,6.99
1354,104,2025-09-01,returned,app,,0
1355,254,2025-09-01,delivered,web,,0
1356,343,2025-09-01,delivered,web,WELCOME5,0
1357,376,2025-09-01,delivered,web,,0
1358,57,2025-09-02,delivered,app,KICKOFF10,0
1359,181,2025-09-02,delivered,app,,0
1360,275,2025-09-02,returned,web,,6.99
1361,285,2025-09-02,delivered,web,KICKOFF10,0
1362,485,2025-09-02,delivered,web,,6.99
1363,10,2025-09-03,delivered,web,,0
1364,132,2025-09-03,delivered,app,,6.99
1365,453,2025-09-03,delivered,web,KICKOFF10,6.99
1366,62,2025-09-04,delivered,web,,0
1367,176,2025-09-04,delivered,app,WELCOME5,0
1368,220,2025-09-04,delivered,web,KICKOFF10,6.99
1369,333,2025-09-04,delivered,web,,6.99
1370,334,2025-09-04,delivered,web,,0
1371,406,2025-09-04,cancelled,web,KICKOFF10,6.99
1372,35,2025-09-05,delivered,app,,0
1373,63,2025-09-05,delivered,app,,0
1374,125,2025-09-05,delivered,web,,0
1375,176,2025-09-05,returned,web,,6.99
1376,203,2025-09-05,delivered,web,,0
1377,304,2025-09-05,delivered,web,KICKOFF10,0
1378,509,2025-09-05,delivered,app,KICKOFF10,6.99
1379,59,2025-09-06,delivered,app,,6.99
1380,97,2025-09-06,delivered,web,KICKOFF10,0
1381,120,2025-09-06,delivered,web,,0
1382,254,2025-09-06,delivered,app,,0
1383,263,2025-09-06,returned,app,,0
1384,284,2025-09-06,delivered,app,,6.99
1385,293,2025-09-06,delivered,web,KICKOFF10,0
1386,346,2025-09-06,delivered,app,,0
1387,391,2025-09-06,delivered,app,KICKOFF10,6.99
1388,265,2025-09-07,delivered,app,,0
1389,376,2025-09-07,delivered,app,,0
1390,13,2025-09-08,delivered,app,,6.99
1391,15,2025-09-08,delivered,app,KICKOFF10,0
1392,75,2025-09-08,returned,app,,0
1393,124,2025-09-08,delivered,app,,6.99
1394,231,2025-09-08,delivered,app,,6.99
1395,378,2025-09-08,delivered,web,KICKOFF10,0
1396,514,2025-09-08,delivered,app,,0
1397,309,2025-09-09,delivered,web,,6.99
1398,322,2025-09-09,delivered,app,,0
1399,483,2025-09-09,delivered,web,,0
1400,504,2025-09-09,delivered,web,,6.99
1401,140,2025-09-10,delivered,app,,6.99
1402,142,2025-09-10,delivered,app,KICKOFF10,6.99
1403,304,2025-09-10,delivered,app,KICKOFF10,0
1404,54,2025-09-11,delivered,app,KICKOFF10,0
1405,58,2025-09-11,delivered,web,KICKOFF10,6.99
1406,117,2025-09-11,returned,web,KICKOFF10,0
1407,167,2025-09-11,returned,web,KICKOFF10,6.99
1408,214,2025-09-11,delivered,web,KICKOFF10,6.99
1409,275,2025-09-11,delivered,web,,0
1410,309,2025-09-11,delivered,web,,6.99
1411,337,2025-09-11,delivered,web,KICKOFF10,0
1412,389,2025-09-11,delivered,app,KICKOFF10,0
1413,419,2025-09-11,delivered,app,,6.99
1414,452,2025-09-11,delivered,app,,0
1415,456,2025-09-11,delivered,web,KICKOFF10,6.99
1416,477,2025-09-11,delivered,app,KICKOFF10,6.99
1417,254,2025-09-12,delivered,web,,0
1418,275,2025-09-12,delivered,app,,0
1419,429,2025-09-12,delivered,app,,6.99
1420,491,2025-09-12,delivered,app,,0
1421,509,2025-09-12,delivered,app,,0
1422,180,2025-09-13,delivered,app,,0
1423,438,2025-09-13,delivered,web,KICKOFF10,0
1424,493,2025-09-13,delivered,app,,6.99
1425,51,2025-09-14,delivered,web,,6.99
1426,66,2025-09-14,delivered,web,,0
1427,75,2025-09-14,cancelled,web,,6.99
1428,187,2025-09-14,delivered,web,,6.99
1429,189,2025-09-14,returned,app,WELCOME5,0
1430,363,2025-09-14,delivered,app,KICKOFF10,0
1431,372,2025-09-14,delivered,app,,0
1432,422,2025-09-14,delivered,app,KICKOFF10,0
1433,48,2025-09-15,delivered,app,,0
1434,60,2025-09-15,delivered,app,,0
1435,113,2025-09-15,delivered,web,,0
1436,509,2025-09-15,delivered,web,,6.99
1437,16,2025-09-16,delivered,app,,0
1438,27,2025-09-16,delivered,web,,0
1439,72,2025-09-16,returned,web,,0
1440,142,2025-09-16,delivered,web,,0
1441,198,2025-09-16,delivered,web,,6.99
1442,327,2025-09-16,delivered,web,,6.99
1443,365,2025-09-16,returned,app,,0
1444,399,2025-09-16,delivered,web,WELCOME5,6.99
1445,87,2025-09-17,delivered,web,,0
1446,179,2025-09-17,delivered,web,,6.99
1447,254,2025-09-17,delivered,app,,0
1448,298,2025-09-17,delivered,web,WELCOME5,0
1449,442,2025-09-17,delivered,web,,0
1450,13,2025-09-18,delivered,web,,0
1451,199,2025-09-18,delivered,web,WELCOME5,0
1452,205,2025-09-18,delivered,app,WELCOME5,0
1453,243,2025-09-18,delivered,web,WELCOME5,0
1454,343,2025-09-18,delivered,app,,0
1455,344,2025-09-18,delivered,web,WELCOME5,6.99
1456,371,2025-09-18,delivered,web,,0
1457,501,2025-09-18,delivered,web,,0
1458,517,2025-09-18,returned,app,,0
1459,268,2025-09-19,returned,app,,0
1460,296,2025-09-19,delivered,app,,0
1461,301,2025-09-19,returned,app,,0
1462,326,2025-09-19,delivered,app,,6.99
1463,405,2025-09-19,delivered,app,,0
1464,418,2025-09-19,delivered,app,,0
1465,509,2025-09-19,delivered,app,,6.99
1466,161,2025-09-20,delivered,web,,6.99
1467,176,2025-09-20,delivered,app,,0
1468,269,2025-09-20,delivered,app,,6.99
1469,307,2025-09-20,delivered,web,WELCOME5,0
1470,426,2025-09-20,delivered,web,,0
1471,450,2025-09-20,delivered,web,,6.99
1472,470,2025-09-20,delivered,web,,6.99
1473,16,2025-09-21,delivered,web,,0
1474,205,2025-09-21,delivered,web,,6.99
1475,211,2025-09-21,delivered,web,,0
1476,225,2025-09-21,returned,app,WELCOME5,6.99
1477,334,2025-09-21,delivered,app,,6.99
1478,371,2025-09-21,delivered,app,,6.99
1479,17,2025-09-22,delivered,web,,0
1480,33,2025-09-22,delivered,web,,6.99
1481,54,2025-09-22,delivered,app,,0
1482,127,2025-09-22,delivered,app,,6.99
1483,200,2025-09-22,delivered,web,WELCOME5,0
1484,229,2025-09-22,delivered,web,,6.99
1485,349,2025-09-22,delivered,app,,6.99
1486,506,2025-09-22,delivered,web,,0
1487,58,2025-09-23,delivered,web,,6.99
1488,78,2025-09-23,delivered,app,,6.99
1489,177,2025-09-23,cancelled,app,,0
1490,268,2025-09-23,delivered,app,,6.99
1491,271,2025-09-23,delivered,app,,6.99
1492,350,2025-09-23,cancelled,app,,0
1493,373,2025-09-23,delivered,web,,6.99
1494,503,2025-09-23,delivered,app,,0
1495,504,2025-09-23,delivered,app,,6.99
1496,63,2025-09-24,delivered,web,,6.99
1497,125,2025-09-24,delivered,app,,6.99
1498,140,2025-09-24,delivered,app,,0
1499,167,2025-09-24,returned,app,,0
1500,242,2025-09-24,delivered,app,,0
1501,249,2025-09-24,delivered,web,,0
1502,259,2025-09-24,delivered,app,,0
1503,365,2025-09-24,delivered,app,,0
1504,487,2025-09-24,returned,app,,6.99
1505,158,2025-09-25,delivered,web,,6.99
1506,266,2025-09-25,delivered,web,WELCOME5,0
1507,410,2025-09-25,delivered,web,,6.99
1508,442,2025-09-25,cancelled,app,,0
1509,125,2025-09-26,delivered,web,,6.99
1510,177,2025-09-26,delivered,web,,6.99
1511,334,2025-09-26,delivered,web,,0
1512,376,2025-09-26,delivered,web,,0
1513,397,2025-09-26,delivered,web,WELCOME5,6.99
1514,444,2025-09-26,delivered,app,,0
1515,30,2025-09-27,delivered,app,,0
1516,125,2025-09-27,delivered,app,,0
1517,344,2025-09-27,returned,app,,0
1518,395,2025-09-27,delivered,web,,0
1519,412,2025-09-27,delivered,app,,0
1520,467,2025-09-27,delivered,app,,0
1521,326,2025-09-28,delivered,web,,0
1522,381,2025-09-28,delivered,app,,0
1523,449,2025-09-28,returned,app,,6.99
1524,101,2025-09-29,delivered,app,,6.99
1525,125,2025-09-29,delivered,app,,0
1526,155,2025-09-29,delivered,app,WELCOME5,6.99
1527,186,2025-09-29,delivered,web,,0
1528,213,2025-09-29,delivered,web,,6.99
1529,281,2025-09-29,delivered,app,,0
1530,321,2025-09-29,cancelled,web,,0
1531,517,2025-09-29,delivered,app,,0
1532,67,2025-09-30,delivered,app,,6.99
1533,396,2025-09-30,delivered,app,,6.99
1534,24,2025-10-01,delivered,app,,0
1535,196,2025-10-01,delivered,web,,0
1536,152,2025-10-02,delivered,web,,0
1537,206,2025-10-02,delivered,app,,6.99
1538,217,2025-10-02,delivered,app,WELCOME5,6.99
1539,327,2025-10-02,delivered,app,,6.99
1540,446,2025-10-02,delivered,app,,0
1541,27,2025-10-03,delivered,app,,0
1542,140,2025-10-03,returned,app,,6.99
1543,209,2025-10-03,delivered,web,,6.99
1544,354,2025-10-03,delivered,app,,0
1545,383,2025-10-03,delivered,app,,6.99
1546,76,2025-10-04,delivered,app,WELCOME5,0
1547,82,2025-10-04,delivered,web,,0
1548,116,2025-10-04,delivered,web,,6.99
1549,445,2025-10-04,delivered,web,WELCOME5,0
1550,330,2025-10-05,cancelled,web,WELCOME5,0
1551,365,2025-10-05,delivered,web,,6.99
1552,472,2025-10-05,delivered,app,,6.99
1553,15,2025-10-06,delivered,web,,6.99
1554,22,2025-10-06,delivered,web,,0
1555,54,2025-10-06,delivered,app,,0
1556,306,2025-10-06,delivered,app,,0
1557,314,2025-10-06,delivered,web,,0
1558,321,2025-10-06,delivered,app,,6.99
1559,23,2025-10-07,delivered,web,,6.99
1560,274,2025-10-07,returned,web,,0
1561,338,2025-10-07,returned,app,,6.99
1562,345,2025-10-07,returned,app,,0
1563,22,2025-10-08,cancelled,web,,0
1564,176,2025-10-08,delivered,web,,0
1565,334,2025-10-08,delivered,web,,6.99
1566,350,2025-10-08,returned,web,,6.99
1567,405,2025-10-08,delivered,web,,6.99
1568,40,2025-10-09,delivered,app,,0
1569,86,2025-10-09,delivered,web,WELCOME5,0
1570,137,2025-10-09,returned,app,,0
1571,275,2025-10-09,delivered,web,,0
1572,304,2025-10-09,delivered,app,,0
1573,324,2025-10-09,delivered,app,,6.99
1574,364,2025-10-09,delivered,app,,6.99
1575,368,2025-10-09,delivered,web,,0
1576,467,2025-10-09,delivered,app,,6.99
1577,126,2025-10-10,delivered,app,,6.99
1578,299,2025-10-10,delivered,web,,6.99
1579,10,2025-10-11,delivered,web,,6.99
1580,120,2025-10-11,delivered,app,,6.99
1581,142,2025-10-11,delivered,app,,6.99
1582,347,2025-10-11,delivered,web,,6.99
1583,387,2025-10-11,delivered,web,,6.99
1584,244,2025-10-12,delivered,web,WELCOME5,6.99
1585,275,2025-10-12,delivered,web,,0
1586,340,2025-10-12,delivered,app,,6.99
1587,10,2025-10-13,delivered,app,,6.99
1588,30,2025-10-13,cancelled,web,,6.99
1589,188,2025-10-13,delivered,app,,6.99
1590,347,2025-10-13,delivered,web,,0
1591,391,2025-10-13,returned,app,,0
1592,422,2025-10-13,delivered,web,,0
1593,470,2025-10-13,delivered,web,,6.99
1594,37,2025-10-14,delivered,web,,0
1595,97,2025-10-14,delivered,app,,0
1596,265,2025-10-14,delivered,web,,0
1597,321,2025-10-14,delivered,app,,0
1598,7,2025-10-15,delivered,web,,6.99
1599,52,2025-10-15,delivered,app,,0
1600,69,2025-10-15,delivered,web,,0
1601,125,2025-10-15,delivered,web,,0
1602,259,2025-10-15,delivered,web,,0
1603,340,2025-10-15,delivered,web,,0
1604,418,2025-10-15,cancelled,web,,0
1605,425,2025-10-15,delivered,app,,0
1606,63,2025-10-16,delivered,web,,0
1607,88,2025-10-16,delivered,app,,6.99
1608,127,2025-10-16,cancelled,web,,0
1609,171,2025-10-16,delivered,app,,0
1610,288,2025-10-16,delivered,web,,0
1611,519,2025-10-16,delivered,web,,0
1612,30,2025-10-17,delivered,web,,6.99
1613,99,2025-10-17,delivered,web,,0
1614,117,2025-10-17,delivered,app,,0
1615,187,2025-10-17,delivered,web,,6.99
1616,195,2025-10-17,delivered,web,,0
1617,200,2025-10-17,cancelled,app,,6.99
1618,211,2025-10-17,delivered,web,,6.99
1619,52,2025-10-18,delivered,web,,6.99
1620,105,2025-10-18,delivered,web,,0
1621,268,2025-10-18,delivered,web,,0
1622,308,2025-10-18,delivered,web,,6.99
1623,358,2025-10-18,delivered,app,,6.99
1624,399,2025-10-18,delivered,web,,0
1625,48,2025-10-19,delivered,web,,0
1626,205,2025-10-19,delivered,web,,0
1627,101,2025-10-20,delivered,app,,0
1628,183,2025-10-20,delivered,web,,6.99
1629,196,2025-10-20,delivered,app,,6.99
1630,274,2025-10-20,delivered,app,,0
1631,385,2025-10-20,delivered,web,WELCOME5,6.99
1632,392,2025-10-20,delivered,web,,0
1633,420,2025-10-20,cancelled,web,WELCOME5,0
1634,453,2025-10-20,delivered,web,,0
1635,22,2025-10-21,delivered,web,,0
1636,88,2025-10-21,cancelled,web,,0
1637,107,2025-10-21,delivered,web,,0
1638,127,2025-10-21,delivered,app,,0
1639,213,2025-10-21,delivered,web,,0
1640,213,2025-10-21,delivered,app,,0
1641,234,2025-10-21,delivered,app,,0
1642,265,2025-10-21,delivered,web,,6.99
1643,313,2025-10-21,delivered,app,,6.99
1644,415,2025-10-21,delivered,web,WELCOME5,6.99
1645,111,2025-10-22,delivered,web,,6.99
1646,213,2025-10-22,delivered,web,,6.99
1647,465,2025-10-22,delivered,web,,6.99
1648,490,2025-10-22,delivered,web,,6.99
1649,492,2025-10-22,delivered,web,,0
1650,36,2025-10-23,delivered,web,,0
1651,121,2025-10-23,delivered,app,,0
1652,209,2025-10-23,delivered,web,,0
1653,231,2025-10-23,delivered,web,,6.99
1654,370,2025-10-23,delivered,web,,0
1655,456,2025-10-23,cancelled,app,,0
1656,43,2025-10-24,returned,web,,0
1657,56,2025-10-24,delivered,app,WELCOME5,0
1658,119,2025-10-24,returned,web,,6.99
1659,147,2025-10-24,delivered,web,,0
1660,177,2025-10-24,delivered,app,,6.99
1661,231,2025-10-24,delivered,web,,6.99
1662,318,2025-10-24,delivered,web,,6.99
1663,390,2025-10-24,delivered,web,WELCOME5,0
1664,67,2025-10-25,delivered,web,,6.99
1665,247,2025-10-25,delivered,app,WELCOME5,0
1666,299,2025-10-25,delivered,app,,0
1667,382,2025-10-25,delivered,web,,6.99
1668,405,2025-10-25,delivered,app,,0
1669,509,2025-10-25,delivered,app,,6.99
1670,21,2025-10-26,delivered,web,,0
1671,84,2025-10-26,delivered,web,,0
1672,97,2025-10-26,delivered,web,,6.99
1673,190,2025-10-26,delivered,web,,6.99
1674,377,2025-10-26,delivered,app,,6.99
1675,405,2025-10-26,delivered,web,,6.99
1676,440,2025-10-26,delivered,web,,0
1677,518,2025-10-26,delivered,app,,6.99
1678,134,2025-10-27,delivered,web,WELCOME5,6.99
1679,191,2025-10-27,delivered,app,WELCOME5,0
1680,217,2025-10-27,delivered,web,,0
1681,177,2025-10-28,delivered,app,,6.99
1682,259,2025-10-28,delivered,app,,0
1683,281,2025-10-28,delivered,app,,6.99
1684,303,2025-10-28,cancelled,app,,0
1685,332,2025-10-28,delivered,app,WELCOME5,6.99
1686,450,2025-10-28,delivered,web,,6.99
1687,132,2025-10-29,delivered,web,,0
1688,372,2025-10-29,delivered,web,,0
1689,439,2025-10-29,delivered,app,,0
1690,488,2025-10-29,delivered,app,,6.99
1691,147,2025-10-30,delivered,app,,0
1692,367,2025-10-30,delivered,web,,6.99
1693,388,2025-10-30,delivered,web,WELCOME5,0
1694,426,2025-10-30,delivered,web,,0
1695,451,2025-10-30,delivered,web,WELCOME5,6.99
1696,473,2025-10-30,delivered,web,,0
1697,121,2025-10-31,delivered,web,,0
1698,156,2025-10-31,delivered,web,,0
1699,167,2025-10-31,delivered,app,,6.99
1700,271,2025-10-31,delivered,web,,6.99
1701,405,2025-10-31,delivered,app,,0
1702,452,2025-10-31,delivered,app,,6.99
1703,97,2025-11-01,delivered,app,,0
1704,203,2025-11-01,delivered,web,,0
1705,203,2025-11-01,delivered,web,,0
1706,376,2025-11-01,delivered,app,,6.99
1707,11,2025-11-02,cancelled,web,,6.99
1708,225,2025-11-02,delivered,app,,6.99
1709,256,2025-11-02,delivered,app,,0
1710,323,2025-11-02,delivered,app,,6.99
1711,337,2025-11-02,delivered,web,,0
1712,420,2025-11-02,delivered,app,,0
1713,450,2025-11-02,delivered,app,,0
1714,88,2025-11-03,returned,web,,0
1715,143,2025-11-03,delivered,web,,0
1716,240,2025-11-03,delivered,web,,0
1717,297,2025-11-03,delivered,web,,0
1718,308,2025-11-03,delivered,web,,0
1719,326,2025-11-03,delivered,app,,6.99
1720,409,2025-11-03,cancelled,app,,0
1721,476,2025-11-03,returned,app,,0
1722,487,2025-11-03,delivered,app,,0
1723,190,2025-11-04,delivered,web,,0
1724,263,2025-11-04,returned,app,,0
1725,363,2025-11-04,delivered,app,,0
1726,420,2025-11-04,delivered,app,,0
1727,4,2025-11-05,delivered,web,,6.99
1728,30,2025-11-05,delivered,web,,0
1729,100,2025-11-05,delivered,web,,0
1730,164,2025-11-05,delivered,web,,6.99
1731,182,2025-11-05,delivered,app,WELCOME5,0
1732,186,2025-11-05,cancelled,web,,0
1733,267,2025-11-05,delivered,web,,6.99
1734,313,2025-11-05,delivered,web,,0
1735,453,2025-11-05,delivered,web,,6.99
1736,494,2025-11-05,delivered,web,,0
1737,24,2025-11-06,delivered,web,,0
1738,105,2025-11-06,delivered,web,,0
1739,196,2025-11-06,delivered,app,,0
1740,209,2025-11-06,delivered,app,,6.99
1741,304,2025-11-06,cancelled,app,,0
1742,363,2025-11-06,delivered,app,,0
1743,403,2025-11-06,delivered,web,,6.99
1744,438,2025-11-06,delivered,web,,0
1745,463,2025-11-06,delivered,web,,0
1746,68,2025-11-07,delivered,web,,0
1747,190,2025-11-07,delivered,app,,6.99
1748,265,2025-11-07,delivered,web,,6.99
1749,305,2025-11-07,delivered,web,WELCOME5,0
1750,407,2025-11-07,delivered,web,,6.99
1751,428,2025-11-07,delivered,web,,6.99
1752,461,2025-11-07,delivered,app,,0
1753,491,2025-11-07,delivered,web,,0
1754,61,2025-11-08,delivered,app,,6.99
1755,77,2025-11-08,delivered,app,,0
1756,99,2025-11-08,delivered,web,,6.99
1757,22,2025-11-09,delivered,web,,0
1758,90,2025-11-09,delivered,web,,6.99
1759,135,2025-11-09,delivered,app,,0
1760,139,2025-11-09,delivered,web,,6.99
1761,193,2025-11-09,delivered,web,,6.99
1762,195,2025-11-09,delivered,app,,0
1763,195,2025-11-09,delivered,app,,0
1764,243,2025-11-09,delivered,app,,0
1765,489,2025-11-09,delivered,app,,0
1766,124,2025-11-10,delivered,web,,6.99
1767,177,2025-11-10,delivered,app,,6.99
1768,190,2025-11-10,delivered,web,,0
1769,215,2025-11-10,cancelled,web,,0
1770,236,2025-11-10,delivered,web,,0
1771,295,2025-11-10,delivered,web,,0
1772,348,2025-11-10,delivered,app,,0
1773,386,2025-11-10,returned,web,,0
1774,450,2025-11-10,delivered,web,,0
1775,511,2025-11-10,delivered,app,,0
1776,517,2025-11-10,delivered,web,,0
1777,134,2025-11-11,delivered,web,,6.99
1778,239,2025-11-11,delivered,app,,0
1779,306,2025-11-11,delivered,web,,0
1780,344,2025-11-11,delivered,web,,6.99
1781,371,2025-11-11,delivered,app,,0
1782,3,2025-11-12,delivered,web,,0
1783,195,2025-11-12,delivered,app,,0
1784,198,2025-11-12,delivered,web,,0
1785,231,2025-11-12,delivered,app,,0
1786,270,2025-11-12,delivered,web,,0
1787,326,2025-11-12,delivered,web,,0
1788,334,2025-11-12,delivered,app,,0
1789,509,2025-11-12,delivered,app,,6.99
1790,140,2025-11-13,returned,web,,0
1791,205,2025-11-13,delivered,app,,0
1792,238,2025-11-13,delivered,web,,0
1793,254,2025-11-13,delivered,app,,6.99
1794,274,2025-11-13,delivered,app,,0
1795,291,2025-11-13,returned,app,,0
1796,468,2025-11-13,returned,web,,6.99
1797,509,2025-11-13,delivered,app,,0
1798,29,2025-11-14,returned,web,,6.99
1799,30,2025-11-14,delivered,web,,6.99
1800,112,2025-11-14,delivered,app,,6.99
1801,125,2025-11-14,delivered,app,,0
1802,332,2025-11-14,delivered,web,,6.99
1803,437,2025-11-14,delivered,web,,0
1804,114,2025-11-15,delivered,web,,0
1805,146,2025-11-15,delivered,web,,6.99
1806,188,2025-11-15,delivered,web,,6.99
1807,285,2025-11-15,delivered,app,,0
1808,295,2025-11-15,delivered,web,,0
1809,371,2025-11-15,delivered,web,,0
1810,420,2025-11-15,delivered,web,,6.99
1811,24,2025-11-16,delivered,web,,0
1812,97,2025-11-16,delivered,web,,0
1813,239,2025-11-16,delivered,app,,6.99
1814,254,2025-11-16,delivered,web,,6.99
1815,343,2025-11-16,delivered,app,,0
1816,375,2025-11-16,delivered,web,,0
1817,379,2025-11-16,delivered,web,,0
1818,478,2025-11-16,delivered,web,,6.99
1819,511,2025-11-16,delivered,web,,6.99
1820,16,2025-11-17,delivered,web,,0
1821,307,2025-11-17,delivered,app,,6.99
1822,351,2025-11-17,delivered,app,,6.99
1823,395,2025-11-17,delivered,web,,6.99
1824,398,2025-11-17,delivered,app,,6.99
1825,450,2025-11-17,cancelled,web,,0
1826,459,2025-11-17,delivered,app,,6.99
1827,80,2025-11-18,delivered,app,,6.99
1828,108,2025-11-18,delivered,app,,0
1829,125,2025-11-18,delivered,web,,6.99
1830,198,2025-11-18,delivered,web,,0
1831,271,2025-11-18,delivered,app,,0
1832,361,2025-11-18,delivered,app,,6.99
1833,409,2025-11-18,delivered,web,,6.99
1834,87,2025-11-19,delivered,app,,6.99
1835,125,2025-11-19,delivered,web,,0
1836,355,2025-11-19,delivered,app,,6.99
1837,443,2025-11-19,delivered,web,,6.99
1838,466,2025-11-19,returned,web,,0
1839,476,2025-11-19,delivered,web,,0
1840,100,2025-11-20,delivered,web,,0
1841,184,2025-11-20,delivered,web,,0
1842,254,2025-11-20,delivered,app,,0
1843,284,2025-11-20,delivered,web,,0
1844,378,2025-11-20,delivered,app,,0
1845,396,2025-11-20,delivered,app,,0
1846,20,2025-11-21,delivered,web,,0
1847,34,2025-11-21,delivered,web,,0
1848,45,2025-11-21,delivered,web,,0
1849,97,2025-11-21,returned,app,,0
1850,134,2025-11-21,delivered,web,,0
1851,245,2025-11-21,delivered,app,,6.99
1852,281,2025-11-21,delivered,web,,6.99
1853,301,2025-11-21,delivered,app,,6.99
1854,309,2025-11-21,delivered,app,,6.99
1855,350,2025-11-21,delivered,app,,6.99
1856,467,2025-11-21,delivered,app,,6.99
1857,487,2025-11-21,cancelled,web,,0
1858,490,2025-11-21,delivered,web,,0
1859,30,2025-11-22,cancelled,web,,0
1860,34,2025-11-22,delivered,app,,0
1861,51,2025-11-22,delivered,app,,6.99
1862,101,2025-11-22,delivered,app,,0
1863,170,2025-11-22,delivered,web,,6.99
1864,209,2025-11-22,delivered,web,,6.99
1865,268,2025-11-22,delivered,web,,0
1866,477,2025-11-22,delivered,web,,0
1867,513,2025-11-22,delivered,web,,6.99
1868,34,2025-11-23,delivered,web,,0
1869,53,2025-11-23,delivered,app,,0
1870,59,2025-11-23,delivered,app,,6.99
1871,103,2025-11-23,cancelled,web,WELCOME5,0
1872,177,2025-11-23,delivered,web,,0
1873,236,2025-11-23,delivered,web,,0
1874,443,2025-11-23,returned,web,,0
1875,35,2025-11-24,delivered,app,,6.99
1876,63,2025-11-24,delivered,web,,0
1877,140,2025-11-24,delivered,web,,0
1878,152,2025-11-24,delivered,web,,0
1879,212,2025-11-24,delivered,web,WELCOME5,0
1880,275,2025-11-24,delivered,web,,0
1881,420,2025-11-24,cancelled,app,,0
1882,420,2025-11-24,returned,web,,0
1883,140,2025-11-25,delivered,web,,0
1884,207,2025-11-25,delivered,web,,0
1885,331,2025-11-25,delivered,app,,0
1886,334,2025-11-25,delivered,app,,6.99
1887,387,2025-11-25,delivered,app,,0
1888,470,2025-11-25,delivered,web,,6.99
1889,517,2025-11-25,delivered,app,,0
1890,22,2025-11-26,delivered,web,,6.99
1891,114,2025-11-26,delivered,web,,0
1892,129,2025-11-26,delivered,web,,0
1893,162,2025-11-26,delivered,web,,0
1894,278,2025-11-26,delivered,web,,0
1895,310,2025-11-26,delivered,app,,6.99
1896,343,2025-11-26,delivered,web,,6.99
1897,485,2025-11-26,delivered,web,,0
1898,24,2025-11-27,delivered,app,,0
1899,125,2025-11-27,delivered,app,,0
1900,140,2025-11-27,cancelled,web,,0
1901,141,2025-11-27,delivered,app,,6.99
1902,252,2025-11-27,delivered,web,,6.99
1903,373,2025-11-27,delivered,web,,0
1904,415,2025-11-27,delivered,app,,0
1905,469,2025-11-27,delivered,web,WELCOME5,6.99
1906,484,2025-11-27,cancelled,app,,6.99
1907,21,2025-11-28,delivered,app,BLACKFRIDAY20,0
1908,95,2025-11-28,delivered,web,BLACKFRIDAY20,0
1909,169,2025-11-28,delivered,web,,0
1910,195,2025-11-28,delivered,app,,0
1911,262,2025-11-28,delivered,web,,0
1912,275,2025-11-28,cancelled,web,,0
1913,289,2025-11-28,delivered,app,BLACKFRIDAY20,6.99
1914,308,2025-11-28,delivered,web,,6.99
1915,405,2025-11-28,cancelled,app,,6.99
1916,420,2025-11-28,delivered,web,,0
1917,472,2025-11-28,delivered,web,BLACKFRIDAY20,6.99
1918,511,2025-11-28,delivered,web,BLACKFRIDAY20,0
1919,92,2025-11-29,delivered,web,,0
1920,113,2025-11-29,delivered,web,BLACKFRIDAY20,0
1921,221,2025-11-29,delivered,web,,6.99
1922,222,2025-11-29,cancelled,web,,6.99
1923,234,2025-11-29,delivered,web,BLACKFRIDAY20,0
1924,358,2025-11-29,delivered,app,BLACKFRIDAY20,0
1925,463,2025-11-29,delivered,web,BLACKFRIDAY20,0
1926,177,2025-11-30,delivered,web,,6.99
1927,382,2025-11-30,delivered,app,BLACKFRIDAY20,0
1928,472,2025-11-30,delivered,web,,0
1929,487,2025-11-30,delivered,web,BLACKFRIDAY20,6.99
1930,515,2025-11-30,delivered,web,BLACKFRIDAY20,0
1931,9,2025-12-01,delivered,app,BLACKFRIDAY20,0
1932,146,2025-12-01,delivered,app,BLACKFRIDAY20,6.99
1933,148,2025-12-01,delivered,app,BLACKFRIDAY20,6.99
1934,226,2025-12-01,returned,web,,0
1935,234,2025-12-01,delivered,web,,0
1936,276,2025-12-01,delivered,web,WELCOME5,6.99
1937,296,2025-12-01,delivered,web,,0
1938,338,2025-12-01,delivered,web,BLACKFRIDAY20,0
1939,346,2025-12-01,delivered,web,BLACKFRIDAY20,0
1940,13,2025-12-02,delivered,web,,6.99
1941,151,2025-12-02,delivered,web,GIFT15,0
1942,178,2025-12-02,delivered,web,,6.99
1943,242,2025-12-02,delivered,web,,6.99
1944,277,2025-12-02,delivered,app,,0
1945,369,2025-12-02,delivered,app,,6.99
1946,392,2025-12-02,delivered,app,,6.99
1947,60,2025-12-03,delivered,web,,0
1948,93,2025-12-03,delivered,web,,0
1949,148,2025-12-03,delivered,web,,6.99
1950,177,2025-12-03,delivered,app,,6.99
1951,301,2025-12-03,delivered,app,,0
1952,444,2025-12-03,delivered,web,,0
1953,475,2025-12-03,returned,web,WELCOME5,6.99
1954,485,2025-12-03,delivered,app,,0
1955,506,2025-12-03,delivered,web,,6.99
1956,67,2025-12-04,returned,web,,6.99
1957,190,2025-12-04,delivered,web,,0
1958,315,2025-12-04,delivered,app,WELCOME5,0
1959,335,2025-12-04,delivered,app,GIFT15,0
1960,359,2025-12-04,delivered,web,,0
1961,381,2025-12-04,delivered,web,,0
1962,138,2025-12-05,delivered,app,,6.99
1963,146,2025-12-05,delivered,app,,6.99
1964,147,2025-12-05,delivered,app,,6.99
1965,177,2025-12-05,delivered,web,,0
1966,198,2025-12-05,delivered,app,,6.99
1967,200,2025-12-05,delivered,web,,6.99
1968,202,2025-12-05,delivered,web,,6.99
1969,203,2025-12-05,delivered,app,,0
1970,228,2025-12-05,delivered,web,,6.99
1971,472,2025-12-05,delivered,web,GIFT15,0
1972,516,2025-12-05,delivered,web,,0
1973,63,2025-12-06,delivered,web,,0
1974,94,2025-12-06,delivered,web,,6.99
1975,97,2025-12-06,delivered,web,,0
1976,125,2025-12-06,delivered,web,,0
1977,130,2025-12-06,delivered,app,,0
1978,176,2025-12-06,delivered,web,,6.99
1979,217,2025-12-06,delivered,web,,6.99
1980,274,2025-12-06,delivered,web,,6.99
1981,327,2025-12-06,delivered,app,,6.99
1982,391,2025-12-06,delivered,web,,0
1983,408,2025-12-06,delivered,web,,6.99
1984,450,2025-12-06,delivered,web,,6.99
1985,478,2025-12-06,delivered,app,,0
1986,19,2025-12-07,delivered,web,GIFT15,0
1987,88,2025-12-07,delivered,app,,6.99
1988,112,2025-12-07,delivered,web,GIFT15,6.99
1989,167,2025-12-07,delivered,app,,0
1990,218,2025-12-07,delivered,app,,6.99
1991,260,2025-12-07,cancelled,app,,0
1992,338,2025-12-07,delivered,web,,0
1993,376,2025-12-07,delivered,app,,0
1994,442,2025-12-07,delivered,web,GIFT15,6.99
1995,469,2025-12-07,delivered,web,,6.99
1996,498,2025-12-07,delivered,app,GIFT15,6.99
1997,15,2025-12-08,delivered,web,,0
1998,115,2025-12-08,delivered,web,GIFT15,6.99
1999,148,2025-12-08,delivered,app,,0
2000,197,2025-12-08,delivered,app,,0
2001,239,2025-12-08,delivered,web,,0
2002,265,2025-12-08,delivered,app,,0
2003,292,2025-12-08,delivered,app,WELCOME5,6.99
2004,343,2025-12-08,delivered,app,,0
2005,376,2025-12-08,delivered,web,,0
2006,385,2025-12-08,cancelled,web,,6.99
2007,396,2025-12-08,delivered,web,,6.99
2008,429,2025-12-08,delivered,app,,0
2009,453,2025-12-08,cancelled,web,GIFT15,6.99
2010,89,2025-12-09,delivered,web,,6.99
2011,99,2025-12-09,cancelled,web,,0
2012,109,2025-12-09,delivered,app,,6.99
2013,187,2025-12-09,delivered,web,,0
2014,223,2025-12-09,delivered,app,GIFT15,0
2015,231,2025-12-09,delivered,web,,0
2016,239,2025-12-09,cancelled,app,,0
2017,257,2025-12-09,delivered,web,,0
2018,348,2025-12-09,delivered,app,,0
2019,396,2025-12-09,delivered,web,,6.99
2020,400,2025-12-09,delivered,app,,0
2021,420,2025-12-09,delivered,web,,6.99
2022,16,2025-12-10,delivered,app,,6.99
2023,129,2025-12-10,delivered,web,GIFT15,0
2024,132,2025-12-10,returned,web,,6.99
2025,178,2025-12-10,delivered,web,,0
2026,196,2025-12-10,delivered,app,,6.99
2027,234,2025-12-10,delivered,web,,0
2028,236,2025-12-10,delivered,app,,6.99
2029,311,2025-12-10,cancelled,web,,0
2030,334,2025-12-10,delivered,web,,0
2031,343,2025-12-10,cancelled,web,,0
2032,347,2025-12-10,delivered,app,,0
2033,381,2025-12-10,delivered,app,,0
2034,420,2025-12-10,delivered,web,,0
2035,479,2025-12-10,delivered,web,,0
2036,24,2025-12-11,cancelled,app,,6.99
2037,30,2025-12-11,delivered,web,GIFT15,6.99
2038,35,2025-12-11,delivered,web,,6.99
2039,95,2025-12-11,delivered,web,,0
2040,190,2025-12-11,delivered,web,,0
2041,326,2025-12-11,delivered,app,GIFT15,0
2042,339,2025-12-11,delivered,web,,6.99
2043,392,2025-12-11,delivered,web,,0
2044,515,2025-12-11,delivered,web,,6.99
2045,49,2025-12-12,delivered,web,,0
2046,153,2025-12-12,delivered,app,GIFT15,0
2047,209,2025-12-12,delivered,web,,0
2048,233,2025-12-12,delivered,web,,0
2049,254,2025-12-12,cancelled,app,,6.99
2050,357,2025-12-12,delivered,app,,0
2051,391,2025-12-12,delivered,web,,0
2052,450,2025-12-12,delivered,web,,0
2053,484,2025-12-12,delivered,web,,6.99
2054,30,2025-12-13,delivered,app,,0
2055,34,2025-12-13,delivered,web,,6.99
2056,182,2025-12-13,returned,app,,6.99
2057,185,2025-12-13,delivered,web,,6.99
2058,187,2025-12-13,delivered,app,,0
2059,190,2025-12-13,delivered,web,,0
2060,213,2025-12-13,delivered,app,,0
2061,216,2025-12-13,delivered,app,,0
2062,323,2025-12-13,delivered,app,,0
2063,383,2025-12-13,delivered,web,,0
2064,32,2025-12-14,delivered,web,,0
2065,81,2025-12-14,delivered,app,GIFT15,0
2066,117,2025-12-14,delivered,app,,0
2067,196,2025-12-14,cancelled,web,,6.99
2068,203,2025-12-14,delivered,web,,6.99
2069,295,2025-12-14,delivered,app,,0
2070,330,2025-12-14,returned,web,,0
2071,345,2025-12-14,returned,web,GIFT15,6.99
2072,420,2025-12-14,delivered,web,GIFT15,0
2073,429,2025-12-14,delivered,app,,0
2074,22,2025-12-15,cancelled,web,,0
2075,97,2025-12-15,delivered,app,,0
2076,101,2025-12-15,cancelled,web,,0
2077,116,2025-12-15,delivered,web,,6.99
2078,251,2025-12-15,delivered,web,,6.99
2079,303,2025-12-15,delivered,web,,6.99
2080,331,2025-12-15,delivered,web,,0
2081,345,2025-12-15,delivered,app,,0
2082,368,2025-12-15,delivered,web,GIFT15,6.99
2083,443,2025-12-15,delivered,web,,6.99
2084,450,2025-12-15,returned,app,,6.99
2085,451,2025-12-15,returned,web,,6.99
2086,20,2025-12-16,cancelled,web,,6.99
2087,46,2025-12-16,delivered,app,WELCOME5,0
2088,54,2025-12-16,delivered,app,,0
2089,151,2025-12-16,cancelled,web,,0
2090,266,2025-12-16,delivered,web,,0
2091,337,2025-12-16,delivered,web,GIFT15,6.99
2092,420,2025-12-16,delivered,app,,6.99
2093,448,2025-12-16,delivered,web,GIFT15,0
2094,453,2025-12-16,delivered,app,,0
2095,71,2025-12-17,delivered,web,,0
2096,95,2025-12-17,delivered,web,,6.99
2097,113,2025-12-17,delivered,app,,6.99
2098,209,2025-12-17,delivered,app,,6.99
2099,243,2025-12-17,delivered,web,,0
2100,253,2025-12-17,cancelled,web,,0
2101,270,2025-12-17,delivered,web,GIFT15,0
2102,323,2025-12-17,delivered,app,,0
2103,345,2025-12-17,delivered,web,GIFT15,0
2104,392,2025-12-17,delivered,web,,0
2105,463,2025-12-17,delivered,web,GIFT15,6.99
2106,509,2025-12-17,delivered,app,,0
2107,45,2025-12-18,delivered,web,,0
2108,53,2025-12-18,delivered,web,,6.99
2109,89,2025-12-18,delivered,web,,0
2110,177,2025-12-18,delivered,web,,6.99
2111,244,2025-12-18,returned,app,GIFT15,0
2112,391,2025-12-18,delivered,web,,0
2113,468,2025-12-18,delivered,app,,0
2114,514,2025-12-18,cancelled,web,,6.99
2115,22,2025-12-19,delivered,web,,0
2116,57,2025-12-19,delivered,web,,0
2117,132,2025-12-19,delivered,web,,0
2118,167,2025-12-19,delivered,web,,6.99
2119,296,2025-12-19,delivered,app,,0
2120,376,2025-12-19,delivered,web,,0
2121,490,2025-12-19,delivered,web,,6.99
2122,517,2025-12-19,delivered,web,GIFT15,0
2123,16,2025-12-20,delivered,app,GIFT15,6.99
2124,30,2025-12-20,returned,web,,0
2125,77,2025-12-20,delivered,web,GIFT15,6.99
2126,78,2025-12-20,delivered,web,,0
2127,79,2025-12-20,delivered,app,GIFT15,6.99
2128,79,2025-12-20,delivered,web,,6.99
2129,163,2025-12-20,delivered,web,,0
2130,198,2025-12-20,delivered,web,,0
2131,205,2025-12-20,delivered,app,,6.99
2132,233,2025-12-20,delivered,web,,6.99
2133,275,2025-12-20,delivered,web,GIFT15,0
2134,278,2025-12-20,delivered,web,GIFT15,0
2135,279,2025-12-20,delivered,app,WELCOME5,0
2136,301,2025-12-20,delivered,web,,0
2137,397,2025-12-20,delivered,web,,0
2138,439,2025-12-20,delivered,web,,0
2139,442,2025-12-20,delivered,web,,0
2140,509,2025-12-20,delivered,web,,6.99
2141,26,2025-12-21,delivered,app,,6.99
2142,124,2025-12-21,delivered,web,GIFT15,6.99
2143,189,2025-12-21,delivered,web,GIFT15,0
2144,235,2025-12-21,delivered,app,,0
2145,286,2025-12-21,delivered,app,,6.99
2146,296,2025-12-21,delivered,app,,0
2147,304,2025-12-21,delivered,web,,0
2148,333,2025-12-21,delivered,app,,6.99
2149,381,2025-12-21,delivered,web,,6.99
2150,390,2025-12-21,delivered,app,,6.99
2151,485,2025-12-21,delivered,web,,0
2152,485,2025-12-21,delivered,web,,0
2153,51,2025-12-22,delivered,app,,0
2154,64,2025-12-22,delivered,web,GIFT15,0
2155,97,2025-12-22,delivered,web,,0
2156,133,2025-12-22,cancelled,web,,0
2157,148,2025-12-22,delivered,app,,0
2158,192,2025-12-22,delivered,app,,6.99
2159,224,2025-12-22,delivered,web,,0
2160,237,2025-12-22,delivered,app,,0
2161,326,2025-12-22,delivered,app,,6.99
2162,337,2025-12-22,delivered,app,,6.99
2163,396,2025-12-22,delivered,app,,6.99
2164,20,2025-12-23,delivered,app,,0
2165,137,2025-12-23,returned,web,,0
2166,188,2025-12-23,delivered,web,,6.99
2167,239,2025-12-23,delivered,web,,0
2168,436,2025-12-23,delivered,app,,0
2169,449,2025-12-23,delivered,web,,0
2170,469,2025-12-23,delivered,web,,0
2171,498,2025-12-23,cancelled,web,,0
2172,75,2025-12-24,shipped,web,,6.99
2173,201,2025-12-24,delivered,web,GIFT15,6.99
2174,321,2025-12-24,shipped,app,,0
2175,516,2025-12-24,delivered,web,,0
2176,95,2025-12-25,shipped,app,,6.99
2177,123,2025-12-25,shipped,web,,6.99
2178,146,2025-12-25,delivered,web,,6.99
2179,239,2025-12-25,shipped,app,,6.99
2180,270,2025-12-25,shipped,app,,6.99
2181,281,2025-12-25,shipped,web,,0
2182,296,2025-12-25,delivered,app,,0
2183,336,2025-12-25,shipped,web,,0
2184,349,2025-12-25,shipped,web,,6.99
2185,377,2025-12-25,delivered,web,,0
2186,403,2025-12-25,shipped,app,,6.99
2187,443,2025-12-25,shipped,web,,0
2188,490,2025-12-25,shipped,app,,0
2189,509,2025-12-25,shipped,web,,0
2190,24,2025-12-26,shipped,app,,0
2191,63,2025-12-26,shipped,app,,0
2192,174,2025-12-26,shipped,web,,0
2193,258,2025-12-26,shipped,web,,0
2194,274,2025-12-26,shipped,web,GIFT15,0
2195,409,2025-12-26,delivered,app,GIFT15,6.99
2196,449,2025-12-26,delivered,app,,0
2197,480,2025-12-26,shipped,web,,6.99
2198,514,2025-12-26,shipped,web,,6.99
2199,7,2025-12-27,delivered,app,,0
2200,162,2025-12-27,shipped,web,,0
2201,215,2025-12-27,shipped,app,GIFT15,6.99
2202,233,2025-12-27,delivered,app,GIFT15,0
2203,239,2025-12-27,shipped,app,,0
2204,253,2025-12-27,delivered,web,,0
2205,426,2025-12-27,shipped,web,,0
2206,485,2025-12-27,shipped,web,,0
2207,32,2025-12-28,shipped,app,,6.99
2208,272,2025-12-28,shipped,web,,0
2209,296,2025-12-28,shipped,web,,6.99
2210,310,2025-12-28,shipped,web,,0
2211,356,2025-12-28,shipped,app,,0
2212,423,2025-12-28,shipped,web,,0
2213,477,2025-12-28,delivered,app,,0
2214,482,2025-12-28,delivered,web,GIFT15,0
2215,12,2025-12-29,shipped,web,,0
2216,32,2025-12-29,shipped,web,GIFT15,0
2217,44,2025-12-29,shipped,web,,0
2218,50,2025-12-29,shipped,web,,0
2219,55,2025-12-29,shipped,web,,0
2220,131,2025-12-29,shipped,web,,6.99
2221,321,2025-12-29,shipped,app,,0
2222,450,2025-12-29,delivered,app,,0
2223,1,2025-12-30,shipped,app,WELCOME5,0
2224,10,2025-12-30,shipped,app,,0
2225,13,2025-12-30,shipped,web,,6.99
2226,29,2025-12-30,shipped,app,,0
2227,95,2025-12-30,delivered,web,,0
2228,140,2025-12-30,delivered,web,,0
2229,164,2025-12-30,delivered,web,GIFT15,0
2230,177,2025-12-30,shipped,app,,0
2231,212,2025-12-30,shipped,web,,0
2232,333,2025-12-30,shipped,web,,0
2233,421,2025-12-30,shipped,web,WELCOME5,6.99
2234,467,2025-12-30,shipped,web,GIFT15,0
2235,472,2025-12-30,shipped,web,,6.99
2236,22,2025-12-31,shipped,web,,0
2237,41,2025-12-31,delivered,app,,0
2238,48,2025-12-31,shipped,app,,0
2239,97,2025-12-31,shipped,web,,0
2240,97,2025-12-31,shipped,app,,0
2241,213,2025-12-31,shipped,web,,0
2242,281,2025-12-31,delivered,app,,0
2243,310,2025-12-31,shipped,app,,0
2244,335,2025-12-31,shipped,app,,6.99
2245,435,2025-12-31,delivered,web,,0
2246,453,2025-12-31,shipped,web,,6.99
2247,465,2025-12-31,shipped,web,,6.99
2248,514,2025-12-31,shipped,web,,0
