order_id,product_id,quantity,unit_price
1001,31,1,24.99
1002,1,1,109.99
1003,32,1,9.99
1003,29,1,25
1004,8,1,64.99
1004,18,3,29.99
1004,7,1,109.99
1005,30,1,50
1006,29,1,25
1006,28,1,89.99
1007,29,2,25
1008,6,1,29.99
1009,1,1,109.99
1009,23,1,64.99
1010,23,1,64.99
1010,8,1,64.99
1011,4,1,109.99
1011,31,1,24.99
1012,18,2,29.99
1013,5,1,64.99
1013,6,1,29.99
1013,4,1,109.99
1013,9,1,29.99
1014,24,1,29.99
1014,23,1,64.99
1015,6,1,29.99
1015,19,1,109.99
1016,6,1,29.99
1017,22,1,109.99
1018,14,2,64.99
1018,21,1,29.99
1019,27,1,39.99
1020,1,1,109.99
1020,2,1,64.99
1021,16,1,109.99
1021,21,1,29.99
1021,13,1,109.99
1022,16,2,109.99
1022,17,2,64.99
1022,18,1,29.99
1022,9,1,29.99
1023,28,2,89.99
1024,26,1,19.99
1025,17,1,64.99
1026,31,1,24.99
1026,16,1,109.99
1027,16,1,109.99
1028,25,3,16.99
1028,9,1,29.99
1029,5,1,64.99
1029,11,1,64.99
1029,6,1,29.99
1030,12,1,29.99
1031,2,1,64.99
1031,14,1,64.99
1031,31,1,24.99
1032,18,1,29.99
1033,12,2,29.99
1034,16,1,109.99
1035,4,1,109.99
1036,17,1,64.99
1037,8,2,64.99
1037,14,1,64.99
1038,31,1,24.99
1039,9,2,29.99
1039,21,1,29.99
1040,23,1,64.99
1040,10,1,109.99
1041,2,1,64.99
1041,3,1,29.99
1041,12,1,29.99
1042,23,1,64.99
1042,2,1,64.99
1043,15,1,29.99
1043,22,1,109.99
1044,6,3,29.99
1044,5,1,64.99
1044,4,2,109.99
1045,1,1,109.99
1046,22,1,109.99
1046,4,1,109.99
1046,9,1,29.99
1046,25,1,16.99
1047,16,1,109.99
1048,5,1,64.99
1049,32,1,9.99
1050,23,1,64.99
1050,14,1,64.99
1051,6,2,29.99
1052,11,1,64.99
1052,12,1,29.99
1053,23,3,64.99
1053,27,1,39.99
1054,18,1,29.99
1054,32,1,9.99
1055,11,2,64.99
1056,22,1,109.99
1056,23,1,64.99
1057,10,1,109.99
1058,30,2,50
1059,19,1,109.99
1060,17,2,64.99
1061,28,1,89.99
1061,9,1,29.99
1061,8,1,64.99
1062,20,1,64.99
1063,23,1,64.99
1064,10,1,109.99
1065,10,1,109.99
1065,24,1,29.99
1066,20,1,64.99
1066,21,2,29.99
1067,5,1,64.99
1067,25,1,16.99
1068,22,1,109.99
1068,4,1,109.99
1068,20,1,64.99
1069,8,1,64.99
1070,32,1,9.99
1070,11,2,64.99
1071,7,1,109.99
1072,24,2,29.99
1073,22,1,109.99
1073,23,1,64.99
1074,15,2,29.99
1074,9,1,29.99
1075,14,2,64.99
1076,6,2,29.99
1076,22,1,109.99
1077,10,1,109.99
1077,18,1,29.99
1078,24,1,29.99
1078,17,2,64.99
1079,31,1,24.99
1079,8,1,64.99
1080,20,1,64.99
1080,8,1,64.99
1081,5,1,64.99
1081,12,2,29.99
1082,19,1,109.99
1082,9,1,29.99
1083,2,1,64.99
1084,32,1,9.99
1085,15,1,29.99
1085,2,1,64.99
1086,7,2,109.99
1086,9,1,29.99
1087,23,1,64.99
1088,2,2,64.99
1089,4,1,109.99
1090,3,1,29.99
1091,17,1,64.99
1092,3,1,29.99
1093,5,1,64.99
1093,6,1,29.99
1093,4,1,109.99
1094,1,2,109.99
1095,28,1,89.99
1095,29,1,25
1096,25,1,16.99
1096,21,1,29.99
1096,10,1,109.99
1096,1,1,109.99
1097,17,2,64.99
1098,4,1,109.99
1099,13,1,109.99
1100,26,1,19.99
1101,25,1,16.99
1101,27,1,39.99
1102,6,1,29.99
1102,14,3,64.99
1102,20,1,64.99
1102,15,1,29.99
1103,22,1,109.99
1103,23,1,64.99
1104,23,1,64.99
1104,12,1,29.99
1105,16,1,109.99
1105,18,1,29.99
1105,7,1,109.99
1106,19,1,109.99
1106,4,1,109.99
1107,15,1,29.99
1108,3,1,29.99
1108,6,2,29.99
1109,1,1,109.99
1109,6,2,29.99
1110,10,1,109.99
1111,7,1,109.99
1111,8,1,64.99
1111,9,1,29.99
1112,3,1,29.99
1113,12,2,29.99
1114,8,1,64.99
1114,19,1,109.99
1115,10,1,109.99
1115,1,2,109.99
1116,30,1,50
1116,13,1,109.99
1117,9,1,29.99
1117,7,1,109.99
1117,27,1,39.99
1118,4,1,109.99
1118,9,1,29.99
1118,19,3,109.99
1119,9,1,29.99
1119,22,1,109.99
1119,24,1,29.99
1119,23,1,64.99
1120,12,1,29.99
1121,24,1,29.99
1121,6,1,29.99
1122,24,1,29.99
1122,8,2,64.99
1123,21,1,29.99
1124,7,1,109.99
1125,5,2,64.99
1125,1,1,109.99
1126,6,1,29.99
1126,8,1,64.99
1126,14,1,64.99
1127,22,1,109.99
1127,16,1,109.99
1127,24,1,29.99
1128,4,3,109.99
1129,24,1,29.99
1129,20,1,64.99
1130,1,1,109.99
1131,18,1,29.99
1132,18,1,29.99
1133,2,1,64.99
1134,3,1,29.99
1135,13,1,109.99
1136,9,1,29.99
1136,8,1,64.99
1137,9,1,29.99
1138,5,2,64.99
1139,24,1,29.99
1140,29,1,25
1140,21,1,29.99
1140,7,1,109.99
1140,20,1,64.99
1141,1,2,109.99
1141,27,1,39.99
1142,15,1,29.99
1143,24,1,29.99
1144,29,1,25
1144,7,1,109.99
1145,2,2,64.99
1145,30,1,50
1145,15,1,29.99
1146,12,1,29.99
1147,5,1,64.99
1148,13,1,109.99
1148,30,1,50
1149,7,2,109.99
1150,7,1,109.99
1151,1,1,109.99
1152,11,1,64.99
1153,23,1,64.99
1153,22,1,109.99
1153,30,1,50
1154,31,1,24.99
1155,31,1,24.99
1155,25,1,16.99
1156,9,1,29.99
1156,10,3,109.99
1157,22,1,109.99
1158,9,1,29.99
1159,17,1,64.99
1160,12,2,29.99
1161,10,2,109.99
1162,10,1,109.99
1162,4,1,109.99
1163,5,1,64.99
1164,5,2,64.99
1164,24,2,29.99
1165,27,1,39.99
1166,30,1,50
1166,13,1,109.99
1167,8,1,64.99
1168,16,1,109.99
1168,21,1,29.99
1168,17,1,64.99
1168,30,2,50
1169,23,1,64.99
1169,28,2,89.99
1170,23,1,64.99
1170,2,1,64.99
1170,19,1,109.99
1171,4,1,109.99
1172,29,1,25
1173,15,1,29.99
1173,14,1,64.99
1174,10,1,109.99
1174,26,1,19.99
1175,12,1,29.99
1175,30,1,50
1176,7,1,109.99
1177,18,1,29.99
1178,1,1,109.99
1179,3,1,29.99
1180,15,1,29.99
1181,14,1,64.99
1181,15,1,29.99
1181,5,1,64.99
1182,1,1,109.99
1182,26,1,19.99
1183,9,3,29.99
1184,4,1,109.99
1184,3,1,29.99
1184,26,2,19.99
1184,23,1,64.99
1185,23,1,64.99
1186,21,1,29.99
1187,1,1,109.99
1188,11,1,64.99
1189,5,1,64.99
1190,27,1,39.99
1190,22,1,109.99
1190,24,1,29.99
1191,1,1,109.99
1191,6,2,29.99
1191,4,2,109.99
1191,2,1,64.99
1192,25,1,16.99
1193,14,2,64.99
1194,29,1,25
1195,4,1,109.99
1196,30,1,50
1197,16,1,109.99
1198,13,1,109.99
1199,20,1,64.99
1199,19,1,109.99
1200,31,1,24.99
1201,23,2,64.99
1202,25,3,16.99
1203,18,1,29.99
1204,15,1,29.99
1204,14,1,64.99
1204,27,1,39.99
1204,13,1,109.99
1205,4,1,109.99
1206,11,1,64.99
1206,10,1,109.99
1206,12,1,29.99
1207,27,1,39.99
1207,1,1,109.99
1208,29,1,25
1208,31,1,24.99
1208,26,1,19.99
1208,21,1,29.99
1209,15,1,29.99
1210,11,1,64.99
1211,5,1,64.99
1211,7,1,109.99
1212,2,3,64.99
1213,5,1,64.99
1214,14,1,64.99
1214,3,1,29.99
1215,3,1,29.99
1216,27,1,39.99
1217,14,1,64.99
1217,32,1,9.99
1218,11,2,64.99
1219,19,1,109.99
1220,14,1,64.99
1220,21,1,29.99
1221,19,2,109.99
1221,17,1,64.99
1222,14,1,64.99
1222,32,2,9.99
1223,32,1,9.99
1224,9,2,29.99
1225,16,1,109.99
1225,25,2,16.99
1225,17,1,64.99
1226,7,1,109.99
1226,25,1,16.99
1227,7,1,109.99
1227,26,1,19.99
1228,23,1,64.99
1228,21,1,29.99
1228,31,1,24.99
1229,17,2,64.99
1230,19,1,109.99
1230,2,1,64.99
1231,24,1,29.99
1232,17,1,64.99
1232,19,1,109.99
1233,1,1,109.99
1234,11,1,64.99
1234,22,1,109.99
1234,16,1,109.99
1235,6,3,29.99
1236,5,1,64.99
1237,27,1,39.99
1238,28,1,89.99
1239,29,1,25
1239,27,2,39.99
1240,20,1,64.99
1240,25,1,16.99
1240,16,1,109.99
1241,9,1,29.99
1242,8,1,64.99
1242,24,1,29.99
1242,20,1,64.99
1243,9,2,29.99
1244,25,1,16.99
1244,20,1,64.99
1244,27,1,39.99
1245,22,1,109.99
1246,29,1,25
1246,30,1,50
1247,28,1,89.99
1247,13,1,109.99
1248,6,1,29.99
1249,9,1,29.99
1249,6,2,29.99
1250,28,1,89.99
1251,3,1,29.99
1252,26,3,19.99
1253,29,1,25
1254,32,2,9.99
1254,23,1,64.99
1255,9,1,29.99
1256,21,1,29.99
1257,10,2,109.99
1258,23,1,64.99
1258,22,1,109.99
1258,16,1,109.99
1259,23,1,64.99
1259,25,1,16.99
1259,16,1,119.99
1260,3,1,29.99
1261,3,3,29.99
1261,2,1,64.99
1262,6,1,29.99
1263,22,1,119.99
1264,6,1,29.99
1264,21,1,29.99
1265,6,1,29.99
1265,32,1,9.99
1266,12,1,29.99
1266,8,1,64.99
1266,21,1,29.99
1267,9,1,29.99
1268,27,1,39.99
1268,10,1,119.99
1269,25,1,16.99
1269,14,2,64.99
1269,24,1,29.99
1270,24,1,29.99
1271,25,1,16.99
1271,9,1,29.99
1272,21,3,29.99
1273,21,3,29.99
1274,11,1,64.99
1274,10,1,119.99
1274,12,1,29.99
1275,32,1,9.99
1276,22,2,119.99
1276,13,1,119.99
1276,18,1,29.99
1277,13,1,119.99
1278,21,1,29.99
1279,13,2,119.99
1280,27,1,39.99
1280,6,1,29.99
1281,30,1,50
1282,20,1,64.99
1283,8,1,64.99
1283,2,3,64.99
1283,10,2,119.99
1284,12,1,29.99
1285,24,1,29.99
1285,17,1,64.99
1286,19,1,119.99
1286,26,1,19.99
1286,22,1,119.99
1286,2,1,64.99
1287,22,1,119.99
1288,4,1,119.99
1289,17,1,64.99
1289,16,1,119.99
1290,16,1,119.99
1290,31,1,24.99
1291,25,1,16.99
1291,5,1,64.99
1292,7,1,119.99
1292,10,1,119.99
1293,22,1,119.99
1294,3,1,29.99
1295,30,1,50
1295,26,1,19.99
1295,13,1,119.99
1295,19,1,119.99
1296,4,1,119.99
1297,18,1,29.99
1297,14,1,64.99
1298,22,1,119.99
1299,7,1,119.99
1299,3,1,29.99
1300,21,1,29.99
1300,20,1,64.99
1300,28,2,89.99
1301,11,1,64.99
1302,7,1,119.99
1302,8,1,64.99
1302,11,1,64.99
1303,13,1,119.99
1303,6,1,29.99
1304,14,1,64.99
1304,15,1,29.99
1305,16,1,119.99
1306,10,1,119.99
1306,8,1,64.99
1307,30,1,50
1307,24,1,29.99
1308,22,1,119.99
1309,31,1,24.99
1309,29,1,25
1310,19,1,119.99
1311,13,1,119.99
1311,20,1,64.99
1311,9,1,29.99
1311,2,1,64.99
1312,1,1,119.99
1312,13,1,119.99
1313,5,2,64.99
1314,7,1,119.99
1315,30,1,50
1316,19,1,119.99
1317,19,1,119.99
1318,3,1,29.99
1318,19,1,119.99
1319,15,1,29.99
1320,32,1,9.99
1321,9,1,29.99
1321,12,2,29.99
1321,17,2,64.99
1322,8,1,64.99
1323,25,1,16.99
1324,7,1,119.99
1324,9,1,29.99
1325,30,1,50
1325,5,1,64.99
1326,24,1,29.99
1327,19,1,119.99
1327,20,1,64.99
1328,23,1,64.99
1328,26,1,19.99
1329,21,1,29.99
1329,12,1,29.99
1329,13,1,119.99
1330,7,1,119.99
1331,22,1,119.99
1332,17,1,64.99
1332,6,1,29.99
1333,24,1,29.99
1334,3,1,29.99
1335,11,1,64.99
1336,5,1,64.99
1337,20,1,64.99
1338,15,1,29.99
1339,23,1,64.99
1339,29,1,25
1340,8,1,64.99
1340,29,1,25
1340,27,1,39.99
1341,10,1,119.99
1342,16,1,119.99
1343,16,1,119.99
1344,11,1,64.99
1345,12,1,29.99
1346,17,1,64.99
1346,16,1,119.99
1347,2,1,64.99
1348,24,1,29.99
1349,24,1,29.99
1349,28,1,89.99
1350,19,1,119.99
1351,14,2,64.99
1351,13,1,119.99
1352,18,1,29.99
1352,31,1,24.99
1353,6,1,29.99
1354,2,2,64.99
1355,4,1,119.99
1356,7,2,119.99
1357,3,1,29.99
1357,8,1,64.99
1358,5,1,64.99
1358,17,1,64.99
1359,30,1,50
1359,19,1,119.99
1360,24,1,29.99
1361,6,1,29.99
1361,5,1,64.99
1362,25,1,16.99
1363,16,1,119.99
1364,11,1,64.99
1365,18,1,29.99
1366,4,1,119.99
1366,32,1,9.99
1366,27,1,39.99
1367,16,1,119.99
1367,18,1,29.99
1368,30,1,50
1369,30,1,50
1370,16,2,119.99
1370,19,1,119.99
1371,31,1,24.99
1372,30,1,50
1372,10,1,119.99
1373,16,1,119.99
1374,17,1,64.99
1374,10,1,119.99
1374,21,1,29.99
1375,25,1,16.99
1376,22,1,119.99
1376,2,1,64.99
1377,22,1,119.99
1378,3,1,29.99
1378,12,1,29.99
1379,24,1,29.99
1380,24,1,29.99
1380,23,1,64.99
1381,32,1,9.99
1381,13,1,119.99
1382,19,1,119.99
1383,1,1,119.99
1384,20,1,64.99
1385,4,1,119.99
1386,10,1,119.99
1387,6,1,29.99
1388,13,1,119.99
1388,26,1,19.99
1388,15,1,29.99
1389,22,1,119.99
1389,4,2,119.99
1389,10,1,119.99
1390,26,1,19.99
1391,22,1,119.99
1391,4,1,119.99
1392,28,1,89.99
1393,6,2,29.99
1394,30,1,50
1395,10,1,119.99
1395,11,2,64.99
1396,19,1,119.99
1397,24,1,29.99
1398,20,1,64.99
1398,29,1,25
1399,11,2,64.99
1400,2,1,64.99
1401,11,1,64.99
1402,25,1,16.99
1403,19,1,119.99
1403,26,1,19.99
1403,10,1,119.99
1403,11,1,64.99
1404,16,1,119.99
1404,31,1,24.99
1404,21,1,29.99
1405,24,1,29.99
1406,20,1,64.99
1406,21,1,29.99
1406,7,1,119.99
1407,27,1,39.99
1408,18,1,29.99
1408,32,1,9.99
1409,10,1,119.99
1409,7,1,119.99
1410,17,1,64.99
1411,7,1,119.99
1411,24,1,29.99
1412,30,1,50
1412,4,1,119.99
1412,20,1,64.99
1413,8,1,64.99
1414,5,2,64.99
1414,25,1,16.99
1414,3,1,29.99
1415,15,1,29.99
1416,25,1,16.99
1417,19,1,119.99
1417,20,1,64.99
1417,21,3,29.99
1418,11,1,64.99
1418,12,1,29.99
1418,16,1,119.99
1419,23,1,64.99
1420,25,1,16.99
1420,24,1,29.99
1420,11,1,64.99
1420,16,1,119.99
1421,14,1,64.99
1421,23,1,64.99
1421,32,3,9.99
1422,4,1,119.99
1423,4,1,119.99
1423,5,1,64.99
1424,24,1,29.99
1425,12,1,29.99
1426,15,1,29.99
1426,29,1,25
1426,8,1,64.99
1427,20,1,64.99
1428,9,1,29.99
1429,12,1,29.99
1429,10,1,119.99
1429,21,1,29.99
1429,16,1,119.99
1430,17,2,64.99
1431,15,1,29.99
1431,13,1,119.99
1432,19,1,119.99
1432,7,1,119.99
1433,10,1,119.99
1434,25,1,16.99
1434,1,2,119.99
1435,32,1,9.99
1435,27,1,39.99
1435,21,1,29.99
1435,20,1,64.99
1436,32,1,9.99
1437,29,1,25
1437,22,1,119.99
1438,1,1,119.99
1438,16,1,119.99
1439,16,1,119.99
1439,11,1,64.99
1439,4,2,119.99
1439,22,1,119.99
1440,6,2,29.99
1440,3,1,29.99
1441,11,1,64.99
1442,14,1,64.99
1443,18,1,29.99
1443,16,2,119.99
1444,8,1,64.99
1445,9,1,29.99
1445,23,1,64.99
1445,12,1,29.99
1446,29,1,25
1446,18,1,29.99
1447,20,2,64.99
1448,16,2,119.99
1448,14,1,64.99
1448,23,1,64.99
1448,1,2,119.99
1449,15,1,29.99
1449,5,1,64.99
1450,13,1,119.99
1450,26,1,19.99
1451,23,1,64.99
1451,8,2,64.99
1452,12,1,29.99
1452,11,1,64.99
1453,11,1,64.99
1453,32,3,9.99
1453,3,1,29.99
1454,7,3,119.99
1455,21,1,29.99
1456,13,1,119.99
1457,8,1,64.99
1457,21,1,29.99
1457,4,1,119.99
1457,26,1,19.99
1458,19,1,119.99
1459,11,1,64.99
1459,1,2,119.99
1459,7,1,119.99
1460,20,1,64.99
1460,13,1,119.99
1461,10,1,119.99
1462,6,1,29.99
1463,7,1,119.99
1464,24,2,29.99
1464,11,1,64.99
1465,27,1,39.99
1466,5,1,64.99
1467,16,1,119.99
1467,17,1,64.99
1468,18,1,29.99
1469,22,1,119.99
1469,16,1,119.99
1469,21,1,29.99
1470,18,1,29.99
1470,32,1,9.99
1470,20,1,64.99
1471,31,1,24.99
1471,21,1,29.99
1472,29,2,25
1473,4,1,119.99
1473,27,1,39.99
1473,14,1,64.99
1474,8,1,64.99
1475,1,1,119.99
1476,21,1,29.99
1477,12,2,29.99
1478,27,1,39.99
1478,12,1,29.99
1479,4,1,119.99
1480,3,1,29.99
1481,17,2,64.99
1481,16,2,119.99
1482,21,2,29.99
1483,13,1,119.99
1483,15,1,29.99
1483,14,1,64.99
1484,21,1,29.99
1485,26,1,19.99
1486,22,1,119.99
1487,8,1,64.99
1488,23,1,64.99
1489,11,1,64.99
1489,12,2,29.99
1490,17,1,64.99
1491,24,1,29.99
1492,4,3,119.99
1493,24,1,29.99
1493,18,1,29.99
1494,10,2,119.99
1494,12,1,29.99
1494,15,1,29.99
1495,25,1,16.99
1496,11,1,64.99
1497,8,1,64.99
1498,2,1,64.99
1498,6,1,29.99
1499,13,1,119.99
1500,19,1,119.99
1501,2,1,64.99
1501,1,1,119.99
1502,22,2,119.99
1503,16,1,119.99
1504,15,1,29.99
1505,24,1,29.99
1506,19,1,119.99
1507,5,1,64.99
1508,8,1,64.99
1508,25,1,16.99
1508,13,1,119.99
1508,12,1,29.99
1509,12,1,29.99
1510,11,1,64.99
1511,17,2,64.99
1512,10,1,119.99
1513,24,2,29.99
1514,24,1,29.99
1514,23,1,64.99
1514,25,1,16.99
1514,22,1,119.99
1515,22,1,119.99
1516,23,1,64.99
1516,18,1,29.99
1516,17,1,64.99
1516,22,1,119.99
1517,6,1,29.99
1517,14,1,64.99
1517,21,1,29.99
1518,20,3,64.99
1519,10,2,119.99
1520,5,2,64.99
1521,7,1,119.99
1522,18,1,29.99
1522,28,1,89.99
1523,29,1,25
1523,6,1,29.99
1524,14,1,64.99
1525,8,3,64.99
1525,2,1,64.99
1525,17,1,64.99
1525,16,1,119.99
1526,21,2,29.99
1527,16,1,119.99
1528,18,1,29.99
1528,3,1,29.99
1529,5,1,64.99
1529,7,1,119.99
1529,9,1,29.99
1530,27,2,39.99
1531,24,2,29.99
1531,16,1,119.99
1532,9,1,29.99
1533,17,1,64.99
1534,19,1,119.99
1535,16,1,119.99
1536,13,1,119.99
1537,21,1,29.99
1538,30,1,50
1539,15,1,29.99
1540,3,1,29.99
1540,20,2,64.99
1540,2,1,64.99
1541,22,1,119.99
1541,31,1,24.99
1542,15,1,29.99
1543,26,2,19.99
1544,9,1,29.99
1544,7,1,119.99
1545,9,1,29.99
1546,28,1,89.99
1547,31,2,24.99
1547,1,1,119.99
1548,6,1,29.99
1549,2,1,64.99
1549,20,1,64.99
1550,22,1,119.99
1551,30,1,50
1552,20,1,64.99
1553,9,1,29.99
1553,24,1,29.99
1554,25,1,16.99
1554,14,1,64.99
1555,21,1,29.99
1555,18,1,29.99
1555,32,3,9.99
1556,1,1,119.99
1557,1,1,119.99
1558,31,1,24.99
1559,24,1,29.99
1560,14,1,64.99
1560,5,1,64.99
1561,18,1,29.99
1562,19,1,119.99
1563,11,1,64.99
1563,22,1,119.99
1564,14,2,64.99
1565,20,1,64.99
1566,3,1,29.99
1567,9,1,29.99
1568,21,1,29.99
1568,27,1,39.99
1568,24,1,29.99
1568,19,1,119.99
1569,22,1,119.99
1570,31,1,24.99
1570,20,1,64.99
1571,12,1,29.99
1571,11,1,64.99
1572,11,2,64.99
1572,12,2,29.99
1573,23,1,64.99
1574,12,1,29.99
1575,6,1,29.99
1575,12,1,29.99
1575,32,1,9.99
1575,26,1,19.99
1576,8,1,64.99
1577,23,1,64.99
1578,24,1,29.99
1578,29,1,25
1579,26,1,19.99
1580,14,1,64.99
1581,2,1,64.99
1582,23,1,64.99
1583,31,1,24.99
1584,12,1,29.99
1584,6,1,29.99
1585,14,1,64.99
1585,12,1,29.99
1585,6,1,29.99
1585,11,1,64.99
1586,9,1,29.99
1586,18,1,29.99
1587,2,1,64.99
1588,12,1,29.99
1589,2,1,64.99
1590,13,1,119.99
1591,4,1,119.99
1592,7,1,119.99
1592,8,1,64.99
1593,6,1,29.99
1594,7,3,119.99
1595,22,1,119.99
1596,30,3,50
1596,13,1,119.99
1597,1,1,119.99
1598,6,1,29.99
1599,11,1,64.99
1599,29,1,25
1600,23,1,64.99
1600,9,1,29.99
1600,25,1,16.99
1601,16,1,119.99
1601,18,2,29.99
1602,2,1,64.99
1602,10,1,119.99
1603,11,1,64.99
1603,1,2,119.99
1603,14,1,64.99
1604,10,1,119.99
1604,31,1,24.99
1605,19,1,119.99
1605,27,2,39.99
1605,11,1,64.99
1606,2,1,64.99
1606,4,1,119.99
1607,21,2,29.99
1608,22,1,119.99
1608,27,1,39.99
1609,6,1,29.99
1609,30,2,50
1610,1,1,119.99
1611,9,1,29.99
1611,22,1,119.99
1612,20,1,64.99
1613,29,1,25
1613,9,1,29.99
1613,7,1,119.99
1613,8,3,64.99
1614,19,1,119.99
1615,9,1,29.99
1616,16,1,119.99
1617,15,1,29.99
1618,31,1,24.99
1618,32,1,9.99
1618,15,1,29.99
1619,25,1,16.99
1620,6,1,29.99
1620,20,1,64.99
1620,11,1,64.99
1621,29,1,25
1621,22,1,119.99
1621,23,2,64.99
1621,32,1,9.99
1622,26,1,19.99
1623,26,2,19.99
1624,1,1,119.99
1625,17,1,64.99
1625,12,1,29.99
1626,22,1,119.99
1626,21,1,29.99
1626,30,3,50
1627,13,1,119.99
1627,14,1,64.99
1628,18,1,29.99
1629,26,1,19.99
1630,4,1,119.99
1630,12,1,29.99
1631,15,1,29.99
1631,26,1,19.99
1632,20,1,64.99
1632,21,1,29.99
1633,4,1,119.99
1633,2,1,64.99
1634,3,1,29.99
1634,30,1,50
1635,9,3,29.99
1636,10,1,119.99
1636,32,1,9.99
1636,19,1,119.99
1637,5,1,64.99
1637,3,1,29.99
1638,13,3,119.99
1639,10,1,119.99
1639,25,1,16.99
1640,6,1,29.99
1640,30,1,50
1641,12,1,29.99
1641,18,1,29.99
1641,14,1,64.99
1642,26,2,19.99
1643,17,1,64.99
1644,3,1,29.99
1645,6,1,29.99
1646,25,1,16.99
1646,29,1,25
1647,8,1,64.99
1648,3,1,29.99
1649,7,1,119.99
1650,16,1,119.99
1650,19,2,119.99
1651,1,1,119.99
1651,9,1,29.99
1652,16,1,119.99
1652,21,1,29.99
1653,26,1,19.99
1654,1,1,119.99
1655,30,1,50
1655,29,1,25
1656,1,1,119.99
1656,14,1,64.99
1657,28,1,89.99
1657,7,1,119.99
1658,2,1,64.99
1659,13,1,119.99
1660,11,1,64.99
1661,12,2,29.99
1662,25,2,16.99
1663,4,2,119.99
1663,5,1,64.99
1663,6,1,29.99
1663,27,1,39.99
1664,27,1,39.99
1664,24,1,29.99
1665,1,1,119.99
1665,6,1,29.99
1666,7,1,119.99
1666,11,1,64.99
1667,30,1,50
1668,7,1,119.99
1669,17,1,64.99
1670,11,2,64.99
1671,16,2,119.99
1671,8,2,64.99
1672,12,1,29.99
1673,9,1,29.99
1674,11,1,64.99
1675,9,1,29.99
1676,30,1,50
1676,7,1,119.99
1677,12,1,29.99
1678,2,1,64.99
1679,24,1,29.99
1679,19,1,119.99
1680,4,1,119.99
1680,14,1,64.99
1681,11,1,64.99
1682,12,1,29.99
1682,2,1,64.99
1682,23,2,64.99
1682,10,2,119.99
1683,29,1,25
1684,5,2,64.99
1685,12,1,29.99
1686,6,2,29.99
1687,20,1,64.99
1687,9,1,29.99
1687,32,1,9.99
1687,7,2,119.99
1688,15,2,29.99
1688,13,1,119.99
1688,30,1,50
1688,14,1,64.99
1689,7,1,119.99
1690,25,1,16.99
1691,10,1,119.99
1692,12,1,29.99
1693,11,2,64.99
1693,10,1,119.99
1694,16,1,119.99
1694,2,1,64.99
1695,17,1,64.99
1696,16,1,119.99
1696,3,1,29.99
1696,18,1,29.99
1697,5,1,64.99
1697,30,1,50
1698,1,1,119.99
1699,6,1,29.99
1700,26,1,19.99
1701,7,1,119.99
1702,24,1,29.99
1703,4,1,119.99
1703,23,1,64.99
1704,7,1,119.99
1705,16,3,119.99
1705,32,1,9.99
1706,25,2,16.99
1707,25,1,16.99
1708,20,1,64.99
1709,15,1,29.99
1709,28,2,89.99
1710,30,1,50
1711,5,2,64.99
1712,10,1,119.99
1712,2,1,64.99
1712,3,1,29.99
1713,4,2,119.99
1714,11,1,64.99
1714,18,2,29.99
1715,30,1,50
1715,1,1,119.99
1716,26,1,19.99
1716,7,1,119.99
1717,13,1,119.99
1718,19,1,119.99
1718,4,1,119.99
1719,6,1,29.99
1720,28,1,89.99
1720,7,1,119.99
1721,4,1,119.99
1721,10,3,119.99
1722,13,3,119.99
1723,7,1,119.99
1723,10,1,119.99
1723,8,1,64.99
1723,3,1,29.99
1724,26,1,19.99
1724,3,2,29.99
1725,17,1,64.99
1725,26,1,19.99
1726,1,2,119.99
1727,3,1,29.99
1728,9,1,29.99
1728,5,1,64.99
1728,13,1,119.99
1728,29,1,25
1729,14,3,64.99
1730,5,1,64.99
1731,10,1,119.99
1731,12,1,29.99
1732,9,1,29.99
1732,16,1,119.99
1732,12,1,29.99
1733,5,1,64.99
1734,19,2,119.99
1735,32,1,9.99
1735,8,1,64.99
1736,10,1,119.99
1737,19,2,119.99
1738,20,1,64.99
1738,16,1,119.99
1738,19,1,119.99
1738,12,1,29.99
1739,5,2,64.99
1739,2,1,64.99
1740,32,1,9.99
1740,27,1,39.99
1741,10,1,119.99
1741,12,1,29.99
1742,17,1,64.99
1742,18,1,29.99
1742,30,1,50
1743,21,1,29.99
1744,16,2,119.99
1745,13,1,119.99
1746,4,1,119.99
1747,23,1,64.99
1748,25,1,16.99
1749,22,1,119.99
1749,9,2,29.99
1749,8,1,64.99
1749,3,1,29.99
1750,31,1,24.99
1751,21,2,29.99
1752,4,2,119.99
1752,10,3,119.99
1753,22,1,119.99
1754,17,1,64.99
1755,18,1,29.99
1755,2,1,64.99
1755,32,1,9.99
1756,8,1,64.99
1757,18,1,29.99
1757,1,1,119.99
1758,29,1,25
1758,21,1,29.99
1759,4,1,119.99
1759,6,1,29.99
1760,5,1,64.99
1761,20,1,64.99
1762,17,1,64.99
1762,18,1,29.99
1763,19,1,119.99
1764,8,2,64.99
1764,24,1,29.99
1765,8,1,64.99
1765,13,1,119.99
1765,16,1,119.99
1766,8,1,64.99
1767,11,1,64.99
1768,8,1,64.99
1768,13,1,119.99
1768,19,1,119.99
1768,1,1,119.99
1769,12,1,29.99
1769,2,1,64.99
1770,11,2,64.99
1771,6,1,29.99
1771,16,1,119.99
1772,6,1,29.99
1772,5,1,64.99
1773,1,1,119.99
1774,4,1,119.99
1774,6,1,29.99
1775,23,1,64.99
1775,22,1,119.99
1775,24,1,29.99
1776,19,2,119.99
1777,3,2,29.99
1778,29,1,25
1778,13,1,119.99
1778,14,2,64.99
1778,15,1,29.99
1779,17,1,64.99
1779,1,3,119.99
1780,11,1,64.99
1781,1,1,119.99
1782,30,1,50
1782,10,1,119.99
1782,1,1,119.99
1783,18,1,29.99
1783,23,1,64.99
1783,31,1,24.99
1783,16,1,119.99
1784,12,1,29.99
1784,16,1,119.99
1785,15,1,29.99
1785,14,2,64.99
1786,28,1,89.99
1787,4,1,119.99
1788,21,1,29.99
1788,20,1,64.99
1789,23,1,64.99
1790,1,1,119.99
1790,28,1,89.99
1790,2,1,64.99
1790,10,1,119.99
1791,23,3,64.99
1792,7,1,119.99
1793,5,1,64.99
1794,14,1,64.99
1794,7,1,119.99
1795,7,1,119.99
1796,30,1,50
1797,28,1,89.99
1797,25,1,16.99
1798,23,1,64.99
1799,25,1,16.99
1800,8,1,64.99
1801,18,1,29.99
1801,17,1,64.99
1801,25,1,16.99
1802,2,1,64.99
1803,23,1,64.99
1803,24,2,29.99
1804,10,2,119.99
1804,6,1,29.99
1805,3,1,29.99
1806,3,2,29.99
1807,4,1,119.99
1808,27,1,39.99
1808,28,2,89.99
1808,2,1,64.99
1809,5,1,64.99
1809,25,1,16.99
1809,18,1,29.99
1809,13,1,119.99
1810,12,1,29.99
1811,19,1,119.99
1811,32,1,9.99
1812,22,2,119.99
1812,3,1,29.99
1813,14,1,64.99
1814,6,1,29.99
1815,8,1,64.99
1815,20,1,64.99
1815,9,1,29.99
1816,10,1,119.99
1817,16,1,119.99
1817,18,1,29.99
1817,19,2,119.99
1818,27,1,39.99
1819,23,1,64.99
1820,4,1,119.99
1820,6,1,29.99
1821,11,1,64.99
1822,29,1,25
1823,21,1,29.99
1824,5,1,64.99
1825,4,1,119.99
1825,6,1,29.99
1825,5,1,64.99
1825,10,1,119.99
1826,6,1,29.99
1827,32,1,9.99
1828,7,3,119.99
1828,1,1,119.99
1829,11,1,64.99
1830,10,2,119.99
1830,12,1,29.99
1830,11,1,64.99
1831,22,1,119.99
1831,24,2,29.99
1832,17,1,64.99
1833,15,1,29.99
1834,23,1,64.99
1835,19,1,119.99
1835,17,1,64.99
1836,5,1,64.99
1837,25,1,16.99
1838,31,1,24.99
1838,16,1,119.99
1839,19,1,119.99
1840,28,1,89.99
1840,9,1,29.99
1841,22,1,119.99
1842,19,1,119.99
1842,8,1,64.99
1843,20,2,64.99
1843,21,1,29.99
1844,9,1,29.99
1844,11,1,64.99
1844,20,1,64.99
1845,11,1,64.99
1845,26,1,19.99
1846,10,1,119.99
1847,1,1,119.99
1848,26,1,19.99
1848,16,1,119.99
1849,22,1,119.99
1849,1,1,119.99
1850,1,1,119.99
1850,13,1,119.99
1851,5,1,64.99
1852,3,1,29.99
1853,31,1,24.99
1854,6,1,29.99
1855,6,1,29.99
1856,32,2,9.99
1856,31,1,24.99
1857,14,1,64.99
1857,13,1,119.99
1858,16,1,119.99
1859,22,1,119.99
1859,3,1,29.99
1859,11,1,64.99
1859,20,1,64.99
1860,7,1,119.99
1861,26,1,19.99
1862,15,1,29.99
1862,14,2,64.99
1863,2,1,64.99
1864,20,1,64.99
1865,4,1,119.99
1866,10,2,119.99
1866,6,1,29.99
1866,11,1,64.99
1867,14,1,64.99
1868,28,1,89.99
1868,25,1,16.99
1869,19,1,119.99
1869,25,1,16.99
1869,2,1,64.99
1870,8,1,64.99
1871,10,1,119.99
1872,10,2,119.99
1873,11,1,64.99
1873,17,1,64.99
1874,29,1,25
1874,13,1,119.99
1874,11,1,64.99
1874,27,1,39.99
1875,17,1,64.99
1876,7,1,119.99
1877,1,1,119.99
1877,21,1,29.99
1878,2,1,64.99
1878,23,1,64.99
1879,1,1,119.99
1880,31,1,24.99
1880,2,1,64.99
1880,10,1,119.99
1881,1,1,119.99
1882,2,1,64.99
1882,22,1,119.99
1882,14,1,64.99
1883,3,1,29.99
1883,1,1,119.99
1883,6,1,29.99
1884,20,1,64.99
1884,17,1,64.99
1885,3,1,29.99
1885,2,1,64.99
1885,12,1,29.99
1885,8,1,64.99
1886,20,1,64.99
1887,18,1,29.99
1887,15,1,29.99
1887,6,1,29.99
1888,6,1,29.99
1889,1,1,119.99
1889,24,1,29.99
1889,21,1,29.99
1890,24,1,29.99
1890,3,1,29.99
1891,10,1,119.99
1891,11,1,64.99
1892,24,2,29.99
1892,8,2,64.99
1893,7,1,119.99
1894,7,1,119.99
1894,11,1,64.99
1894,29,1,25
1894,26,1,19.99
1895,15,1,29.99
1896,23,1,64.99
1897,10,1,119.99
1898,20,1,64.99
1898,19,1,119.99
1899,13,1,119.99
1899,18,1,29.99
1899,3,1,29.99
1900,4,1,119.99
1900,10,1,119.99
1901,31,1,24.99
1902,26,1,19.99
1903,7,1,119.99
1903,13,1,119.99
1903,15,1,29.99
1903,5,1,64.99
1904,13,2,119.99
1904,18,1,29.99
1904,20,1,64.99
1904,16,1,119.99
1905,18,1,29.99
1906,5,1,64.99
1907,11,2,64.99
1907,12,1,29.99
1908,1,1,119.99
1908,7,1,119.99
1909,16,1,119.99
1910,18,1,29.99
1910,14,2,64.99
1911,8,2,64.99
1911,19,1,119.99
1912,12,1,29.99
1912,1,1,119.99
1913,24,1,29.99
1914,26,1,19.99
1914,25,1,16.99
1914,12,1,29.99
1915,9,1,29.99
1916,23,1,64.99
1916,3,1,29.99
1917,25,1,16.99
1917,12,1,29.99
1918,24,1,29.99
1918,22,1,119.99
1919,1,1,119.99
1919,21,1,29.99
1920,20,2,64.99
1920,19,1,119.99
1920,14,1,64.99
1921,26,1,19.99
1922,3,1,29.99
1923,3,1,29.99
1923,31,2,24.99
1924,32,3,9.99
1924,21,1,29.99
1924,16,1,119.99
1925,7,2,119.99
1925,9,1,29.99
1926,12,1,29.99
1926,9,1,29.99
1927,28,1,89.99
1927,19,1,119.99
1927,10,1,119.99
1927,8,1,64.99
1928,28,2,89.99
1928,16,1,119.99
1929,15,2,29.99
1930,1,1,119.99
1931,14,1,64.99
1931,20,1,64.99
1931,15,1,29.99
1931,3,2,29.99
1932,31,1,24.99
1933,30,1,50
1934,2,1,64.99
1934,19,1,119.99
1935,28,1,89.99
1936,23,1,64.99
1937,28,1,89.99
1937,7,1,119.99
1938,12,1,29.99
1938,4,1,119.99
1939,12,3,29.99
1939,10,1,119.99
1939,11,1,64.99
1939,22,1,119.99
1940,31,1,24.99
1941,23,1,64.99
1941,26,1,19.99
1942,17,1,64.99
1943,21,1,29.99
1943,3,1,29.99
1944,32,1,9.99
1944,18,1,29.99
1944,19,1,119.99
1945,15,1,29.99
1946,20,1,64.99
1947,31,1,24.99
1947,11,1,64.99
1948,10,1,119.99
1949,11,1,64.99
1950,12,1,29.99
1951,16,1,119.99
1951,9,2,29.99
1951,22,2,119.99
1951,17,1,64.99
1952,23,1,64.99
1952,25,2,16.99
1953,20,1,64.99
1954,29,2,25
1954,5,1,64.99
1955,6,1,29.99
1956,30,1,50
1957,15,1,29.99
1957,8,1,64.99
1958,16,1,119.99
1958,31,1,24.99
1959,23,2,64.99
1960,13,2,119.99
1961,21,2,29.99
1961,8,1,64.99
1962,3,1,29.99
1963,17,1,64.99
1964,5,1,64.99
1965,19,1,119.99
1965,10,1,119.99
1966,25,1,16.99
1967,15,1,29.99
1968,18,1,29.99
1969,8,2,64.99
1969,15,1,29.99
1969,22,1,119.99
1969,5,1,64.99
1970,6,1,29.99
1971,16,1,119.99
1972,28,1,89.99
1972,21,1,29.99
1972,27,1,39.99
1973,7,1,119.99
1974,18,1,29.99
1975,23,1,64.99
1975,22,1,119.99
1976,16,1,119.99
1977,23,1,64.99
1977,17,1,64.99
1978,24,1,29.99
1979,18,1,29.99
1980,27,1,39.99
1981,8,1,64.99
1982,14,1,64.99
1982,12,1,29.99
1983,9,2,29.99
1984,6,1,29.99
1985,29,1,25
1985,17,1,64.99
1985,19,1,119.99
1986,27,1,39.99
1986,6,2,29.99
1987,25,1,16.99
1988,26,1,19.99
1989,31,1,24.99
1989,3,1,29.99
1989,17,1,64.99
1989,32,2,9.99
1990,5,1,64.99
1991,10,1,119.99
1991,20,1,64.99
1992,13,1,119.99
1993,18,1,29.99
1993,17,1,64.99
1994,14,1,64.99
1995,18,1,29.99
1996,3,1,29.99
1996,24,1,29.99
1997,12,1,29.99
1997,23,1,64.99
1998,32,2,9.99
1999,10,1,119.99
2000,4,1,119.99
2001,15,1,29.99
2001,28,2,89.99
2002,4,1,119.99
2002,14,1,64.99
2002,3,1,29.99
2002,21,1,29.99
2003,12,2,29.99
2004,9,1,29.99
2004,18,1,29.99
2004,27,1,39.99
2005,3,2,29.99
2005,1,1,119.99
2006,14,1,64.99
2007,11,1,64.99
2008,22,1,119.99
2009,5,1,64.99
2010,31,1,24.99
2011,7,1,119.99
2011,5,3,64.99
2012,14,1,64.99
2013,7,2,119.99
2013,15,2,29.99
2014,3,1,29.99
2014,6,2,29.99
2015,16,1,119.99
2016,15,1,29.99
2016,14,1,64.99
2017,20,1,64.99
2017,3,1,29.99
2018,25,1,16.99
2018,20,1,64.99
2019,12,1,29.99
2020,1,2,119.99
2021,3,1,29.99
2022,18,1,29.99
2022,6,1,29.99
2023,17,1,64.99
2023,28,1,89.99
2024,8,1,64.99
2025,6,1,29.99
2025,5,1,64.99
2026,24,1,29.99
2026,27,1,39.99
2027,4,2,119.99
2027,9,1,29.99
2027,16,1,119.99
2027,26,1,19.99
2028,8,1,64.99
2029,16,1,119.99
2030,19,1,119.99
2031,27,1,39.99
2031,30,1,50
2032,27,1,39.99
2032,14,1,64.99
2032,4,1,119.99
2032,20,1,64.99
2033,21,1,29.99
2033,27,1,39.99
2033,13,1,119.99
2033,17,1,64.99
2034,1,1,119.99
2034,2,1,64.99
2035,5,1,64.99
2035,2,1,64.99
2035,22,1,119.99
2036,21,1,29.99
2037,26,1,19.99
2038,3,1,29.99
2038,27,1,39.99
2039,11,1,64.99
2039,13,1,119.99
2040,7,2,119.99
2041,4,1,119.99
2042,6,1,29.99
2043,3,1,29.99
2043,20,1,64.99
2044,5,1,64.99
2045,21,1,29.99
2045,20,1,64.99
2046,29,2,25
2046,15,1,29.99
2047,23,2,64.99
2048,27,2,39.99
2049,20,1,64.99
2050,13,2,119.99
2050,3,1,29.99
2051,28,1,89.99
2052,6,1,29.99
2052,5,1,64.99
2052,7,1,119.99
2053,23,1,64.99
2054,28,2,89.99
2055,12,1,29.99
2056,12,1,29.99
2057,32,2,9.99
2058,7,1,119.99
2059,8,1,64.99
2059,9,1,29.99
2060,26,1,19.99
2060,14,1,64.99
2061,24,1,29.99
2061,8,2,64.99
2062,5,3,64.99
2062,11,1,64.99
2062,4,2,119.99
2063,26,1,19.99
2063,9,2,29.99
2064,28,1,89.99
2064,5,2,64.99
2064,8,2,64.99
2065,4,1,119.99
2066,26,1,19.99
2066,20,1,64.99
2067,5,1,64.99
2068,3,2,29.99
2069,17,2,64.99
2070,24,1,29.99
2070,22,1,119.99
2071,23,1,64.99
2072,22,2,119.99
2073,22,1,119.99
2073,24,3,29.99
2074,31,2,24.99
2074,27,1,39.99
2075,23,1,64.99
2075,10,1,119.99
2075,22,2,119.99
2075,11,2,64.99
2076,15,1,29.99
2076,14,1,64.99
2077,5,1,64.99
2078,12,1,29.99
2079,25,1,16.99
2080,15,1,29.99
2080,23,1,64.99
2081,13,1,119.99
2082,2,1,64.99
2083,25,1,16.99
2084,6,1,29.99
2085,12,1,29.99
2086,5,1,64.99
2087,12,1,29.99
2087,7,2,119.99
2088,7,1,119.99
2089,22,1,119.99
2090,26,1,19.99
2090,18,2,29.99
2090,31,1,24.99
2091,8,1,64.99
2092,3,1,29.99
2093,10,1,119.99
2094,21,2,29.99
2094,1,1,119.99
2095,18,1,29.99
2095,17,1,64.99
2096,11,1,64.99
2097,20,1,64.99
2098,2,1,64.99
2099,9,1,29.99
2099,7,1,119.99
2099,8,3,64.99
2100,30,1,50
2100,18,1,29.99
2101,20,2,64.99
2101,27,1,39.99
2102,2,1,64.99
2102,7,1,119.99
2103,8,1,64.99
2103,29,1,25
2104,17,1,64.99
2104,4,1,119.99
2105,12,1,29.99
2105,9,1,29.99
2106,21,1,29.99
2106,17,1,64.99
2106,9,3,29.99
2107,16,1,119.99
2107,13,1,119.99
2108,11,1,64.99
2109,7,1,119.99
2110,11,1,64.99
2111,15,1,29.99
2111,8,1,64.99
2112,4,1,119.99
2113,19,1,119.99
2113,6,1,29.99
2113,4,1,119.99
2113,12,1,29.99
2114,14,1,64.99
2114,32,1,9.99
2115,10,1,119.99
2115,24,1,29.99
2116,32,2,9.99
2116,23,1,64.99
2117,13,1,119.99
2118,11,1,64.99
2119,32,1,9.99
2119,27,1,39.99
2119,5,2,64.99
2120,5,1,64.99
2120,3,1,29.99
2120,28,2,89.99
2120,21,2,29.99
2121,9,1,29.99
2122,21,1,29.99
2122,20,1,64.99
2122,19,1,119.99
2123,17,1,64.99
2124,31,1,24.99
2124,10,1,119.99
2125,29,1,25
2126,22,1,119.99
2127,29,1,25
2127,25,1,16.99
2128,11,1,64.99
2129,24,1,29.99
2129,14,2,64.99
2129,15,1,29.99
2129,23,1,64.99
2130,22,1,119.99
2131,11,1,64.99
2132,32,1,9.99
2133,15,2,29.99
2133,11,1,64.99
2134,4,1,119.99
2134,30,1,50
2135,19,1,119.99
2135,27,1,39.99
2136,7,1,119.99
2136,30,2,50
2136,5,1,64.99
2136,6,1,29.99
2137,23,1,64.99
2137,14,1,64.99
2137,5,2,64.99
2137,19,1,119.99
2138,1,2,119.99
2138,17,1,64.99
2139,16,1,119.99
2139,27,1,39.99
2140,15,1,29.99
2141,29,1,25
2142,26,1,19.99
2143,11,1,64.99
2143,7,2,119.99
2144,12,1,29.99
2144,18,2,29.99
2145,9,1,29.99
2145,6,1,29.99
2146,16,1,119.99
2147,11,1,64.99
2147,18,1,29.99
2148,14,1,64.99
2149,20,1,64.99
2150,23,1,64.99
2151,10,1,119.99
2151,8,2,64.99
2152,30,1,50
2152,20,1,64.99
2153,16,1,119.99
2153,14,1,64.99
2153,24,1,29.99
2154,6,2,29.99
2154,5,1,64.99
2154,4,1,119.99
2155,21,1,29.99
2155,22,1,119.99
2156,8,1,64.99
2156,7,1,119.99
2157,10,2,119.99
2157,14,1,64.99
2157,27,1,39.99
2158,32,1,9.99
2158,31,1,24.99
2159,17,1,64.99
2159,18,2,29.99
2159,4,1,119.99
2159,2,1,64.99
2160,10,1,119.99
2161,6,1,29.99
2162,31,1,24.99
2163,11,1,64.99
2164,18,1,29.99
2164,4,1,119.99
2165,13,1,119.99
2165,10,2,119.99
2166,2,1,64.99
2167,17,1,64.99
2167,9,1,29.99
2168,7,1,119.99
2168,23,1,64.99
2169,30,1,50
2169,18,1,29.99
2169,24,1,29.99
2169,3,1,29.99
2170,17,2,64.99
2171,7,1,119.99
2171,3,1,29.99
2171,1,1,119.99
2172,3,1,29.99
2173,29,2,25
2174,16,1,119.99
2174,3,1,29.99
2175,32,1,9.99
2175,17,2,64.99
2176,14,1,64.99
2177,6,1,29.99
2178,21,1,29.99
2179,14,1,64.99
2180,6,2,29.99
2181,16,1,119.99
2182,13,1,119.99
2182,29,1,25
2183,22,1,119.99
2184,14,1,64.99
2185,14,1,64.99
2185,6,1,29.99
2186,26,1,19.99
2187,23,2,64.99
2187,3,1,29.99
2187,2,1,64.99
2188,9,1,29.99
2188,20,1,64.99
2189,19,1,119.99
2189,27,1,39.99
2189,2,1,64.99
2190,30,2,50
2191,18,1,29.99
2191,5,1,64.99
2191,25,2,16.99
2192,3,2,29.99
2192,8,1,64.99
2193,28,2,89.99
2194,9,1,29.99
2194,14,2,64.99
2194,13,1,119.99
2195,12,1,29.99
2196,10,1,119.99
2196,19,1,119.99
2197,5,1,64.99
2198,17,1,64.99
2199,6,1,29.99
2199,4,1,119.99
2200,2,1,64.99
2200,13,1,119.99
2201,17,1,64.99
2202,20,1,64.99
2202,4,1,119.99
2203,13,2,119.99
2204,5,1,64.99
2204,28,1,89.99
2205,20,3,64.99
2206,14,1,64.99
2206,16,1,119.99
2207,21,1,29.99
2207,9,1,29.99
2208,20,1,64.99
2208,19,1,119.99
2209,14,1,64.99
2210,19,1,119.99
2210,13,1,119.99
2211,4,1,119.99
2212,4,1,119.99
2212,20,1,64.99
2213,29,1,25
2213,3,2,29.99
2213,12,1,29.99
2214,7,1,119.99
2215,11,2,64.99
2216,4,2,119.99
2216,7,1,119.99
2217,10,1,119.99
2218,1,1,119.99
2219,9,1,29.99
2219,7,1,119.99
2219,8,1,64.99
2220,27,1,39.99
2221,13,3,119.99
2221,9,2,29.99
2221,2,1,64.99
2221,20,1,64.99
2222,4,1,119.99
2223,23,1,64.99
2223,20,1,64.99
2224,28,1,89.99
2224,31,1,24.99
2225,21,1,29.99
2226,10,1,119.99
2226,24,1,29.99
2227,23,2,64.99
2228,2,1,64.99
2228,26,1,19.99
2228,27,1,39.99
2228,29,1,25
2229,6,2,29.99
2229,12,1,29.99
2230,1,1,119.99
2230,11,1,64.99
2230,21,3,29.99
2231,28,1,89.99
2231,1,1,119.99
2232,10,1,119.99
2233,12,1,29.99
2234,7,1,119.99
2234,6,1,29.99
2235,11,1,64.99
2236,12,1,29.99
2236,31,1,24.99
2236,5,2,64.99
2237,7,1,119.99
2238,12,1,29.99
2238,11,1,64.99
2239,5,1,64.99
2239,7,1,119.99
2240,23,1,64.99
2240,15,3,29.99
2241,3,3,29.99
2242,17,2,64.99
2243,18,1,29.99
2243,15,1,29.99
2243,13,1,119.99
2244,24,1,29.99
2245,11,1,64.99
2245,10,2,119.99
2245,24,1,29.99
2246,8,1,64.99
2247,29,1,25
2248,14,2,64.99
